app_id,ssn,zip_code,income,homeownership,purchases,credit_limit,fico,num_late,past_def,num_bankruptcy,avg_income,density
565887.0,149028659.0,45050.0,21000.0,1,11392.2795207274,12000.0,879.0,1.0,0.0,0.0,80718.9858642845,21.6907841286542
885020.0,885011963.0,73029.0,51000.0,1,20262.4258284039,21700.0,613.0,1.0,0.0,0.0,73822.9938407615,0.324828077331426
142273.0,982218235.0,96590.0,49000.0,1,12701.6447545371,27800.0,681.0,0.0,0.0,0.0,80839.4629806249,445.814609607274
707094.0,652118855.0,32882.0,17000.0,1,6274.59047355031,8800.0,752.0,0.0,0.0,0.0,36691.9808481582,46.6982185428704
724171.0,347303159.0,26651.0,71000.0,0,6865.85223722829,6900.0,644.0,3.0,0.0,0.0,69307.4556437663,23.2576282786885
197677.0,356611737.0,65485.0,49000.0,1,21824.2315913231,26900.0,564.0,0.0,0.0,0.0,74557.9001198926,447.882039006165
650162.0,569298604.0,17517.0,77000.0,1,2157.38645737651,10600.0,693.0,2.0,0.0,0.0,43464.4167586362,511.484040859861
538510.0,129365981.0,97279.0,38000.0,1,4356.37154738117,19500.0,715.0,1.0,0.0,0.0,55897.4947109771,516.998395060053
722965.0,857627770.0,70357.0,101000.0,1,5153.91654676109,17400.0,819.0,0.0,0.0,0.0,56754.4014444003,0.979739382031909
342054.0,841784841.0,74567.0,80000.0,1,4909.0907413259,37100.0,627.0,0.0,0.0,0.0,30739.1754637545,203.987018596599
356211.0,923283534.0,80393.0,100000.0,0,7275.02808122619,7300.0,720.0,1.0,0.0,0.0,50352.8473789895,997.678030479632
869745.0,888614768.0,53062.0,24000.0,1,39841.473607051,40600.0,494.0,1.0,1.0,1.0,27913.8255559723,23.4478716298223
725659.0,729872742.0,82143.0,64000.0,1,8384.89400053147,8400.0,607.0,2.0,0.0,0.0,63338.7080041456,32.6784349243111
153678.0,270398081.0,24754.0,53000.0,0,5827.86631368421,9600.0,631.0,1.0,0.0,0.0,49917.1849927847,41.6275122373712
934112.0,630293908.0,69981.0,80000.0,0,8114.26444938464,10600.0,668.0,1.0,0.0,0.0,71641.0573229969,627.13448299527
619712.0,842659057.0,28928.0,102000.0,1,1075.41193582592,10200.0,644.0,0.0,0.0,0.0,83365.4006397735,117.442398309048
562199.0,693951195.0,16004.0,55000.0,1,4121.67624884157,11600.0,593.0,0.0,0.0,0.0,53091.3658156501,9.02154080938497
546499.0,920900007.0,98215.0,38000.0,0,20589.3217831427,23700.0,531.0,2.0,0.0,0.0,58622.7858637452,408.392101690729
318683.0,707050679.0,80141.0,64000.0,1,10724.6161409192,23600.0,601.0,0.0,0.0,0.0,68882.4821779721,805.737308688824
173095.0,492308897.0,46279.0,55000.0,1,8322.28720157053,24800.0,890.0,0.0,0.0,0.0,40709.9445835901,56.1724940315214
526233.0,205353880.0,66836.0,81000.0,1,1549.40372351871,22400.0,855.0,0.0,0.0,0.0,60181.5358257112,3.34756885963904
427021.0,213264023.0,54961.0,53000.0,1,1844.40579309147,9200.0,663.0,2.0,0.0,0.0,55863.8553762368,1147.8648057169
703341.0,198189246.0,50564.0,37000.0,1,11667.4766745673,24500.0,651.0,0.0,0.0,0.0,71516.9171932645,44.5348010132538
381188.0,134336138.0,51392.0,45000.0,1,7970.95097265178,26000.0,650.0,1.0,0.0,0.0,74221.6238983769,93.7226482205775
541834.0,635357103.0,96204.0,35000.0,1,4969.38795331348,10800.0,822.0,0.0,0.0,0.0,89244.9779185179,182.730145900216
535728.0,817440704.0,56297.0,53000.0,1,4544.42025997191,21700.0,833.0,0.0,0.0,0.0,78504.8032427448,1023.62094366204
860994.0,878897325.0,30185.0,67000.0,1,5838.32499493073,25800.0,706.0,0.0,0.0,0.0,86408.1008194594,2.91334516271618
487956.0,314118410.0,18697.0,81000.0,1,16537.1073556158,31900.0,584.0,1.0,0.0,0.0,63658.3928887985,1292.93210271802
333669.0,695112118.0,65283.0,71000.0,1,22103.6309841938,37500.0,624.0,0.0,0.0,0.0,51344.3883914554,363.161150778972
720314.0,265030669.0,70850.0,94000.0,1,1220.22662444798,25700.0,785.0,1.0,0.0,0.0,58731.5971240988,945.120127165845
163444.0,736764150.0,25114.0,116000.0,1,24477.7037753076,27600.0,765.0,0.0,0.0,0.0,31851.1587026876,1800.29297490908
312551.0,923773081.0,18935.0,31000.0,0,14169.8891922101,14200.0,807.0,2.0,0.0,0.0,77985.2867808158,98.479873457051
952941.0,855030959.0,98680.0,72000.0,1,5345.15796798558,12500.0,654.0,1.0,0.0,0.0,57446.8495318814,228.611241593913
604745.0,252686679.0,15299.0,40000.0,0,1599.9890993449,1600.0,628.0,2.0,0.0,0.0,60630.0285564177,3.14596656464706
358963.0,558898139.0,73088.0,80000.0,1,6852.7368767087,9500.0,650.0,0.0,0.0,0.0,50411.3666355387,107.795202715788
201588.0,330081650.0,92168.0,41000.0,0,14778.1631105472,27100.0,738.0,3.0,0.0,0.0,68158.3996879288,214.817017023746
467490.0,847119068.0,97796.0,70000.0,1,15406.6644505567,27700.0,629.0,1.0,0.0,0.0,53123.4625730058,97.5310276957291
153365.0,395605094.0,15887.0,68000.0,1,3210.08035362636,23200.0,826.0,2.0,0.0,0.0,48239.9951047324,508.18774745964
139135.0,491851886.0,40136.0,98000.0,0,20050.4669517411,22500.0,530.0,3.0,0.0,0.0,39517.7293967343,17.1580770290276
590507.0,560771396.0,91055.0,76000.0,1,9315.71236664307,15800.0,840.0,0.0,0.0,0.0,54240.790946131,1061.13283435754
218938.0,608720800.0,43244.0,40000.0,1,3099.52438835158,3100.0,351.0,1.0,2.0,2.0,57597.5572422917,135.233488769261
501458.0,305673761.0,50556.0,32000.0,1,9831.8749360121,28700.0,715.0,1.0,0.0,0.0,76586.7777497989,0.776090585208736
967232.0,801142717.0,33333.0,38000.0,1,4042.99196215858,31200.0,662.0,0.0,0.0,0.0,55312.2291099174,7.83671210787947
259276.0,521637393.0,46154.0,100000.0,1,1664.29976608952,19800.0,602.0,1.0,0.0,0.0,78358.0604303065,5.19646367040866
577889.0,328167394.0,91503.0,55000.0,1,3868.93075933995,8600.0,557.0,1.0,0.0,0.0,59759.4761344154,0.589223732333545
594094.0,686748426.0,15797.0,25000.0,0,28286.6084746621,28300.0,736.0,0.0,0.0,0.0,58850.2896548875,2610.0595884674
151806.0,774758899.0,85450.0,62000.0,1,1660.06474044609,16600.0,710.0,0.0,0.0,0.0,60242.8172538231,719.732109518774
529728.0,853485852.0,28162.0,54000.0,1,23873.6107731699,35500.0,864.0,0.0,0.0,0.0,61038.51367612,148.811998449802
587498.0,102203310.0,40025.0,79000.0,1,1315.90249714972,17600.0,618.0,0.0,0.0,0.0,61796.6999850168,172.679193600164
876431.0,127003001.0,15857.0,88000.0,0,9983.91716878221,12400.0,817.0,0.0,0.0,0.0,99236.651517794,55.1743860686846
117545.0,732362644.0,27254.0,57000.0,1,6178.67998769877,30100.0,424.0,3.0,2.0,2.0,42112.8781138518,192.364758222568
318626.0,755651643.0,70755.0,39000.0,1,6176.95627974172,15300.0,823.0,0.0,0.0,0.0,35620.6613000126,1512.02158089447
178377.0,328110977.0,59277.0,20000.0,1,20953.7749991469,21000.0,871.0,1.0,0.0,0.0,46221.7923563239,49.3381910902653
136327.0,837057220.0,63541.0,44000.0,1,5218.94829870715,11900.0,624.0,2.0,0.0,0.0,34212.8400593158,1070.50497152578
932651.0,696164355.0,45414.0,16000.0,1,24099.9874334414,24100.0,846.0,3.0,0.0,0.0,52674.0406672816,44.339816659753
757254.0,296455934.0,12552.0,103000.0,0,13307.1314309447,13500.0,816.0,0.0,0.0,0.0,53325.2612761111,67.5169752798386
113087.0,848114225.0,15985.0,68000.0,1,8895.21432707288,25200.0,560.0,1.0,0.0,0.0,63213.2254119204,835.79091947286
518411.0,283266461.0,95042.0,53000.0,1,2135.10570398298,11800.0,643.0,0.0,0.0,0.0,60159.5888475487,249.831791727921
837633.0,228827511.0,94080.0,26000.0,1,27700.2439881408,29400.0,638.0,0.0,0.0,0.0,54962.5861422628,6.38826102422479
211357.0,918288065.0,49420.0,71000.0,1,1560.50688536099,9800.0,711.0,0.0,0.0,0.0,75740.8071886007,32.84182930682
308103.0,120828656.0,21182.0,73000.0,1,6577.83696093006,37900.0,706.0,2.0,1.0,1.0,61674.8853993703,45.5730485923031
696624.0,911062099.0,11284.0,62000.0,1,8592.14229854456,16200.0,707.0,0.0,0.0,0.0,64927.177705096,483.141521806232
877312.0,446864938.0,34703.0,51000.0,1,4459.25789789273,4500.0,550.0,1.0,0.0,0.0,67861.3541600546,507.664232023132
159094.0,264338738.0,71130.0,25000.0,1,3897.76375221351,15000.0,813.0,0.0,0.0,0.0,61093.3566693574,287.777458454827
892851.0,482189041.0,22412.0,65000.0,1,7320.27342891885,37100.0,582.0,0.0,0.0,0.0,77093.8818699894,457.654179117517
953831.0,463428305.0,44667.0,40000.0,1,3451.34561941225,14800.0,848.0,0.0,0.0,0.0,57708.4439983244,36.3504179431099
155556.0,817611356.0,60388.0,81000.0,1,1373.97247717524,20900.0,833.0,2.0,0.0,0.0,43232.4017778635,28.4659890310284
118829.0,940510013.0,90482.0,67000.0,1,2548.66239995078,28600.0,670.0,0.0,0.0,0.0,73598.4518539374,6.65535970414857
917648.0,906310959.0,22165.0,59000.0,0,19559.5624268598,34800.0,599.0,0.0,0.0,0.0,60187.6285167077,86.9111061553762
304221.0,477135472.0,54574.0,61000.0,1,3866.70431637744,37100.0,872.0,0.0,0.0,0.0,40603.1039696371,2327.08957115346
167031.0,543586781.0,97208.0,84000.0,1,5407.01267391062,12000.0,783.0,2.0,0.0,0.0,55927.5181110582,520.24775857912
392332.0,939841271.0,64914.0,43000.0,0,11799.4040607719,11800.0,542.0,3.0,0.0,0.0,48139.0141954312,2954.31763946763
988939.0,134724649.0,35521.0,82000.0,0,8925.43569642614,10200.0,859.0,0.0,0.0,0.0,66339.1912804331,1013.29883171733
319181.0,181804712.0,41784.0,92000.0,0,6911.30106590551,34800.0,760.0,1.0,0.0,0.0,68399.440348073,787.756262285687
315016.0,235915103.0,16211.0,60000.0,0,11974.7653175324,13000.0,825.0,2.0,0.0,0.0,53644.2346617983,379.450394518938
425964.0,525030195.0,34107.0,88000.0,1,12736.336576449,13300.0,880.0,0.0,0.0,0.0,90190.2885906097,196.484797720196
786603.0,923507673.0,65300.0,44000.0,0,11644.7637810463,15800.0,774.0,0.0,0.0,0.0,49991.6577869555,1.63056856557979
442754.0,648145682.0,44809.0,80000.0,0,21646.620748597,22600.0,727.0,1.0,0.0,0.0,79861.1867369809,1126.3050258944
371104.0,376153824.0,55395.0,110000.0,1,2164.64768624116,24300.0,704.0,0.0,0.0,0.0,69057.3867510203,1575.63959557895
780327.0,369859269.0,59107.0,57000.0,1,3910.42442504917,30100.0,865.0,0.0,0.0,0.0,58178.4008892449,879.458056139506
811429.0,105625899.0,64460.0,73000.0,1,299.997863502114,300.0,655.0,1.0,0.0,0.0,72036.9504399881,246.07264734968
471630.0,270434354.0,63096.0,43000.0,0,25122.6851345067,26100.0,873.0,0.0,0.0,0.0,52321.0358924551,284.140357983835
836990.0,800143924.0,89474.0,45000.0,1,6860.68781532417,31400.0,586.0,0.0,0.0,0.0,29349.0254366115,201.021967115922
609526.0,615103305.0,76018.0,91000.0,0,10962.2085775763,23300.0,592.0,3.0,1.0,1.0,58709.1628889083,88.5705174155141
919642.0,707081715.0,37118.0,32000.0,1,11175.8321428165,11500.0,571.0,0.0,0.0,0.0,61240.1091347076,127.523464628559
361985.0,197786156.0,48497.0,44000.0,0,15075.4265795704,15100.0,662.0,0.0,0.0,0.0,59964.7031771583,517.377321702754
768582.0,386794651.0,30914.0,70000.0,1,4534.15181033336,21300.0,873.0,0.0,0.0,0.0,52140.4095037267,256.872929850544
220146.0,314552136.0,34813.0,55000.0,0,13142.2658565736,39100.0,680.0,1.0,0.0,0.0,51520.1115090137,9.85849032744699
509551.0,981835992.0,70513.0,104000.0,0,12629.1524565844,13000.0,652.0,2.0,1.0,1.0,70753.8461499221,28.9088550957677
413018.0,408627306.0,67923.0,56000.0,1,12374.35917168,18200.0,792.0,0.0,0.0,0.0,84449.3503414493,4.45595593277503
994878.0,693439797.0,52702.0,43000.0,1,22469.622588244,30900.0,828.0,2.0,0.0,0.0,54875.9215574433,10.9778724633023
791273.0,659660746.0,32650.0,56000.0,1,5922.70154087224,18300.0,642.0,3.0,2.0,1.0,78842.2078493304,140.20594604158
834858.0,955073341.0,18753.0,31000.0,1,11737.9601670787,14500.0,655.0,3.0,0.0,0.0,66252.3049426411,21.7374255779961
607383.0,267282965.0,95990.0,82000.0,0,19488.736682043,39800.0,486.0,2.0,1.0,1.0,80606.2456142171,353.338799673785
306753.0,346936472.0,20284.0,87000.0,0,16884.1276977471,20600.0,686.0,0.0,0.0,0.0,58982.3600775166,287.951747972176
562849.0,976618286.0,85033.0,69000.0,1,4084.61255841094,9000.0,843.0,0.0,0.0,0.0,65799.8047900111,563.773646081644
373002.0,299751002.0,95835.0,47000.0,0,2899.61210093974,2900.0,755.0,4.0,0.0,0.0,78142.3260829221,62.1792407015184
257794.0,171405300.0,59753.0,29000.0,1,10745.311777265,10800.0,595.0,0.0,0.0,0.0,58616.7092143934,97.1228405316623
381131.0,964323725.0,52867.0,48000.0,0,6284.58991185207,10100.0,692.0,1.0,0.0,0.0,35015.7977737957,17.6802158168999
772318.0,851497010.0,25704.0,102000.0,1,12395.914556274,12500.0,727.0,0.0,0.0,0.0,74631.0884331044,55.9178827173096
943305.0,892951335.0,52545.0,67000.0,1,8458.77171825951,8600.0,588.0,4.0,0.0,0.0,42840.7314025563,458.943647057657
240499.0,748353723.0,16573.0,52000.0,0,12576.6524839963,33800.0,584.0,0.0,0.0,0.0,54608.259611445,66.8783165337849
559708.0,217945542.0,97436.0,74000.0,1,1705.10583922518,11300.0,579.0,5.0,0.0,0.0,78142.5643308103,784.380388107623
406705.0,326571651.0,43113.0,24000.0,1,5213.7282804608,15100.0,545.0,2.0,0.0,0.0,62164.7437963882,346.115152553144
399659.0,282642254.0,17550.0,18000.0,0,18525.3258525189,18600.0,510.0,1.0,1.0,1.0,49663.4095313735,303.015060399559
477034.0,677763746.0,48731.0,18000.0,0,35141.7530831964,35300.0,550.0,0.0,0.0,0.0,46846.4424471958,17.4702520594728
537866.0,992277219.0,36301.0,73000.0,1,18931.4538520746,34500.0,860.0,3.0,0.0,0.0,58654.675100043,729.421063173142
228634.0,492756648.0,81178.0,73000.0,1,1763.03993111681,36100.0,392.0,1.0,1.0,2.0,55215.744339061,108.977467295804
965346.0,144864014.0,55280.0,29000.0,1,5907.51627225283,14100.0,666.0,1.0,0.0,0.0,64293.9740614534,304.517628283505
760445.0,395965298.0,53627.0,27000.0,1,2582.14109080304,9700.0,564.0,1.0,0.0,0.0,59783.7819994483,13.3546505689875
568272.0,597846999.0,29663.0,88000.0,1,8181.54943739376,8600.0,630.0,0.0,0.0,0.0,63849.474612874,43.1548044665642
319799.0,924084019.0,63039.0,29000.0,1,3953.84622429475,25600.0,570.0,0.0,0.0,0.0,64813.5031825894,1199.9380796041
672302.0,809618993.0,36588.0,43000.0,1,4265.68378917357,23800.0,860.0,1.0,0.0,0.0,53058.6838730505,147.956751494782
647430.0,147260104.0,90586.0,27000.0,1,6795.95287696263,6800.0,538.0,2.0,2.0,1.0,61643.6262722103,4.87905559654665
582295.0,320102985.0,43829.0,36000.0,1,18069.0276485964,18100.0,785.0,0.0,0.0,0.0,52771.7650290977,10.0415981807549
755683.0,728422325.0,52365.0,97000.0,1,23946.2666076102,39200.0,758.0,0.0,0.0,0.0,47858.3391533383,185.358578243886
832461.0,101458458.0,16217.0,53000.0,1,4546.80240393161,9600.0,507.0,5.0,0.0,0.0,96819.1582711794,104.837434778644
533256.0,758660926.0,91977.0,78000.0,1,4367.82883661204,14000.0,728.0,0.0,0.0,0.0,19705.119514986,1.47631857639448
755173.0,694043347.0,60521.0,45000.0,1,4106.05619554329,8600.0,820.0,0.0,0.0,0.0,79025.3266116284,129.43087914407
545209.0,177008913.0,44141.0,49000.0,1,4869.39045108425,35200.0,676.0,1.0,1.0,1.0,80528.5054585812,30.7136487612186
800278.0,362547577.0,56249.0,32000.0,0,34297.8431710633,39100.0,648.0,0.0,0.0,0.0,82707.2490319293,134.636697758996
609212.0,886232385.0,50183.0,78000.0,0,9283.36433848935,29900.0,694.0,2.0,1.0,1.0,71818.7545339824,79.493135609457
166563.0,595790735.0,42071.0,79000.0,1,3467.03047197561,3500.0,803.0,0.0,0.0,0.0,53746.4531599633,205.204306555
474769.0,346706668.0,71732.0,87000.0,1,20465.1371050813,20500.0,739.0,2.0,0.0,0.0,56264.4689369546,122.48808173239
358601.0,825719254.0,70260.0,54000.0,1,7593.98480832547,7600.0,544.0,1.0,1.0,1.0,64790.0299501312,36.9900528881782
767494.0,197487530.0,55527.0,42000.0,1,6468.8290429128,35900.0,881.0,0.0,0.0,0.0,55416.9909104256,3.5292669825005
559457.0,288986134.0,46429.0,61000.0,0,7330.61010228875,14900.0,788.0,4.0,0.0,0.0,45016.6334109602,48.912475861547
897833.0,338371149.0,50889.0,87000.0,1,11173.3144661328,16000.0,568.0,2.0,1.0,1.0,47018.8307316455,29.1270244675792
627533.0,518007582.0,71302.0,100000.0,1,20744.2131244154,22200.0,476.0,1.0,3.0,1.0,69539.4470140444,530.646846013228
210592.0,295618786.0,10984.0,65000.0,1,3724.22408609703,12900.0,706.0,0.0,0.0,0.0,74912.9215924051,1.9672174331172
309110.0,468559402.0,57218.0,23000.0,0,26435.3444263749,29700.0,542.0,3.0,0.0,0.0,37768.0825264278,470.016739735205
251521.0,910100943.0,49851.0,63000.0,1,17422.2071683339,37100.0,823.0,0.0,0.0,0.0,47462.4583607685,41.292938599632
890574.0,247549205.0,11579.0,77000.0,1,1940.2694318086,36400.0,627.0,0.0,0.0,0.0,57252.1588487152,12.7642697644931
117842.0,857967307.0,62324.0,67000.0,1,1318.85006525362,9800.0,822.0,1.0,0.0,0.0,86774.9970770506,62.1311382798301
762087.0,525208368.0,96521.0,62000.0,1,12797.8634496695,16600.0,884.0,0.0,0.0,0.0,64564.8261847226,1.2363874896084
742734.0,874789914.0,55884.0,46000.0,0,12874.0642106615,21400.0,588.0,0.0,0.0,0.0,55270.3403586591,93.1906254693777
728852.0,462019219.0,99209.0,80000.0,0,13762.597968065,31100.0,701.0,0.0,0.0,0.0,55438.4101640172,0.565080298797482
392477.0,980739801.0,65442.0,57000.0,1,11901.7738303159,12400.0,893.0,0.0,0.0,0.0,61037.9504916809,29.9665216892679
377983.0,446487481.0,74614.0,73000.0,0,7589.37555252314,17300.0,625.0,0.0,0.0,0.0,48215.6944684763,136.83576653874
428475.0,490946524.0,23782.0,73000.0,1,2847.25669322105,29100.0,564.0,0.0,0.0,0.0,31429.7670394859,65.49711634043
815431.0,699876678.0,78826.0,47000.0,1,21291.4796989508,21700.0,657.0,0.0,0.0,0.0,46957.7025100615,17.8896792600736
458008.0,815157065.0,69197.0,48000.0,1,8290.34416785856,8500.0,670.0,0.0,0.0,0.0,58514.2172147343,599.418036114366
914605.0,308878069.0,89583.0,80000.0,1,10121.9296782355,11500.0,849.0,2.0,0.0,0.0,80746.8604685184,799.768739529384
120276.0,545728946.0,19399.0,59000.0,0,7799.63684647849,7800.0,582.0,1.0,0.0,0.0,43713.7433716725,161.919534687934
797619.0,511411361.0,91528.0,58000.0,1,8800.92602306582,18000.0,654.0,0.0,0.0,0.0,75228.891122114,444.814745631809
291554.0,434126268.0,33678.0,72000.0,1,16897.0670616503,16900.0,690.0,0.0,0.0,0.0,37137.5683521521,106.469724623897
237430.0,223636737.0,92219.0,50000.0,1,8354.87525406939,18200.0,825.0,0.0,0.0,0.0,39672.4844006338,0.103202877412054
167972.0,488281104.0,11381.0,58000.0,1,5948.03525853505,25800.0,608.0,5.0,1.0,1.0,60501.0938405033,22.8108651775592
683362.0,988334618.0,35559.0,94000.0,1,6620.76687784756,17400.0,850.0,0.0,0.0,0.0,57146.4803471417,569.930389914983
412586.0,944727336.0,82102.0,68000.0,1,3690.29216840481,10100.0,606.0,1.0,0.0,0.0,75544.3776024769,156.860529478881
950798.0,290724470.0,80597.0,39000.0,0,7771.19976800299,10700.0,721.0,1.0,0.0,0.0,97934.0920194401,997.345886050016
644020.0,394587458.0,60898.0,56000.0,1,1396.52503869386,9200.0,876.0,0.0,0.0,0.0,44548.5476279299,1090.77407808587
961679.0,634578035.0,35753.0,50000.0,0,13025.9827106851,19400.0,477.0,2.0,1.0,3.0,42905.1201023914,6.33930174059659
476353.0,889555600.0,60675.0,83000.0,1,9775.78507837506,28400.0,700.0,0.0,0.0,0.0,48403.4821900488,333.696307686974
644166.0,914017779.0,94389.0,61000.0,1,1730.66292484664,14400.0,881.0,0.0,0.0,0.0,47209.582750678,140.05501461412
859002.0,580587502.0,60213.0,54000.0,1,10847.0137375838,15700.0,856.0,0.0,0.0,0.0,26351.3908513609,0.610527397029705
373538.0,146948956.0,70052.0,94000.0,1,11308.5188636418,14600.0,858.0,2.0,0.0,0.0,61291.5188280663,450.972424684234
814159.0,303333585.0,46267.0,80000.0,1,2263.17145635352,16700.0,706.0,0.0,0.0,0.0,48316.6105519438,127.013997160889
374433.0,119931426.0,91073.0,76000.0,1,999.93751613411,1000.0,728.0,0.0,0.0,0.0,70114.9265780152,3.23066740952075
912905.0,623948138.0,64381.0,17000.0,1,9784.50632790649,9900.0,731.0,1.0,0.0,0.0,43359.3449248628,100.698572533778
627950.0,754053788.0,99160.0,47000.0,1,13414.0793109797,14100.0,713.0,0.0,0.0,0.0,77633.3820003923,195.401324863731
328158.0,140510842.0,17888.0,53000.0,0,8786.48242673825,16000.0,893.0,0.0,0.0,0.0,29417.421694254,1522.94543896673
779847.0,521061938.0,81863.0,65000.0,1,10506.262167745,27800.0,787.0,0.0,0.0,0.0,88747.8142418182,1541.46673418244
266820.0,195549825.0,59067.0,50000.0,1,2473.534060168,15400.0,681.0,0.0,0.0,0.0,62075.696623215,166.575601264447
366131.0,310747964.0,75352.0,87000.0,0,13866.8506475747,16700.0,681.0,0.0,0.0,0.0,82547.0673823792,1002.03918701378
547237.0,114598416.0,98439.0,68000.0,0,14302.9949391659,37200.0,797.0,2.0,0.0,0.0,64372.1609520721,96.4444817530176
906722.0,103894240.0,29702.0,60000.0,0,6894.78687971201,9700.0,843.0,0.0,0.0,0.0,52535.7356546708,555.563905221452
269207.0,828566359.0,59667.0,68000.0,0,9899.88505000608,9900.0,460.0,1.0,1.0,1.0,53695.3263075049,1675.1477895281
840675.0,168443278.0,52099.0,93000.0,1,5119.68205512584,22800.0,552.0,0.0,0.0,0.0,61387.1562745736,645.88871940859
325274.0,264808059.0,48251.0,76000.0,0,6285.65008959545,8800.0,791.0,0.0,0.0,0.0,62423.8861211471,48.8588004920731
452309.0,711810016.0,37834.0,76000.0,0,13852.8708626543,41300.0,784.0,0.0,0.0,0.0,83094.4783151988,0.361490917552946
487751.0,930376383.0,57925.0,103000.0,0,9246.86849591794,24200.0,743.0,0.0,0.0,0.0,60552.9820786617,69.8239230752121
562179.0,617290535.0,45499.0,75000.0,1,3373.03785250576,41300.0,757.0,1.0,0.0,0.0,40992.0991915052,1112.95677357816
661209.0,226965194.0,59154.0,75000.0,1,6198.25834826428,38100.0,731.0,2.0,0.0,0.0,36731.404105218,64.3221886036563
644577.0,112529161.0,75133.0,60000.0,0,12097.8798690837,30600.0,893.0,0.0,0.0,0.0,53748.100950276,771.418369230757
751802.0,399463834.0,96039.0,75000.0,0,9768.73422401684,15000.0,590.0,1.0,0.0,0.0,67228.0466563516,1525.64774763349
806411.0,225169479.0,15809.0,58000.0,1,1801.64394519539,11000.0,764.0,2.0,0.0,0.0,57076.3062130772,431.708301992072
821250.0,302294966.0,61859.0,48000.0,1,17876.3050290484,20400.0,680.0,0.0,0.0,0.0,27995.6126840403,476.786317037581
626989.0,664161556.0,76950.0,65000.0,0,10619.662034677,13200.0,747.0,0.0,0.0,0.0,39616.2779050577,1006.38106582118
331493.0,450363849.0,42564.0,80000.0,1,6960.95287742845,30100.0,720.0,0.0,0.0,0.0,71310.1885757469,79.3820332105807
650758.0,994371534.0,63025.0,30000.0,1,20336.6696096382,39600.0,554.0,1.0,0.0,0.0,70789.9728208804,331.602791369929
531379.0,677152998.0,85441.0,77000.0,1,15024.9058911818,40400.0,763.0,1.0,0.0,0.0,33294.2554638765,2.89482774542824
862471.0,767597224.0,86439.0,3000.0,1,24347.9310284562,24400.0,672.0,0.0,0.0,0.0,91337.7594479017,36.8691976360405
524713.0,371885648.0,38691.0,92000.0,0,299.99997239808,300.0,707.0,0.0,0.0,0.0,52483.5885565309,19.1988153869372
339979.0,814789503.0,32824.0,48000.0,0,23760.9993131864,28400.0,571.0,5.0,2.0,1.0,93483.383940025,662.523319543511
863467.0,649405408.0,86707.0,46000.0,1,23637.2259278088,30500.0,634.0,1.0,0.0,0.0,43712.4649482587,333.64175164877
631595.0,700650596.0,64247.0,83000.0,0,6212.66295062853,16600.0,651.0,2.0,0.0,0.0,56932.9204103206,87.060504837857
909357.0,577800113.0,88040.0,50000.0,0,32802.0211623942,33200.0,823.0,1.0,0.0,0.0,59260.2736279793,265.075877906432
792247.0,100091104.0,65823.0,85000.0,1,2844.55595108636,32000.0,847.0,1.0,0.0,0.0,48566.0041757278,730.418510706321
633643.0,936911378.0,49077.0,12000.0,0,27581.3141438732,27600.0,618.0,0.0,0.0,0.0,54084.6519429506,1.68124218676086
756122.0,785679614.0,71141.0,61000.0,1,20016.3129472034,20200.0,620.0,1.0,0.0,0.0,85923.3638821437,0.423458594490146
641130.0,635237295.0,98384.0,27000.0,0,12047.1624029203,19500.0,759.0,0.0,0.0,0.0,50835.7210406856,468.378451833226
824724.0,741912827.0,50079.0,67000.0,1,17107.632356998,17500.0,358.0,3.0,3.0,1.0,30389.9635580584,20.7119853829
732309.0,983005893.0,13887.0,78000.0,0,13432.4704312475,22200.0,773.0,2.0,0.0,0.0,39513.7975056263,60.7145846186119
309886.0,439435136.0,19082.0,69000.0,0,8907.74336055941,11400.0,788.0,0.0,0.0,0.0,52502.405101734,0.836710431346398
435948.0,404481701.0,79976.0,60000.0,0,13636.8306805116,36000.0,842.0,2.0,0.0,0.0,53034.770794176,195.146612626142
667796.0,371284100.0,98701.0,92000.0,1,7835.07774185272,9700.0,690.0,1.0,0.0,0.0,62126.2716389119,35.117589697857
883292.0,354349609.0,97968.0,57000.0,1,13182.9951123058,18500.0,677.0,0.0,0.0,0.0,51018.6472523109,1361.51968527067
983792.0,962594365.0,57495.0,88000.0,1,9465.09509960199,23200.0,568.0,0.0,0.0,0.0,71013.9738331766,53.9003024495994
969941.0,121371203.0,33530.0,97000.0,1,27854.0448455028,32300.0,715.0,1.0,0.0,0.0,45146.7648642357,26.5586225593435
867458.0,170348374.0,22856.0,43000.0,1,13536.1152924827,32700.0,836.0,0.0,0.0,0.0,68381.5535927227,2071.09706127886
543097.0,924703340.0,84225.0,54000.0,1,12155.6676879504,26000.0,651.0,0.0,0.0,0.0,60817.0279714054,261.878771932561
676573.0,202696836.0,33632.0,59000.0,0,7333.95230369273,11400.0,621.0,1.0,0.0,0.0,53957.4138671548,6.64597104637682
405117.0,810447129.0,60951.0,35000.0,1,5199.90545322007,5200.0,655.0,1.0,1.0,1.0,86250.3065464809,0.0018103026391046
350348.0,340873410.0,82334.0,82000.0,1,2948.78582999554,32400.0,803.0,5.0,0.0,0.0,89203.9491691829,550.734449454346
474819.0,989362403.0,26174.0,43000.0,1,30732.8309790522,37300.0,727.0,0.0,0.0,0.0,60725.8422600827,65.4173231730196
584383.0,767470150.0,52682.0,16000.0,1,31597.422967006,31600.0,723.0,1.0,0.0,0.0,35960.5734443674,214.250295333381
542738.0,911776443.0,26698.0,23000.0,1,10984.7458804267,23400.0,639.0,0.0,0.0,0.0,64921.972407924,210.227132893742
316794.0,707929342.0,99424.0,103000.0,1,34596.4921791496,34800.0,622.0,0.0,0.0,0.0,63482.5034407477,46.5590055333988
324511.0,325127165.0,60045.0,6000.0,1,10373.55484921,12900.0,742.0,4.0,0.0,0.0,43913.0998557929,0.490975776222425
746721.0,784921266.0,18000.0,50000.0,1,12772.1419159986,17100.0,804.0,0.0,0.0,0.0,52367.3178814057,718.451916641079
531551.0,219869613.0,92161.0,82000.0,1,26989.3808661161,34800.0,880.0,1.0,0.0,0.0,46487.57713414,75.1511642541884
836143.0,135895391.0,70632.0,52000.0,0,15137.4455717264,29300.0,893.0,0.0,0.0,0.0,48539.095904136,333.673067925176
827928.0,287205552.0,29209.0,87000.0,0,9099.89518550041,11400.0,785.0,3.0,0.0,0.0,55418.5670898877,255.478310854879
333850.0,450811053.0,32096.0,35000.0,1,11233.2965043334,16600.0,567.0,1.0,1.0,1.0,57293.5700142794,222.670661187841
627525.0,101819983.0,95909.0,86000.0,1,2999.99797326095,3000.0,346.0,1.0,1.0,2.0,80535.2126776303,21.8918963539215
848446.0,531172899.0,48464.0,21000.0,1,16376.0568077828,25400.0,860.0,0.0,0.0,0.0,50125.0171226405,253.43197064796
301745.0,649294046.0,84074.0,65000.0,1,17319.4324497102,35000.0,769.0,0.0,0.0,0.0,79862.2334526959,621.29694624369
781276.0,762086861.0,42110.0,78000.0,1,8793.62869544731,18200.0,610.0,2.0,0.0,0.0,47345.3170161265,28.5299808203342
713777.0,529306414.0,39100.0,57000.0,1,5347.58951509754,11800.0,638.0,1.0,1.0,1.0,38741.3105163078,363.360675334161
342819.0,717264272.0,85526.0,43000.0,0,32841.8924996045,37100.0,893.0,0.0,0.0,0.0,64243.1368498251,5.37120282858051
917635.0,901781456.0,41377.0,83000.0,0,13599.9907318529,13600.0,686.0,2.0,0.0,0.0,41143.0947491483,98.4503248050337
176300.0,848808059.0,90005.0,99000.0,1,7251.36526808828,7300.0,644.0,0.0,0.0,0.0,53695.4351280219,659.177735692065
929046.0,963966086.0,36666.0,54000.0,1,8079.35079818329,17500.0,888.0,0.0,0.0,0.0,65637.4538991362,175.397793563144
217480.0,194169849.0,58214.0,69000.0,0,13825.9481539866,19400.0,585.0,0.0,0.0,0.0,65666.3158023451,438.164497961503
623462.0,218685982.0,90102.0,55000.0,1,20762.4062749303,29900.0,713.0,0.0,0.0,0.0,58293.1911060068,257.001830950725
243193.0,700317654.0,23130.0,48000.0,0,7039.28353248642,11700.0,870.0,0.0,0.0,0.0,47256.057183568,320.593301064529
553204.0,141962480.0,95533.0,82000.0,0,25174.3266278563,25500.0,572.0,1.0,0.0,0.0,36635.7831235876,226.236644955324
461296.0,879215450.0,56340.0,74000.0,1,7237.72791692201,12500.0,605.0,4.0,0.0,0.0,44876.202076955,192.450106179165
803798.0,636227304.0,14736.0,54000.0,1,4294.675724414,11700.0,865.0,0.0,0.0,0.0,69608.2811295798,407.351776575352
394826.0,920718026.0,86232.0,90000.0,1,7749.33992403313,18400.0,731.0,0.0,0.0,0.0,67401.6427950287,891.86875446353
126283.0,496846761.0,48909.0,32000.0,1,2575.303267949,10600.0,373.0,5.0,2.0,1.0,70420.2599620399,20.072120509894
166285.0,482201101.0,72046.0,99000.0,1,23883.4177056926,24200.0,632.0,0.0,0.0,0.0,33115.3808689891,4.17316734342079
158443.0,794227361.0,97379.0,68000.0,1,1450.53575729002,12200.0,501.0,2.0,2.0,1.0,47337.4750537114,409.198209176578
415007.0,647411787.0,72076.0,89000.0,1,1890.60708178366,14900.0,596.0,2.0,0.0,0.0,55802.1040499338,456.058184379438
364990.0,254996992.0,82231.0,51000.0,0,26661.6833509155,32100.0,857.0,1.0,0.0,0.0,49177.589795067,206.164763724182
831457.0,776161529.0,25186.0,73000.0,1,8195.54721142941,16100.0,593.0,0.0,0.0,0.0,48950.9532942502,142.971008249542
735911.0,167553878.0,57270.0,50000.0,1,3045.3657701643,37700.0,565.0,1.0,0.0,0.0,68881.8683534129,452.518547005327
526449.0,109518610.0,44009.0,48000.0,1,4537.13377958676,31700.0,831.0,0.0,0.0,0.0,75861.6001197099,1864.14790385562
260967.0,334807615.0,40081.0,14000.0,0,299.99999952916,300.0,603.0,5.0,0.0,0.0,90924.394368493,0.273700522255178
185938.0,586550113.0,90728.0,38000.0,1,4626.67666538755,15800.0,625.0,0.0,0.0,0.0,58754.6971247139,472.517478409824
548511.0,972915242.0,29795.0,62000.0,0,8005.5287987505,8800.0,596.0,0.0,0.0,0.0,50129.1534802919,271.836548789195
971336.0,427765499.0,83992.0,32000.0,1,2948.45131603822,17400.0,668.0,0.0,0.0,0.0,62043.4849294158,189.689790184094
792593.0,827222006.0,37385.0,65000.0,1,1941.08614952535,11400.0,583.0,1.0,1.0,1.0,40003.432644498,1323.70422561945
429917.0,875139120.0,21875.0,53000.0,0,10045.6414417321,10200.0,610.0,0.0,0.0,0.0,81828.4485167682,208.17787184784
172792.0,591869461.0,81006.0,58000.0,1,20387.3870068263,26900.0,379.0,5.0,1.0,1.0,49296.7331593706,1049.00608874078
997987.0,794496014.0,82585.0,87000.0,0,5861.43532022764,16400.0,686.0,0.0,0.0,0.0,40669.6049158454,13.537909653749
865579.0,722393747.0,57190.0,58000.0,1,2904.51306419724,19600.0,581.0,1.0,0.0,0.0,42772.800505109,68.2792043493389
497392.0,206023565.0,69179.0,44000.0,0,24288.3254205304,25800.0,601.0,2.0,0.0,0.0,45937.6081749446,762.654391879669
622475.0,206698170.0,69349.0,99000.0,1,9038.69966323671,32000.0,834.0,1.0,0.0,0.0,59359.2427450556,99.454515076295
581617.0,756327550.0,96183.0,90000.0,0,25773.367838273,25800.0,659.0,3.0,1.0,1.0,49351.5419913358,374.115407549376
850820.0,570344140.0,39376.0,40000.0,1,14021.4821836536,16600.0,683.0,0.0,0.0,0.0,79753.7609429482,5.33822983517034
116110.0,946986483.0,73654.0,58000.0,0,12339.389401516,35900.0,638.0,0.0,0.0,0.0,62494.7986621948,73.1852410278417
584136.0,207546192.0,85022.0,81000.0,1,1775.52530497387,40200.0,609.0,0.0,0.0,0.0,63357.878023804,257.366936714211
912985.0,422956463.0,83838.0,67000.0,1,11005.3649719555,30200.0,626.0,0.0,0.0,0.0,40968.6537238421,728.841322875465
282458.0,310908527.0,76562.0,48000.0,0,12817.3882476934,29300.0,528.0,2.0,1.0,1.0,56008.3552532287,26.6475768119155
534228.0,998103454.0,42449.0,80000.0,0,17801.3478641782,18700.0,370.0,2.0,4.0,1.0,53178.9070623266,0.328728986406204
879934.0,401758141.0,71391.0,41000.0,0,29066.2213643206,37500.0,580.0,0.0,0.0,0.0,47461.0010923144,159.095727732571
512271.0,121555448.0,37515.0,33000.0,1,1999.98403955304,2000.0,879.0,0.0,0.0,0.0,57263.0210520133,347.505691920117
417045.0,681033089.0,52126.0,103000.0,1,14847.7212972537,16100.0,723.0,2.0,0.0,0.0,86826.9780824188,1.72159762213566
281073.0,514015209.0,36850.0,48000.0,1,22548.2581828951,28100.0,886.0,0.0,0.0,0.0,77812.7556203178,270.111147411875
636428.0,710362079.0,80582.0,67000.0,1,5085.23462485434,13800.0,826.0,3.0,0.0,0.0,48720.4700874421,139.662203202543
513575.0,730419536.0,62736.0,48000.0,1,3195.19121830754,28400.0,394.0,1.0,1.0,1.0,84702.5316530163,68.8682385466298
212151.0,799486364.0,54406.0,51000.0,1,2604.97376468451,34000.0,751.0,0.0,0.0,0.0,58492.4307238334,605.267904984865
181115.0,910318529.0,25025.0,61000.0,1,12293.6556288462,25700.0,363.0,3.0,1.0,2.0,69501.9470522717,1074.88964808588
164282.0,385055589.0,91705.0,104000.0,1,1833.91996067386,13200.0,571.0,1.0,0.0,0.0,52659.5564777867,211.222314098001
598182.0,707574680.0,21807.0,65000.0,1,12327.4194958538,12400.0,847.0,1.0,0.0,0.0,74569.2962830577,278.508781933424
715449.0,139271507.0,76623.0,46000.0,1,3204.987567351,20900.0,785.0,1.0,0.0,0.0,50131.5710653974,170.178208118742
482287.0,159979919.0,50880.0,54000.0,1,5223.82555745057,23200.0,677.0,0.0,0.0,0.0,55139.9249042322,706.280802692957
912263.0,103217078.0,62744.0,68000.0,1,1499.98812591799,1500.0,867.0,1.0,0.0,0.0,54708.2160297191,15.0472937748523
157866.0,985669405.0,22613.0,72000.0,1,15143.8789731224,15400.0,560.0,2.0,1.0,2.0,91054.1475624684,307.784703545485
871234.0,377839757.0,41237.0,11000.0,1,16598.4793195586,16600.0,827.0,3.0,0.0,0.0,65824.1402584034,77.6499445424133
541833.0,607054644.0,44310.0,29000.0,1,15396.7880304272,35800.0,704.0,1.0,0.0,0.0,68704.2930137578,141.310488366275
585470.0,913296127.0,22183.0,32000.0,0,23405.6255030782,33200.0,675.0,0.0,0.0,0.0,67410.9631782743,211.013738347743
629687.0,773658031.0,92971.0,32000.0,1,11540.8028678588,20200.0,585.0,0.0,0.0,0.0,55639.4635983041,65.9758700163236
397156.0,617181113.0,75490.0,77000.0,0,23614.4751946331,36500.0,632.0,1.0,0.0,0.0,71961.5251041672,668.402942017572
873074.0,732271025.0,10844.0,63000.0,1,5257.3868714602,34800.0,559.0,4.0,1.0,1.0,52999.7773657587,29.0717536731399
357529.0,520249152.0,95808.0,56000.0,1,5724.12020584741,21300.0,816.0,0.0,0.0,0.0,32093.9725148854,62.198653553369
214099.0,671006534.0,34434.0,56000.0,0,14661.9354764873,38900.0,495.0,1.0,2.0,2.0,56399.2123673678,1181.18255835243
348980.0,860281184.0,33323.0,48000.0,0,26464.4294873115,36600.0,707.0,0.0,0.0,0.0,81452.5661996389,85.2827900050002
338025.0,770207905.0,93026.0,98000.0,0,21102.4662499167,35400.0,734.0,0.0,0.0,0.0,49229.4420892213,3.78147925119989
963525.0,337329321.0,73279.0,123000.0,1,26370.144478234,29600.0,652.0,0.0,0.0,0.0,66948.7251126182,191.477608869763
119386.0,457562709.0,67996.0,58000.0,0,11401.5327870578,34000.0,536.0,2.0,0.0,0.0,61283.9362200105,1353.0429532391
714364.0,233775374.0,80353.0,64000.0,1,2983.79292923091,35800.0,745.0,0.0,0.0,0.0,87222.9901808122,1.50991102746046
933108.0,341537382.0,82826.0,33000.0,1,2299.34810811164,2300.0,856.0,2.0,0.0,0.0,67127.3983937183,82.1917554401454
216096.0,950533453.0,88621.0,34000.0,0,23354.4073372384,23600.0,794.0,1.0,0.0,0.0,40320.0717831997,551.305301867144
648939.0,693218723.0,65804.0,71000.0,1,3865.38015001469,10300.0,561.0,2.0,0.0,0.0,44836.1133537998,1365.56507165476
133427.0,713185502.0,37460.0,18000.0,1,7916.8567768617,9000.0,813.0,3.0,0.0,0.0,54266.5177254735,31.7454251952738
392311.0,143494600.0,88926.0,10000.0,0,19064.9971518083,22200.0,708.0,0.0,0.0,0.0,73808.7716729304,15.1305621266102
171603.0,958708173.0,70605.0,85000.0,0,18272.150765471,37600.0,868.0,2.0,0.0,0.0,49286.3029025345,1075.67772395929
796553.0,181252756.0,57897.0,68000.0,0,5578.70770756556,11200.0,421.0,1.0,1.0,2.0,60955.3295684411,0.939949558100752
950651.0,753931812.0,92031.0,79000.0,1,3199.98583891405,3200.0,726.0,4.0,0.0,0.0,76143.6727758024,84.1840272990829
836696.0,693954578.0,41066.0,64000.0,1,2385.39661164108,20900.0,802.0,0.0,0.0,0.0,64349.1531393282,152.132748595154
516706.0,511108427.0,74131.0,50000.0,0,9332.06848390018,11200.0,727.0,1.0,1.0,1.0,44239.8936610681,142.428213169551
616782.0,233182455.0,66739.0,29000.0,1,22681.6152383117,22700.0,767.0,1.0,0.0,0.0,47902.967667016,456.884363692055
888305.0,130567820.0,61332.0,60000.0,0,15122.8148471224,38700.0,575.0,0.0,0.0,0.0,57239.3966834268,140.445440343595
880669.0,150095606.0,69358.0,64000.0,0,7022.29948529593,9100.0,700.0,0.0,0.0,0.0,71809.3586878309,1231.15098663189
728251.0,181187881.0,59554.0,58000.0,1,2346.30022629589,14700.0,709.0,5.0,0.0,0.0,73041.3293417866,1.39398979707445
546247.0,884699525.0,94250.0,58000.0,1,1973.88399294044,22500.0,578.0,1.0,1.0,1.0,55148.1418647493,1277.10557975667
499439.0,155419928.0,31985.0,108000.0,0,25532.0192022335,31900.0,510.0,3.0,1.0,1.0,76368.8495763568,555.586467953953
511992.0,451374879.0,85861.0,100000.0,1,6397.63334049448,22500.0,861.0,0.0,0.0,0.0,41939.2817754901,194.961006240411
643672.0,432620296.0,70162.0,35000.0,1,7248.61511311557,25500.0,568.0,0.0,0.0,0.0,68332.0980618092,0.0007940157163526
925805.0,588387120.0,70906.0,50000.0,1,7013.77682674979,36800.0,699.0,0.0,0.0,0.0,60068.083211986,46.3993317584298
574855.0,839996444.0,71311.0,65000.0,0,7307.40270058619,12000.0,806.0,1.0,0.0,0.0,57477.3764507136,1098.04315328656
988178.0,884986109.0,99097.0,40000.0,1,2642.43941201564,12500.0,560.0,1.0,0.0,0.0,58950.4063330252,476.610849935212
977688.0,186077963.0,70039.0,37000.0,1,12569.7691475689,14600.0,598.0,1.0,1.0,1.0,73028.708656979,0.0528568801516197
651732.0,960058512.0,19386.0,29000.0,1,7488.00990815697,9200.0,695.0,1.0,0.0,0.0,69362.0208006453,98.1156757955518
746989.0,679742522.0,74153.0,32000.0,1,9244.93131533647,9300.0,830.0,0.0,0.0,0.0,75261.7740068117,157.88449180568
600592.0,168387609.0,33306.0,59000.0,1,8327.88349780632,39700.0,703.0,3.0,0.0,0.0,65383.6695066495,129.810939102845
485864.0,160453577.0,38893.0,103000.0,1,10707.7656448504,11200.0,732.0,0.0,0.0,0.0,78487.5769410773,2307.61368777917
396563.0,609008681.0,53807.0,74000.0,1,6601.44321395942,6900.0,738.0,2.0,0.0,0.0,61787.7020298065,1073.71480191251
174813.0,597957990.0,28046.0,51000.0,1,2480.50134108801,14500.0,860.0,0.0,0.0,0.0,55757.9028634195,100.380264074204
517271.0,633336507.0,35919.0,74000.0,1,3563.46389327176,35900.0,656.0,1.0,0.0,0.0,65444.8352642956,1878.94915703836
834889.0,465645726.0,91096.0,96000.0,1,5846.8363746176,35400.0,809.0,0.0,0.0,0.0,52642.9391079713,9.2533891783841
465023.0,298048676.0,59482.0,76000.0,0,14666.1772768112,14800.0,676.0,1.0,0.0,0.0,72359.6788231551,139.161868542263
671312.0,515968918.0,84062.0,28000.0,1,12533.9750955152,16600.0,462.0,1.0,1.0,1.0,68842.0141731396,189.497103162848
584904.0,903170466.0,64013.0,80000.0,0,10095.4395350576,17500.0,551.0,2.0,0.0,0.0,52658.5952353015,1976.30756412254
300587.0,505412391.0,85745.0,80000.0,1,4299.5908877599,4300.0,628.0,3.0,1.0,1.0,43140.3425010407,193.498803624215
188262.0,940184101.0,77041.0,81000.0,1,27482.1851618433,34000.0,832.0,2.0,0.0,0.0,56380.6535592061,197.927893362292
811134.0,611634901.0,41554.0,67000.0,1,6503.37072911182,12400.0,708.0,1.0,0.0,0.0,54985.9880136662,183.8764638561
109792.0,589049197.0,61116.0,71000.0,0,13689.5668041389,24300.0,687.0,0.0,0.0,0.0,44187.7078677774,2.13087678554399
901899.0,585579792.0,49483.0,62000.0,0,5850.43889770954,10100.0,738.0,0.0,0.0,0.0,87366.3589084039,372.979503521783
970718.0,459256085.0,47933.0,31000.0,1,15970.9799292291,16200.0,610.0,2.0,0.0,0.0,27690.4631116369,2220.19383765507
182723.0,455506598.0,76800.0,52000.0,0,13772.8378944129,14600.0,408.0,2.0,1.0,2.0,70104.3882853376,219.046232634509
862937.0,282097236.0,19764.0,15000.0,1,9202.37174184118,30400.0,631.0,0.0,0.0,0.0,34302.3487709679,42.7258103449585
236742.0,396468403.0,52688.0,80000.0,1,3000.49394111364,22900.0,588.0,0.0,0.0,0.0,72589.4378256058,1416.71924635511
489813.0,729072544.0,94319.0,63000.0,1,29665.5239949,40600.0,809.0,3.0,0.0,0.0,67761.4660613516,0.0073528615772862
165670.0,651503682.0,70342.0,6000.0,1,22490.734182221,22900.0,679.0,1.0,1.0,1.0,62202.3105206974,2.63463229654269
589049.0,270524683.0,27754.0,44000.0,1,18087.0678826054,20600.0,584.0,0.0,0.0,0.0,71272.4497679512,398.321782612515
877069.0,645560550.0,96044.0,89000.0,0,17349.8161994395,24100.0,869.0,0.0,0.0,0.0,87853.4256753476,870.434057811776
770684.0,167278222.0,61793.0,93000.0,1,4948.59525967464,33800.0,849.0,0.0,0.0,0.0,66553.5894294677,16.8237905008067
257530.0,336244308.0,34935.0,41000.0,1,5720.37561135618,37100.0,846.0,0.0,0.0,0.0,50590.6648189474,99.6309804256648
731498.0,472737814.0,41496.0,60000.0,1,20101.0562602095,21000.0,558.0,3.0,0.0,0.0,50227.2448135288,472.117628239961
956589.0,478915834.0,14532.0,62000.0,1,9146.24510248711,9200.0,758.0,0.0,0.0,0.0,61240.7357701418,29.1024643484402
185961.0,749936600.0,35321.0,66000.0,1,2702.04569035894,35000.0,437.0,1.0,1.0,1.0,57575.9193114682,7.823686550393
742510.0,257254980.0,98833.0,89000.0,1,2305.76447707352,9700.0,862.0,0.0,0.0,0.0,37282.9975705672,85.7834263171507
589326.0,190659577.0,78717.0,26000.0,1,19551.2678751677,25900.0,575.0,0.0,0.0,0.0,74129.0945290663,27.177835099272
551939.0,874928991.0,96330.0,62000.0,0,12793.6714594833,12800.0,561.0,0.0,0.0,0.0,56179.7027821525,912.348875511811
132283.0,543215991.0,46467.0,97000.0,1,3781.49556091288,10800.0,768.0,1.0,0.0,0.0,31076.4716350321,0.0751167700607278
684963.0,792244296.0,84635.0,63000.0,1,1904.58710960645,15800.0,780.0,1.0,0.0,0.0,69393.4010521697,0.133721651108
247487.0,337413604.0,64505.0,74000.0,1,4798.89838579986,39100.0,560.0,3.0,0.0,0.0,54436.600299365,2.89698095968292
808329.0,640325687.0,85894.0,0.0,0,18374.0301910419,18400.0,780.0,0.0,0.0,0.0,69082.5280105342,16.9378267671393
608790.0,129951186.0,23233.0,17000.0,0,30906.4049319546,32500.0,554.0,1.0,0.0,0.0,68152.0010359973,60.6670138722831
406811.0,303321717.0,81225.0,51000.0,1,2394.09971572196,21000.0,789.0,0.0,0.0,0.0,53221.1852153921,79.3615718017757
715548.0,808446271.0,55166.0,83000.0,0,29239.2162215073,38200.0,722.0,1.0,0.0,0.0,61958.2972701319,59.4326015517137
993785.0,433408138.0,35777.0,29000.0,1,13122.7740682523,38300.0,652.0,0.0,0.0,0.0,51881.4951011196,555.250082217575
345154.0,954687038.0,70379.0,62000.0,1,2285.98742116528,31200.0,402.0,1.0,1.0,1.0,65692.3653266408,463.098954525733
667702.0,875657894.0,82083.0,69000.0,1,1745.50235879394,16900.0,600.0,0.0,0.0,0.0,63035.6770925153,0.353233649719424
969189.0,271410207.0,25333.0,86000.0,0,12498.8599979277,12500.0,598.0,0.0,0.0,0.0,39096.3441554822,545.721652957775
698753.0,463753346.0,28511.0,70000.0,0,10396.7903966558,33200.0,713.0,0.0,0.0,0.0,41262.3252335854,34.528423323722
555727.0,723431131.0,80031.0,98000.0,1,5643.97497081834,21900.0,868.0,0.0,0.0,0.0,63278.2234914312,451.969903329224
189060.0,147798458.0,98506.0,72000.0,1,3734.34787262249,12700.0,790.0,0.0,0.0,0.0,71545.0841903772,310.402376289137
767279.0,721597666.0,21097.0,83000.0,1,16016.31167149,17500.0,653.0,0.0,0.0,0.0,81735.5463668188,34.3283578047724
185848.0,440315793.0,15528.0,58000.0,0,20806.7542444953,23800.0,876.0,0.0,0.0,0.0,56037.223321228,24.7656275146638
925761.0,313167143.0,78357.0,18000.0,1,4920.29358058888,17100.0,838.0,0.0,0.0,0.0,92381.4938247018,9.41203549153146
425521.0,731048065.0,80426.0,32000.0,1,4111.45450717337,36700.0,551.0,1.0,0.0,0.0,55921.1515307366,290.435068294364
911308.0,783701699.0,54792.0,82000.0,0,7439.94945188385,22300.0,728.0,2.0,1.0,1.0,85375.6172527487,1.96475467314803
464519.0,788215923.0,57451.0,57000.0,0,8919.9933707351,9000.0,866.0,0.0,0.0,0.0,60427.1365494592,411.026452614318
997389.0,666988048.0,15509.0,99000.0,0,9282.16336983359,31100.0,565.0,0.0,0.0,0.0,71051.3145825485,13.6914219841694
462226.0,490206056.0,35211.0,40000.0,1,12141.9441219592,13200.0,573.0,1.0,1.0,1.0,38245.549238484,63.029006746698
413373.0,911723808.0,83822.0,39000.0,1,10033.1172712853,41000.0,564.0,0.0,0.0,0.0,42133.2208675216,6.89066772467782
206579.0,168468869.0,79672.0,101000.0,0,1399.9991028696,1400.0,717.0,1.0,0.0,0.0,56821.3857233491,153.342773401854
181645.0,864791634.0,81968.0,79000.0,1,4759.19386030876,31100.0,652.0,0.0,0.0,0.0,69917.3842099196,60.3294487594216
739617.0,419764254.0,97142.0,76000.0,1,2199.53832174951,2200.0,675.0,1.0,0.0,0.0,40129.0852450793,1070.48581688755
545978.0,214808506.0,13428.0,81000.0,1,1843.88865708051,19200.0,752.0,0.0,0.0,0.0,91439.6527337644,84.9415924556758
575738.0,506005890.0,15763.0,73000.0,1,5199.92059333795,31100.0,627.0,0.0,0.0,0.0,61219.4191426129,172.378177691294
149462.0,235578496.0,86470.0,52000.0,1,7056.94127437209,17000.0,702.0,0.0,0.0,0.0,50502.1986334797,115.713558700124
681236.0,511468748.0,60060.0,0.0,0,28940.2393802549,30700.0,643.0,0.0,0.0,0.0,62547.1209826281,366.049136977846
928985.0,714837437.0,81959.0,42000.0,1,8872.10839452076,31800.0,736.0,0.0,0.0,0.0,78654.4865052833,221.94589868358
395375.0,141210025.0,61780.0,27000.0,1,13271.8406689533,20600.0,874.0,0.0,0.0,0.0,92244.6914432552,238.287076689062
611175.0,981336211.0,29046.0,19000.0,1,20106.0797830874,23800.0,620.0,1.0,0.0,0.0,58753.7814528252,225.678347193562
908448.0,319831644.0,83847.0,44000.0,0,8632.94778714368,9100.0,697.0,0.0,0.0,0.0,66558.6678099493,420.804192009798
466431.0,341459462.0,11891.0,46000.0,1,8775.38962294359,33300.0,815.0,0.0,0.0,0.0,77706.0482410187,141.114005634314
806393.0,825284413.0,47823.0,20000.0,0,10181.7477577983,10200.0,605.0,1.0,0.0,0.0,48122.8874310431,1071.93717494385
638520.0,878820878.0,77326.0,87000.0,0,8679.02466882213,8700.0,893.0,0.0,0.0,0.0,48852.7224227659,2903.48613932844
851075.0,271246555.0,89336.0,43000.0,1,1299.99718759241,1300.0,541.0,2.0,0.0,0.0,49511.109115645,5.39935816915855
737823.0,633534416.0,40567.0,30000.0,0,29028.928274357,30900.0,765.0,0.0,0.0,0.0,85932.561866172,564.98202658397
584235.0,732724133.0,28089.0,78000.0,1,1931.96284862496,15100.0,447.0,1.0,1.0,1.0,80724.1964377628,314.299224159491
669934.0,433343090.0,68568.0,76000.0,1,1815.94380756499,10700.0,754.0,2.0,0.0,0.0,78678.0259964744,626.212200380874
377158.0,314023906.0,86586.0,36000.0,0,26403.3052139966,38800.0,581.0,1.0,0.0,0.0,61998.2605402247,0.0422381008862487
340449.0,187413803.0,23710.0,78000.0,1,15542.7783332927,21400.0,821.0,1.0,0.0,0.0,43600.1774033609,1670.14008275709
379738.0,471840008.0,32036.0,93000.0,1,11352.4990360699,11400.0,608.0,0.0,0.0,0.0,46190.3754525121,43.6884718889948
761219.0,928995912.0,96510.0,60000.0,1,20342.2834777126,20400.0,712.0,0.0,0.0,0.0,49820.343250245,0.44629207024712
281268.0,927448739.0,50814.0,83000.0,0,27364.8237641124,33100.0,557.0,3.0,1.0,1.0,40550.91086379,48.9477546700685
786113.0,909772107.0,92209.0,18000.0,1,4784.88042747185,10300.0,791.0,1.0,0.0,0.0,47871.2489103493,1623.35039146511
247301.0,999092731.0,42294.0,105000.0,1,8681.19937209521,23400.0,605.0,1.0,0.0,0.0,46078.2007483984,532.278410487566
926018.0,323077242.0,77224.0,86000.0,1,7012.07258220764,15400.0,804.0,3.0,0.0,0.0,25304.9836259562,105.029838870293
720860.0,319819528.0,81900.0,28000.0,0,9165.28424590689,9700.0,673.0,1.0,0.0,0.0,88476.5277280102,14.085836136941
512831.0,795460857.0,12097.0,92000.0,1,14599.0976504892,14600.0,868.0,0.0,0.0,0.0,64515.7093120862,409.457506361675
941548.0,252765744.0,56133.0,70000.0,1,1993.96281727353,11500.0,585.0,1.0,1.0,1.0,84846.1060574778,284.68409298752
324924.0,127132479.0,18183.0,43000.0,1,2707.77988281456,18600.0,832.0,2.0,0.0,0.0,45297.4268053537,600.10455660013
998685.0,627454913.0,79339.0,112000.0,0,22695.1601921194,24100.0,617.0,1.0,0.0,0.0,75238.7450161937,62.7752224932946
145239.0,104544183.0,75322.0,47000.0,1,6502.22955213307,7800.0,307.0,1.0,1.0,3.0,62062.8503312095,862.802862958467
462959.0,485402645.0,97004.0,48000.0,1,4262.0757428675,33100.0,654.0,1.0,0.0,0.0,27713.0232056198,22.5503077188936
224876.0,918671490.0,91597.0,57000.0,1,4180.19384996751,39400.0,623.0,1.0,0.0,0.0,36832.5829830047,108.81903652042
301205.0,896498257.0,53427.0,86000.0,1,2071.54466513371,15100.0,820.0,0.0,0.0,0.0,44970.4876890763,130.361284758076
601684.0,901709332.0,22391.0,47000.0,1,5303.05763429802,17600.0,676.0,1.0,0.0,0.0,59175.1915098793,0.88574507387045
745063.0,721906988.0,27309.0,77000.0,1,5152.04985034394,13200.0,760.0,0.0,0.0,0.0,80882.1426468358,1472.47532787028
888830.0,706681658.0,48519.0,92000.0,1,3353.94927978602,30900.0,619.0,0.0,0.0,0.0,40017.4343196578,303.353789154123
287794.0,590384427.0,33811.0,36000.0,1,3516.12199879234,16400.0,829.0,0.0,0.0,0.0,79531.4892656889,0.818431563836951
