-0.7815506238479238,-0.7883778152529901,0.9698912906085602,0.8614375012481136,-0.675507719875687,-1.008336015895157,1.1074814616064457,1.0377748063079952,-0.7326880083995674,-0.3363363969981567,-0.3405817696720406,0.3007102056472681,-0.6193770158815995,0.0
1.5935822581267745,-0.9740114431912903,0.9033604361368712,-0.8681412950321458,1.4803679818552289,-0.40836707008558926,-0.988119141537945,-0.9156709905226309,-0.7326880083995674,-0.3363363969981567,-0.3405817696720406,-1.1508694606521626,0.02102229424901781,1.0
0.843685819402682,1.3886435478787178,1.5128627315933973,-0.023463278244112144,-0.675507719875687,1.155633851020461,-0.051376014786765706,0.0933402681708743,1.691647313510766,1.6816819849907836,1.7446127385241266,-0.5607294551473541,-0.5886373597094194,0.0
0.966419807348241,-1.679668698093783,0.33748430259355966,0.9821057893606898,-0.675507719875687,-1.0213035237397527,1.0688528790600054,1.013558536099351,-0.7326880083995674,-0.3363363969981567,-0.3405817696720406,0.803009156687171,0.08974868218433445,0.0
-0.586496618446884,-1.0039289464896846,-1.5114759380004759,-1.7128193118201793,1.4803679818552289,0.9295814704115618,-0.22520463624574744,-0.07617362328963456,-0.7326880083995674,-0.3363363969981567,-0.3405817696720406,-0.27940026749307256,0.018798169596911492,1.0
-0.6802321899418535,-0.4037672727128448,0.3205930493857216,-2.436829040495637,1.4803679818552289,-0.014454245507203279,-0.8529191026254036,-0.746157099062122,-0.7326880083995674,-0.3363363969981567,-0.3405817696720406,-2.9948608665477034,-0.5123107782685925,1.0
1.2994170369862759,-1.5800503796445424,-1.576321497367528,1.102774077473266,1.4803679818552289,-0.1330771958885756,-0.8239476657155733,-0.7138687387839299,0.07542376557054374,-0.3363363969981567,-0.3405817696720406,0.8076384298009356,-0.18139380801543772,1.0
-1.576172897356741,-1.1781423225241572,1.1283090304444297,-0.34524537987764875,-0.675507719875687,-0.4972298099847536,-0.379718966431509,-0.22954333461104734,-0.7326880083995674,-0.3363363969981567,-0.3405817696720406,0.46689755115531967,1.0376130645181803,0.0
-0.2596542839114434,-1.4579814998922718,-0.2348648962380164,-0.26479985446926463,-0.675507719875687,-0.7252924604263249,0.21902406303831698,0.3355029702573155,-0.7326880083995674,-0.3363363969981567,-0.3405817696720406,-0.6379969572051559,1.232647925467045,0.0
-1.3699839114198384,-0.8283250915192368,1.3465547464949097,-0.7876957696237616,1.4803679818552289,0.4633872969170803,0.5956527428661107,0.6503144829696892,-0.7326880083995674,-0.3363363969981567,-0.3405817696720406,-1.7577117571225953,-0.17533907443892935,1.0
-1.312596239087939,1.4683679024253917,1.2106969797642932,-1.0692551085531061,1.4803679818552289,1.5303799428904261,0.25765264558475737,0.3677913305355077,2.4997590874808773,-0.3363363969981567,-0.3405817696720406,-1.0473189918030374,-0.5637433707833105,1.0
-0.6862802841654181,-1.6062268476314587,1.304613879686332,0.6201009250229611,-0.675507719875687,-1.2507972569750365,-1.9248622682891243,-2.739963346240488,0.07542376557054374,3.6997003669797235,3.8298072467202937,1.4480027251075573,-0.5668418947895031,0.0
-0.005658060050406971,1.3586753727469238,1.5781679168980776,-0.9083640577363379,1.4803679818552289,1.1863685232383165,0.26730979122136744,0.37586342060505573,0.07542376557054374,-0.3363363969981567,-0.3405817696720406,-0.8200413933408307,0.2743994511199094,1.0
-0.3223740890185977,-0.7862084581555021,-1.728227869753664,-0.5865819561028013,-0.675507719875687,-0.2834332223474352,1.1943957723359366,1.1023515268643795,-0.7326880083995674,-0.3363363969981567,-0.3405817696720406,0.4682744378438279,-0.6330507148918492,0.0
1.4192357564931382,-1.665590834569195,-1.0460280718289365,-0.023463278244112144,1.4803679818552289,-0.5174038561104569,-1.084690597904046,-1.0367523415658515,-0.7326880083995674,-0.3363363969981567,-0.3405817696720406,-0.2861718008869829,0.6478298443666257,1.0
1.5236079044218325,-0.7859200258917504,0.9887359540513184,-1.1094778712572984,-0.675507719875687,-1.0891342365324848,-1.799319375013193,-2.32021466262399,0.8835355395406549,1.6816819849907836,1.7446127385241266,-0.1827625660648984,-0.6051208643608816,0.0
-0.23723005490334187,-0.8874153565348043,-1.4675433587955091,0.8212147385439215,-0.675507719875687,0.6822220833990664,1.0591957334233952,1.005486446029803,1.691647313510766,-0.3363363969981567,-0.3405817696720406,0.8554743984059167,-0.6206438863419382,0.0
0.23517396657320452,-1.060783598644303,1.4929456076295067,0.8614375012481136,1.4803679818552289,1.0494418945065374,1.8221102387155927,1.5382443906199736,-0.7326880083995674,-0.3363363969981567,-0.3405817696720406,0.19380779651490213,-0.07273259292408278,1.0
0.9440944680429446,1.3683280294138713,0.31745227214526184,-0.6670274815111854,1.4803679818552289,0.07355301129003061,-0.4956047140708301,-0.35062468565426796,-0.7326880083995674,-0.3363363969981567,-0.3405817696720406,-1.1154062821922677,0.8664386904495696,1.0
0.14419543999244333,0.7907323416686077,-0.16584440127084113,-1.7932648372285636,-0.675507719875687,2.555914760361298,1.030224296513565,0.9812701758211588,1.691647313510766,-0.3363363969981567,-0.3405817696720406,-0.03606090490838155,3.4529746912719013,0.0
-1.2370286837923365,0.570932250049812,1.066068018057271,-0.6670274815111854,-0.675507719875687,0.012349056878458374,-0.022404577876935422,0.11755653837951843,-0.7326880083995674,-0.3363363969981567,-0.3405817696720406,-0.1550340101271024,2.0633853834739324,0.0
1.3840745337637301,-0.7976402999132545,-0.2345201767847952,1.062551314769074,-0.675507719875687,0.01489878705556624,-0.4762904227976099,-0.3264084154456238,0.8835355395406549,-0.3363363969981567,-0.3405817696720406,0.3675805573216138,-0.21542481180032025,0.0
-0.9068043214209588,0.5670808427567081,0.8858946505069978,0.13742777257265618,-0.675507719875687,-0.040924927919045555,0.25765264558475737,0.3677913305355077,-0.7326880083995674,-0.3363363969981567,-0.3405817696720406,-1.5921829025657703,-0.11319134018848763,0.0
-0.8837511539030164,-0.8466648415740912,0.11617441362555816,-2.1954924642704845,-0.675507719875687,-0.08460136793620851,-0.7756619375325229,-0.6573641082970936,-0.7326880083995674,-0.3363363969981567,-0.3405817696720406,-1.8809345530449246,-0.6044432612352482,0.0
0.9904500051298986,0.7793168278717821,-0.6893583442294158,0.49943263691038486,1.4803679818552289,-0.2764601052033302,0.5473670146830603,0.6099540326219489,-0.7326880083995674,-0.3363363969981567,-0.3405817696720406,1.0625481124584983,-0.539432266311295,1.0
0.04659130332373541,-1.243413277848221,1.5483305331137105,0.539655399614577,-0.675507719875687,-1.1630654486188963,-0.9301762677182844,-0.8430221798966985,-0.7326880083995674,-0.3363363969981567,-0.3405817696720406,0.034269687891455076,-0.6191744550991213,0.0
0.16374791203108258,-1.344416263649067,0.8313523725751124,-1.3910372101866428,-0.675507719875687,1.0572215613915297,0.47976699522678956,0.5534494021351126,-0.7326880083995674,-0.3363363969981567,-0.3405817696720406,-0.3542524237915485,-0.14934347531152578,0.0
0.14849516427041234,1.3305285000352078,-1.3340220239145029,-1.1497006339614904,1.4803679818552289,1.536752126896244,1.1847386266993265,1.0942794367948314,-0.7326880083995674,-0.3363363969981567,-0.3405817696720406,-0.9473313089825467,-0.0337633138373283,1.0
1.1422417433477303,0.5186037116253941,-0.6107623088949854,0.13742777257265618,-0.675507719875687,-1.0784287204538754,-0.0030902866037152304,0.1337007185186145,-0.7326880083995674,-0.3363363969981567,-0.3405817696720406,0.8984903139144724,-0.5249038254747066,0.0
1.0182736119111626,0.6114454709875808,0.336220331265082,-0.42569090528603293,-0.675507719875687,-0.8709330091772359,-0.2928046557020181,-0.1407503438460189,-0.7326880083995674,-0.3363363969981567,-0.3405817696720406,-0.08890000105502614,0.27006120885173973,0.0
1.6999480224640209,-1.3613757772226922,0.4989662153469509,-0.9485868204405299,-0.675507719875687,0.1886353127587562,-0.6114904617101512,-0.47170603669748856,0.07542376557054374,-0.3363363969981567,-0.3405817696720406,0.2756996041652118,-0.4657288108081484,0.0
1.2639235448554422,-1.4196011489264286,-1.308244669245852,-0.7072502442153775,-0.675507719875687,0.30886092700592876,1.136452898516276,1.0619910765166392,-0.7326880083995674,-0.3363363969981567,-0.3405817696720406,0.5340252685671489,-0.5600172199852885,0.0
-0.7236329027089888,-1.1062619226276613,0.9659461679772511,-0.38546814258184087,1.4803679818552289,1.9418466748912437,1.0785100246966155,1.021630626168899,0.07542376557054374,-0.3363363969981567,-0.3405817696720406,0.5823589592692837,-0.47540374951927666,1.0
1.7787670711878576,0.012280987354020827,-1.5515016967356023,1.022328552064882,-0.675507719875687,-0.5708017890057031,1.4068529763413586,1.2557212381857923,0.07542376557054374,-0.3363363969981567,-0.3405817696720406,0.6295869080130696,-0.5421554687621225,0.0
-1.475894783124181,0.16325831648567035,-1.1094564512216347,-0.38546814258184087,-0.675507719875687,-1.0665964959701857,-0.6211476073467613,-0.47977812676703663,-0.7326880083995674,-0.3363363969981567,-0.3405817696720406,-1.2839932987109544,-0.4599352888539277,0.0
-0.3426860339747807,1.2043738950903498,-0.025735094617163463,0.539655399614577,-0.675507719875687,-0.4747376778821446,-0.8142905200789633,-0.7057966487143817,0.8835355395406549,-0.3363363969981567,-0.3405817696720406,0.2351963776596236,-0.08903884788359956,0.0
0.3787183035770847,-0.44876331292808264,0.5036773812076404,-1.0290323458489141,-0.675507719875687,-0.47338317374644795,0.44113841268034915,0.5211610418569205,0.07542376557054374,-0.3363363969981567,-0.3405817696720406,-1.484140884376855,-0.6271614060526549,0.0
0.3935834037027586,-1.5050657534209408,1.2859607270509188,-1.3508144474824508,-0.675507719875687,-0.5297000490963676,-1.3647478213657387,-1.4565010251823496,0.07542376557054374,1.6816819849907836,1.7446127385241266,-0.6230592204802885,0.38003878837807475,0.0
-0.5177247635280531,0.47077293232208595,-0.18714040304761662,1.7061155180361471,-0.675507719875687,0.47204121018276046,-0.46663327716099984,-0.3183363253760758,-0.7326880083995674,-0.3363363969981567,-0.3405817696720406,0.08237865458514529,0.22079670557929174,0.0
0.41060034376147314,1.5036262998809782,-1.4411531695433537,-1.2703689220740666,-0.675507719875687,-0.44359945035404424,-1.1329763260870964,-1.109401152191784,0.8835355395406549,-0.3363363969981567,-0.3405817696720406,-1.5300327941560476,0.04512677446447603,0.0
-1.3502415711518132,-1.4265584112709204,0.8679309367780271,1.6256699926277631,1.4803679818552289,-1.2010245639756112,-1.8862336857426838,-2.5865936349190752,0.8835355395406549,7.735737130957605,1.7446127385241266,1.346501740174908,-0.5976996875213814,1.0
-0.8143582716505688,1.0658190274379131,0.6723984024786765,0.7809919758397295,-0.675507719875687,-0.7644494299995153,1.5613673065271203,1.3606584090899168,0.07542376557054374,-0.3363363969981567,-0.3405817696720406,1.9325488212635489,-0.42658707331623824,0.0
1.450417657581666,-0.9068132443358987,1.247543659097491,0.7809919758397295,-0.675507719875687,-0.11590670391719672,-0.9108619764450642,-0.8188059096880543,-0.7326880083995674,-0.3363363969981567,-0.3405817696720406,-1.3025630883114667,-0.5730337452592482,0.0
-1.5380726726599632,-1.0716820850227569,0.5407538735096524,-1.4312599728908348,-0.675507719875687,-0.890271226993,-0.5728618791637109,-0.4313455863497484,-0.7326880083995674,-0.3363363969981567,-0.3405817696720406,-2.1252638481956523,-0.15784503422373036,0.0
0.9625670645269513,0.39166008230707594,-0.9331132998182634,-0.18435432906088045,-0.675507719875687,-0.6383434982643637,-0.2541760731555777,-0.10038989349827869,0.07542376557054374,-0.3363363969981567,-0.3405817696720406,0.25758811727127573,-0.2982720530590447,0.0
0.24365079189766414,0.22672420480943067,0.7279748387702255,1.2234423655858422,1.4803679818552289,-0.011365440578067406,0.22868120867492706,0.3435750603268636,-0.7326880083995674,-0.3363363969981567,-0.3405817696720406,2.6677729804449215,0.6162033863934049,1.0
1.6125769922415925,-0.28394057254169647,0.6953796993600889,-0.465913667990225,1.4803679818552289,2.53900770958844,1.5999958890735606,1.384874679298561,0.8835355395406549,-0.3363363969981567,-0.3405817696720406,-0.2586381770035862,-0.5050993619946852,1.0
1.5639430364020073,1.2552192801671487,-0.17109179739209696,0.2580960606852324,-0.675507719875687,-0.32282447182118545,-1.190919199906757,-1.1901220528872642,0.07542376557054374,1.6816819849907836,1.7446127385241266,0.5013130213344424,-0.615631892490398,0.0
-1.560734236954797,-0.5857804908809771,-1.5751724325234573,0.2983188233894245,-0.675507719875687,-0.9758276908314296,0.21902406303831698,0.3355029702573155,-0.7326880083995674,-0.3363363969981567,-0.3405817696720406,-0.4705788717945382,-0.3274485733180507,0.0
-0.002738836023598198,-1.6259677632745657,1.5867476010671384,0.2983188233894245,1.4803679818552289,0.4042704001656387,1.5710244521637304,1.3687304991594649,-0.7326880083995674,-0.3363363969981567,-0.3405817696720406,1.3694230354918782,-0.5664713458443836,1.0
0.28394241240860474,1.0690550656808293,-1.0756739448059585,1.6658927553319551,-0.675507719875687,-1.2414072899170048,-1.0364048697209955,-0.9721756210094672,-0.7326880083995674,-0.3363363969981567,-0.3405817696720406,1.9362428186744423,-0.5161042994301553,0.0
-1.6916206919996148,-0.030075120302208155,-1.4406552414442566,-0.06368604094830423,1.4803679818552289,-0.4048291398676165,-1.2681763649996378,-1.2950592237913887,0.8835355395406549,1.6816819849907836,1.7446127385241266,-1.9365950239845402,0.5573050220377285,1.0
-0.49311309429390104,-1.2605755601916586,0.9873187740769646,0.13742777257265618,-0.675507719875687,-0.13978245979095835,-0.8046333744423532,-0.6896524685752857,0.07542376557054374,-0.3363363969981567,-0.3405817696720406,1.8110415136549516,0.7483587046073523,0.0
1.470614890482595,0.8168586079311785,-0.8102016636641761,1.3441106536984184,-0.675507719875687,0.9619777320244385,-0.20589034497252723,-0.05195735308099044,1.691647313510766,1.6816819849907836,1.7446127385241266,0.5312239826030328,-0.2941017455249768,0.0
0.045598450707571445,-0.9804461478581438,-0.40534781693662747,0.016759484460079934,1.4803679818552289,-0.4631819658351615,-0.5825190248003209,-0.4394176764192964,-0.7326880083995674,-0.3363363969981567,-0.3405817696720406,0.3561791883307956,-0.6323264802985453,1.0
-0.007718921456866822,-1.2550254749086784,-1.669357447575779,0.8212147385439215,-0.675507719875687,-1.1457991205940674,-0.16726176242608687,-0.019668992802798275,-0.7326880083995674,-0.3363363969981567,-0.3405817696720406,0.5596512592247987,-0.6027069700498731,0.0
-0.3018089864232335,-1.0491182718574386,0.23303430826754026,-0.7072502442153775,1.4803679818552289,1.7503759406549564,0.4990812865000097,0.5695935822742088,1.691647313510766,-0.3363363969981567,-0.3405817696720406,-0.9560131647551797,0.017463330213779358,1.0
-1.274681927032435,-0.3475376064849699,1.0955989845498861,0.05698224716427201,-0.675507719875687,-0.40049360228499414,-0.7660047918959128,-0.6492920182275455,0.07542376557054374,-0.3363363969981567,-0.3405817696720406,0.9939635305461846,1.026609508297813,0.0
0.38009484824013273,-0.5895474192068922,0.14884615735863282,-0.18435432906088045,-0.675507719875687,-1.201456781252682,-1.1329763260870964,-1.109401152191784,-0.7326880083995674,-0.3363363969981567,-0.3405817696720406,-0.19356244342180398,-0.6329328665283596,0.0
1.462454512207112,1.3046718801824548,-1.3347114628209453,-0.06368604094830423,1.4803679818552289,1.0582535079433282,1.3392529568850882,1.207288697768504,0.07542376557054374,-0.3363363969981567,-0.3405817696720406,-0.11350758848050986,-0.6314609090962018,1.0
0.27722186820596506,1.168347765129644,-1.617496320946725,-0.26479985446926463,-0.675507719875687,0.26611921865528537,-0.7466905006226926,-0.6250757480189014,0.07542376557054374,3.6997003669797235,1.7446127385241266,0.6653830480783336,0.3505206468459986,0.0
-0.005503792114030897,0.5378319196711225,-1.5075308153691667,-1.0692551085531061,1.4803679818552289,-0.6038477849402692,-1.4226906951853993,-1.5533661060169262,0.8835355395406549,1.6816819849907836,1.7446127385241266,0.7208672738484994,-0.34745102768391073,1.0
-0.2380409504663443,1.393753562965649,0.03497383131123432,1.7061155180361471,1.4803679818552289,-0.22477532071844664,0.31559551940441793,0.41622387095279595,-0.7326880083995674,-0.3363363969981567,-0.3405817696720406,1.7812800723221802,-0.5762962747460302,1.0
0.8280019125377811,-0.9527955918548959,-1.7029101410226413,1.7061155180361471,1.4803679818552289,0.2803724546805684,-0.7177190637128623,-0.5847152976711611,1.691647313510766,-0.3363363969981567,-0.3405817696720406,1.151107139223073,-0.2828546800280077,1.0
1.30290191011313,-0.39603468948873805,-0.854478962322364,-0.38546814258184087,-0.675507719875687,-0.820414293309576,-1.5868621710077708,-1.8439613485206556,0.07542376557054374,1.6816819849907836,1.7446127385241266,-0.4894844613392402,-0.6299502875810836,0.0
-0.6597857549898556,1.51941460892838,-0.1587585013990723,-0.506136430694417,1.4803679818552289,-0.5933200334128123,-1.0460620153576055,-0.9883198011485632,-0.7326880083995674,-0.3363363969981567,-0.3405817696720406,-0.5663589738146874,-0.5346387986850997,1.0
-0.5963974554917383,0.23441551467957397,0.7077512975145827,0.6603236877271532,1.4803679818552289,1.562735655246492,1.5034244327074597,1.3202979587421766,0.07542376557054374,-0.3363363969981567,-0.3405817696720406,0.027534836067884365,-0.5737123969252844,1.0
-0.1358918430567105,0.6535840810241839,0.21924553013869283,-0.506136430694417,-0.675507719875687,-0.9776800865270466,0.721195636142042,0.7471795638042656,-0.7326880083995674,-0.3363363969981567,-0.3405817696720406,-0.23625362075138642,-0.6307881685754088,0.0
-1.188426372657649,-0.8011847926236524,0.2870020537773904,0.539655399614577,-0.675507719875687,-0.7781587449258377,1.7545102192593223,1.4898118502026854,-0.7326880083995674,-0.3363363969981567,-0.3405817696720406,-0.47420972679634593,-0.6010646317710753,0.0
1.4411536702228773,-1.6680974486424327,0.21955194743044498,0.2983188233894245,-0.675507719875687,-1.1885846719377124,-1.8765765401060737,-2.5623773647104313,3.3078708614509886,3.6997003669797235,1.7446127385241266,1.762546700676219,-0.45756166413728155,0.0
1.4947202444383847,0.12783034292080855,0.5321741893405918,-0.42569090528603293,-0.675507719875687,-0.5026000101519968,1.53239586961729,1.3445142289508207,0.07542376557054374,-0.3363363969981567,-0.3405817696720406,-0.22792353197570536,-0.6249133527072641,0.0
1.5218002006545537,0.5267835240290981,-0.44422451082768344,-1.7932648372285636,-0.675507719875687,1.623139484084092,0.3059383737678078,0.40815178088324794,1.691647313510766,-0.3363363969981567,-0.3405817696720406,1.4126286786275126,-0.29011449133659434,0.0
-1.1891621120465194,1.6481171642284227,-0.563727254611028,1.7865610434445314,-0.675507719875687,-0.2951516741919881,0.23833835431153716,0.35164715039641165,-0.7326880083995674,-0.3363363969981567,-0.3405817696720406,0.9465986476892578,-0.5757984217335146,0.0
-0.5322496830760772,1.3247083315481707,1.026884906874463,-0.8681412950321458,-0.675507719875687,-0.1269560843432034,1.9379959863549139,1.610893201245906,-0.7326880083995674,-0.3363363969981567,-0.3405817696720406,-0.03870867848574161,-0.6090184298964701,0.0
-0.09183450266294886,-0.673581485551385,-0.7017299423839095,1.2636651282900344,1.4803679818552289,-1.337878290591441,-1.992462287745395,-3.095135309300602,0.07542376557054374,1.6816819849907836,5.915001754916461,-0.31873746448287454,-0.5777454324298107,1.0
0.9834525697594043,-1.3792369858736284,0.03390137079010174,0.2983188233894245,1.4803679818552289,-0.6811406575682115,-0.9398334133548945,-0.8591663600357946,-0.7326880083995674,-0.3363363969981567,-0.3405817696720406,0.15916566895564044,-0.6252963999839413,1.0
0.9677884408350645,1.011912566122542,-0.7517525652624505,0.17765053527684824,-0.675507719875687,-1.1337065300725744,-0.9205191220816743,-0.8349500898271505,-0.7326880083995674,-0.3363363969981567,-0.3405817696720406,-0.03973104824876157,0.051036949196380355,0.0
-1.4556896390470278,0.011157889420452939,-0.7435559027080801,-0.8279185323279538,1.4803679818552289,3.168242720016052,1.6579387628932212,1.425235129646301,0.07542376557054374,-0.3363363969981567,-0.3405817696720406,0.5730564015002176,-0.5787020935754847,1.0
-0.48244487315527873,-0.1066945711205409,-0.8773070505579004,1.102774077473266,-0.675507719875687,0.20935839584454696,-0.7370333549860825,-0.6089315678798053,0.07542376557054374,-0.3363363969981567,-0.3405817696720406,-0.6927608040998885,0.41932302693478835,0.0
1.1215184172278778,0.8229047508074002,-1.2190006330230339,0.49943263691038486,-0.675507719875687,-0.35557291106847067,-0.46663327716099984,-0.3183363253760758,0.07542376557054374,-0.3363363969981567,-0.3405817696720406,-0.6833893600881574,-0.631990668340534,0.0
-1.31559061928888,0.8460854766093279,-1.2425564623264815,0.6201009250229611,-0.675507719875687,-1.3254370635501094,-1.982805142108785,-3.054774858952862,2.4997590874808773,1.6816819849907836,5.915001754916461,0.3939090522089774,-0.15811366798679133,0.0
-1.5128755763852044,-1.5388648176215318,-0.0015281285687423916,-0.8681412950321458,-0.675507719875687,0.03512093147297292,1.126795752879666,1.0539189864470913,0.07542376557054374,-0.3363363969981567,-0.3405817696720406,-0.5126893927593029,-0.5941879772215961,0.0
-0.11676261894607742,-1.0016183530854275,1.456635158556875,-0.3050226171734567,-0.675507719875687,-1.1095680572971571,-0.8818905395352339,-0.7865175494098622,-0.7326880083995674,-0.3363363969981567,-0.3405817696720406,-0.1435353193989564,-0.2863990902195314,0.0
0.743577795458947,-1.4299453841333756,0.009885915549025771,-0.42569090528603293,-0.675507719875687,-0.9963202566438174,1.6193101803467809,1.401018859437657,-0.7326880083995674,-0.3363363969981567,-0.3405817696720406,-0.40554347737995916,-0.38028708521537546,0.0
1.6379520899814004,0.5332286192165413,-0.515658041967407,0.2580960606852324,1.4803679818552289,1.797325909951278,1.030224296513565,0.9812701758211588,0.07542376557054374,-0.3363363969981567,-0.3405817696720406,-0.9948964884677988,-0.6307086767572547,1.0
-1.692502788148637,0.5598865418028528,1.5629619587948764,-0.22457709176507254,-0.675507719875687,-0.7923849635818153,-1.0557191609942156,-1.0044639812876592,-0.7326880083995674,-0.3363363969981567,-0.3405817696720406,-1.597712289817984,0.7184929076947445,0.0
0.5713870893464637,1.5608780239106017,-0.6294537636918675,0.7005464504313452,-0.675507719875687,1.792234592697591,0.5087384321366198,0.5776656723437568,1.691647313510766,-0.3363363969981567,-0.3405817696720406,-1.1547964529197379,-0.6313900633048377,0.0
0.4919667912295713,0.9467524417842199,-0.78227938795326,-0.7072502442153775,-0.675507719875687,-0.8444973470327178,0.2769669368579775,0.3839355106746038,-0.7326880083995674,-0.3363363969981567,-0.3405817696720406,-0.5230710656174956,-0.19598561425220837,0.0
-0.48438706691837236,-1.2154875747890577,0.826794415360299,-0.22457709176507254,1.4803679818552289,-0.1195332019232882,-1.0460620153576055,-0.9883198011485632,0.8835355395406549,1.6816819849907836,1.7446127385241266,-0.36381645150437775,-0.621777271541164,1.0
-0.6149056522687548,1.5801811125551934,0.3228911790738628,-0.1441315663566884,-0.675507719875687,0.10552829385701394,-0.8239476657155733,-0.7138687387839299,0.07542376557054374,-0.3363363969981567,-0.3405817696720406,1.5174104484045907,3.085590577073342,0.0
0.7873978005659762,0.46599571002571344,0.656541307630502,-1.1497006339614904,-0.675507719875687,-0.22501633034687116,-1.1233191804504863,-1.0932569720526877,3.3078708614509886,-0.3363363969981567,-0.3405817696720406,-1.028278942842775,0.7764093164753019,0.0
1.1577357819832452,1.0150112658920276,-1.493205806979753,-1.511705498299219,-0.675507719875687,2.648237638359172,1.136452898516276,1.0619910765166392,0.8835355395406549,-0.3363363969981567,-0.3405817696720406,-0.6229477052710475,2.857954307448621,0.0
0.2723525392398382,-1.1870116183361705,0.37256908249918264,-1.2703689220740666,-0.675507719875687,1.4466761440189333,0.1707383348552665,0.2870704298400273,2.4997590874808773,-0.3363363969981567,-0.3405817696720406,-0.5940205661636255,5.1852448260163175,0.0
0.8235241867947628,0.8581373329831176,0.5411751972858116,0.016759484460079934,-0.675507719875687,1.1150790172652736,-0.0706903060599859,0.07719608803177821,0.8835355395406549,1.6816819849907836,1.7446127385241266,0.14156496595244164,-0.6264475611470397,0.0
0.9388691361467192,-1.3305135175979592,0.4055089413625404,-0.06368604094830423,1.4803679818552289,-0.816017289419668,-1.5868621710077708,-1.8439613485206556,0.07542376557054374,1.6816819849907836,1.7446127385241266,-0.004241504951890897,-0.26599177107077276,1.0
1.2729699748680596,1.2391668438642576,-0.15128957991261327,-1.4714827355950268,-0.675507719875687,3.5815783461280923,1.8993674038084736,1.586676931037262,0.07542376557054374,-0.3363363969981567,-0.3405817696720406,-0.028559047198993257,1.4382868087957443,0.0
-0.024110878593852664,0.3016965970926871,1.501142270183877,-1.0290323458489141,-0.675507719875687,-0.7569476984649569,-0.9784619959013349,-0.9075989004530828,-0.7326880083995674,-0.3363363969981567,-0.3405817696720406,-0.8051568694128367,0.4794450174314688,0.0
0.9230230501692178,0.7708053109614713,-0.5707748523213277,0.7005464504313452,-0.675507719875687,-0.2811640523335639,-0.2638332187921878,-0.10846198356782673,-0.7326880083995674,-0.3363363969981567,-0.3405817696720406,-0.49095040700125897,0.7607947434920608,0.0
0.25098840784580817,-0.718377548037966,1.1865666180388101,0.579878162318769,-0.675507719875687,2.562829490309693,1.1750814810627164,1.0862073467252833,1.691647313510766,-0.3363363969981567,-0.3405817696720406,0.05487727288084747,3.9966436290789744,0.0
-0.675501306559654,-0.8877651768974018,1.1327520811748362,-0.988809583144722,1.4803679818552289,1.9097011850141294,1.7255387823494919,1.4736676700635893,0.07542376557054374,-0.3363363969981567,-0.3405817696720406,-1.7539323510747975,-0.35094647613923774,1.0
0.7132779905194412,-1.379477130164066,0.09736805234426901,-0.1039088036524963,-0.675507719875687,-1.0832928025094715,-0.6018333160735412,-0.4555618565583925,-0.7326880083995674,-0.3363363969981567,-0.3405817696720406,-0.8124193045665391,-0.3569207177917915,0.0
1.7731501360685238,1.4627820555394841,1.6456563254064922,-1.4312599728908348,-0.675507719875687,-0.16766163759739064,-0.988119141537945,-0.9156709905226309,0.8835355395406549,-0.3363363969981567,-0.3405817696720406,-1.015850456271456,-0.43221973350048365,0.0
1.0422958985165958,-1.6591808457933204,0.2852784565112845,0.49943263691038486,-0.675507719875687,-1.337878552964623,-1.992462287745395,-3.095135309300602,0.07542376557054374,1.6816819849907836,5.915001754916461,-0.22847498558967697,0.09119956572391806,0.0
-0.7489051551578795,1.006349910049422,0.5074309930316044,-0.26479985446926463,-0.675507719875687,-0.4304148399175042,-1.2874906562728579,-1.335419674139129,0.07542376557054374,3.6997003669797235,1.7446127385241266,-1.41077692949483,-0.26828723710803604,0.0
0.31652854727696605,0.7410697176571421,1.614363459486302,-0.5463591933986092,-0.675507719875687,0.29367811604975363,-0.6597761898932017,-0.5201385771147768,2.4997590874808773,-0.3363363969981567,-0.3405817696720406,0.09202045102153075,-0.5121978349260531,0.0
-1.7315919098734667,-0.8578738072204408,0.7871133760783935,-0.9083640577363379,-0.675507719875687,-0.5323404163144286,-0.5535475878904906,-0.40712931614110426,-0.7326880083995674,-0.3363363969981567,-0.3405817696720406,-0.08147738909105523,-0.5980135474066017,0.0
0.31487906703417573,-0.13268979911133533,0.547341845282324,1.585447229923571,-0.675507719875687,1.205638954174573,0.12245260667221601,0.2467099794922871,0.07542376557054374,-0.3363363969981567,-0.3405817696720406,-0.04229928712086762,-0.41340545587518207,0.0
0.3148474223292781,-1.6732689998940535,1.489843132550516,1.022328552064882,-0.675507719875687,-1.0019645811733398,-1.7317193555569224,-2.150700771163481,1.691647313510766,3.6997003669797235,3.8298072467202937,-0.3887318953637709,-0.09815144404404039,0.0
0.1462563013989032,1.2930468865314457,0.26815739033463226,0.7809919758397295,1.4803679818552289,-0.1192024108973727,-0.3314332382484585,-0.1811107941937591,-0.7326880083995674,-0.3363363969981567,-0.3405817696720406,0.170062767923516,-0.47765605852115917,1.0
-0.9213094630284219,-1.1768963225369304,-1.5627625322074945,-0.023463278244112144,1.4803679818552289,0.11460935288705855,-0.7660047918959128,-0.6492920182275455,0.8835355395406549,-0.3363363969981567,-0.3405817696720406,-0.14289085665876358,0.19048066466317376,1.0
0.7406071487866794,0.2075987655642481,1.428980997976242,1.6658927553319551,-0.675507719875687,0.7048873419377164,-0.0030902866037152304,0.1337007185186145,-0.7326880083995674,-0.3363363969981567,-0.3405817696720406,0.15662588361238214,-0.5413448296140919,0.0
-1.2309291669233133,-0.5825848264920231,-0.165614588302027,0.7809919758397295,-0.675507719875687,-1.001902876534634,0.19005262612848667,0.3112867000486714,-0.7326880083995674,-0.3363363969981567,-0.3405817696720406,2.374247691110911,-0.2638055163561332,0.0
-1.7080996720750692,1.455238274774472,0.6374285290574606,-0.1039088036524963,1.4803679818552289,0.15997317484358062,1.4454815588877992,1.2799375083944364,-0.7326880083995674,-0.3363363969981567,-0.3405817696720406,-0.6148594789771351,-0.614027140761544,1.0
-0.6056139757931805,1.358001743488841,1.1191931160148028,1.1832196028816502,-0.675507719875687,-0.4110867096086074,-0.24451892751896762,-0.09231780342873065,-0.7326880083995674,-0.3363363969981567,-0.3405817696720406,0.04826607906590383,-0.4312940332337161,0.0
0.8529498067614707,0.06550001967466534,1.5384868776161722,0.2580960606852324,-0.675507719875687,-0.8278040461278858,-1.596519316644381,-1.8681776187292998,1.691647313510766,1.6816819849907836,3.8298072467202937,1.3316607928539803,0.22066546305018495,0.0
-0.8225661169833983,0.9658918399368281,-0.9264487237226539,-0.506136430694417,1.4803679818552289,1.5809650984411632,0.721195636142042,0.7471795638042656,0.07542376557054374,-0.3363363969981567,-0.3405817696720406,0.1402167724405957,-0.09786232863387062,1.0
-1.172469530213006,1.3187010596575965,-0.27427782038963866,0.09720500986846409,-0.675507719875687,0.7923396320788755,1.5613673065271203,1.3606584090899168,0.8835355395406549,-0.3363363969981567,-0.3405817696720406,0.20287765681916026,0.7483618654244428,0.0
-0.02053502694041753,1.3249031676904008,-1.1610877648818745,-1.511705498299219,-0.675507719875687,-0.00856151664985057,0.23833835431153716,0.35164715039641165,-0.7326880083995674,-0.3363363969981567,-0.3405817696720406,-1.2362281043805268,-0.020684065311707096,0.0
-0.9048344385410797,-1.3771938401014083,-0.5832613569602285,1.2636651282900344,1.4803679818552289,-0.5153492836476229,1.3392529568850882,1.207288697768504,-0.7326880083995674,-0.3363363969981567,-0.3405817696720406,1.9870209477576029,-0.6311450679983704,1.0
-0.3782349043391851,0.5846982239793419,-0.7345548947628603,0.6201009250229611,1.4803679818552289,0.3482693037977572,1.9669674232647443,1.6351094714545502,-0.7326880083995674,-0.3363363969981567,-0.3405817696720406,0.21227700128500704,-0.35169979397803564,1.0
-1.5429301348617532,1.5984287619535489,-1.317552094482824,0.4592098742061928,-0.675507719875687,0.5088869498617921,-0.5342332966172705,-0.3909851360020082,0.07542376557054374,1.6816819849907836,1.7446127385241266,-0.025445089463049148,-0.555663350664729,0.0
-0.28919461593340534,1.6120989335804843,-1.1811580974916414,-0.7072502442153775,-0.675507719875687,2.4483486430108714,1.5806815978003403,1.3768025892290128,-0.7326880083995674,-0.3363363969981567,-0.3405817696720406,-0.6547857483806171,6.225846480441582,0.0
0.2517913922325862,0.4276021849014169,-0.22222518295323956,0.016759484460079934,1.4803679818552289,0.08529615955114511,-0.5632047335271008,-0.42327349628020033,0.07542376557054374,-0.3363363969981567,-0.3405817696720406,-0.09792017606930305,0.01764895989748103,1.0
-1.2282077223021148,-1.2223464880984414,1.3485081567298296,-0.42569090528603293,-0.675507719875687,-0.33575049868134416,-0.2638332187921878,-0.10846198356782673,-0.7326880083995674,-0.3363363969981567,-0.3405817696720406,0.9297419871128239,-0.501573824776341,0.0
0.3309466659459606,0.5433900005096688,0.27712009611838306,0.9016602639523057,1.4803679818552289,-0.6022686520206963,-0.41834754897794935,-0.26990378495878753,-0.7326880083995674,-0.3363363969981567,-0.3405817696720406,1.1118433893323967,-0.6292885621579516,1.0
-0.28312674376927977,1.2426494709634632,0.1403047753510412,0.9016602639523057,-0.675507719875687,-0.15897144563071108,0.721195636142042,0.7471795638042656,0.07542376557054374,-0.3363363969981567,-0.3405817696720406,1.9874420244827942,1.6279369744745997,0.0
1.1350939956289723,-0.326514858920433,1.3054948294001194,1.4245561791068027,-0.675507719875687,-0.6477820791092653,1.3971958307047487,1.2476491481162442,0.07542376557054374,-0.3363363969981567,-0.3405817696720406,1.2867070266657614,-0.4885431910812023,0.0
-0.8468099165231151,-0.3814275683070791,-0.9543326972721009,-1.0290323458489141,-0.675507719875687,0.02236130700705607,-0.41834754897794935,-0.26990378495878753,0.07542376557054374,-0.3363363969981567,-0.3405817696720406,-0.4345741992026084,-0.2116703729349529,0.0
-1.2348095988613883,-1.0225222963185332,1.336174860736805,0.579878162318769,-0.675507719875687,-0.7959372444348124,1.7255387823494919,1.4736676700635893,-0.7326880083995674,-0.3363363969981567,-0.3405817696720406,0.5407322324459813,1.292419545615107,0.0
0.16265221412400124,-1.0487839058672894,-1.1206406823705888,-0.6670274815111854,-0.675507719875687,0.8750566669455432,-0.03206172351354552,0.10948444830997038,0.07542376557054374,-0.3363363969981567,-0.3405817696720406,0.9661121197549152,-0.45955096235832804,0.0
-0.0858220087323942,-1.2900231543248293,0.37628439216167764,0.8212147385439215,-0.675507719875687,-1.1824367500918944,0.1417668979454362,0.26285415963138314,-0.7326880083995674,-0.3363363969981567,-0.3405817696720406,1.3808799833737038,-0.27061152587402504,0.0
1.3333915832820218,1.2258305348036025,0.6134896781393228,-0.38546814258184087,-0.675507719875687,1.1456985550698255,0.07416687848916553,0.20634952914454688,2.4997590874808773,-0.3363363969981567,-0.3405817696720406,0.45049646442924524,-0.6204489572300774,0.0
0.39955238616407895,0.5158798368378803,0.3367565615256483,0.41898711150200074,-0.675507719875687,-0.8943001543979274,-1.0267477240843854,-0.9641035309399191,0.07542376557054374,-0.3363363969981567,-0.3405817696720406,-0.24052893260675437,-0.561657369951378,0.0
-0.9783846438994569,-0.17931273869701406,1.1005399633793898,0.7809919758397295,-0.675507719875687,-0.8402788775160369,-1.606176462280991,-1.8762497087988477,0.8835355395406549,5.7177187489686645,1.7446127385241266,0.971583830202756,-0.48145200443166764,0.0
0.6630301547300756,0.9424114399719571,-0.07070183218179375,0.9016602639523057,1.4803679818552289,2.2625241818489807,1.6675959085298313,1.4333072197158492,-0.7326880083995674,-0.3363363969981567,-0.3405817696720406,-0.3611833531249796,-0.12535832298895347,1.0
-1.2106251331433546,-0.428658407021125,1.4310876168570383,-2.436829040495637,-0.675507719875687,0.1209813071069523,-0.09966174296981618,0.044907727753586056,-0.7326880083995674,-0.3363363969981567,-0.3405817696720406,-2.673988081911244,-0.5990395244012021,0.0
1.5072990146352028,0.5959046651030545,0.9555279800576775,-0.7474730069195695,-0.675507719875687,-0.27140019072279475,1.049538587786785,0.997414355960255,0.07542376557054374,-0.3363363969981567,-0.3405817696720406,-0.7059246348163473,-0.3748433433936793,0.0
1.2788598455671358,-0.6515414812200853,-0.6042126392837829,-1.994378650749524,-0.675507719875687,0.6898575275941032,-0.41834754897794935,-0.26990378495878753,1.691647313510766,1.6816819849907836,1.7446127385241266,-1.4786360078171743,-0.5912910049028925,0.0
-0.8204894332244896,0.3460085990210219,-0.7139100297310581,1.4647789418109947,-0.675507719875687,-0.30773418607649705,-1.1812620542701469,-1.1739778727481682,3.3078708614509886,-0.3363363969981567,-0.3405817696720406,0.9482729963657966,-0.08299753996368368,0.0
-1.4322448683059767,-0.4202773065060465,-1.5889229084908356,-0.1039088036524963,1.4803679818552289,1.213419856097644,0.2769669368579775,0.3839355106746038,0.8835355395406549,-0.3363363969981567,-0.3405817696720406,-0.9030656272173264,-0.5850433279687848,1.0
-0.5336539168559107,-0.5375768706780043,0.41791884167850313,-0.18435432906088045,-0.675507719875687,0.1643238540698369,-0.2638332187921878,-0.10846198356782673,0.8835355395406549,-0.3363363969981567,-0.3405817696720406,-0.14373785347998513,0.9375097402914706,0.0
1.4624030895616533,1.287905263088506,-0.5988503366781199,0.9016602639523057,1.4803679818552289,0.31680783503056353,-0.7080619180762522,-0.5766432076016131,0.07542376557054374,1.6816819849907836,3.8298072467202937,-1.2041719989991546,1.2180516839074897,1.0
1.7830035060560314,0.2724454863342592,0.8551763170088432,2.068120382373876,1.4803679818552289,1.448361306628679,0.3059383737678078,0.40815178088324794,-0.7326880083995674,-0.3363363969981567,-0.3405817696720406,1.04520616199549,0.0803490174251281,1.0
-0.9416016300440438,-0.423537187051463,-1.4527970266299362,0.33854158609361656,1.4803679818552289,-0.2669667527635052,-0.9205191220816743,-0.8349500898271505,0.07542376557054374,-0.3363363969981567,-0.3405817696720406,-0.21242602820013795,-0.6081950795009058,1.0
0.5831233192753819,-0.1411736647253137,-1.530588716573517,1.7865610434445314,1.4803679818552289,0.9064355384203193,-0.18657605369930705,-0.03581317294189436,-0.7326880083995674,-0.3363363969981567,-0.3405817696720406,0.5290311708146409,0.29122323573061054,1.0
0.51831100805687,-0.08577768693268574,-0.32066173792862274,-1.1094778712572984,-0.675507719875687,-0.4723793841272362,-1.3164620931826883,-1.3757801244868693,0.07542376557054374,1.6816819849907836,1.7446127385241266,-1.3856621971151737,-0.4606317577440501,0.0
-1.2778661754627616,1.3504261914953923,1.324684212296099,-0.1441315663566884,-0.675507719875687,-0.8551333706843866,1.7834816561691524,1.5140281204113295,-0.7326880083995674,-0.3363363969981567,-0.3405817696720406,0.3949816239599349,0.12826659682933295,0.0
-0.6155622798953811,-1.5190043165996676,1.2223791390123446,-2.034601413453716,1.4803679818552289,0.9967233675362462,0.12245260667221601,0.2467099794922871,0.07542376557054374,-0.3363363969981567,-0.3405817696720406,-3.411208128263715,-0.324984033749366,1.0
0.32339940382786964,0.8136376872109159,1.3773113821545333,-1.1497006339614904,-0.675507719875687,0.06061896616401715,-0.0706903060599859,0.07719608803177821,0.07542376557054374,-0.3363363969981567,-0.3405817696720406,-1.443776196125195,0.8628008868418113,0.0
-0.4668084333477244,1.1892847640623814,-1.3458190896469613,-0.3050226171734567,1.4803679818552289,-0.12539792002203565,-1.0364048697209955,-0.9721756210094672,0.07542376557054374,-0.3363363969981567,-0.3405817696720406,0.8318862589000829,2.42303474542213,1.0
-1.720057414938271,1.0892481670076553,-1.5714188206994932,0.2983188233894245,-0.675507719875687,-0.2685255221079785,0.41216697577051886,0.4969447716482764,-0.7326880083995674,-0.3363363969981567,-0.3405817696720406,0.5132858340922425,3.008733292327392,0.0
0.6840422387821192,-0.8663118353508202,0.9532681525310052,-1.3105916847782586,1.4803679818552289,-0.23492542751206183,-1.084690597904046,-1.0448244316353996,-0.7326880083995674,-0.3363363969981567,-0.3405817696720406,-0.5394536955162753,-0.3835524533768425,1.0
0.7582372050027861,-0.49635183059938653,1.5370696976418186,0.6201009250229611,-0.675507719875687,-1.1015518292723374,-1.8089765206498032,-2.36057511297173,3.3078708614509886,1.6816819849907836,1.7446127385241266,0.8368615617654072,-0.5221101760304059,0.0
0.8676566833626563,0.6209286403847595,-1.3756181712698594,0.9016602639523057,-0.675507719875687,0.6174285502009949,-0.3314332382484585,-0.1811107941937591,1.691647313510766,-0.3363363969981567,-0.3405817696720406,0.6152528873019891,2.094020056243521,0.0
0.6583467384052225,-1.1848168420349456,0.8940147087384303,0.13742777257265618,-0.675507719875687,-1.0039806924629313,1.435824413251189,1.2718654183248883,-0.7326880083995674,-0.3363363969981567,-0.3405817696720406,-0.16038770756669898,0.07586353812669776,0.0
1.3643677937887149,-0.2652773615460897,-1.3252508289380973,0.17765053527684824,-0.675507719875687,-0.46446797800762113,1.5613673065271203,1.3606584090899168,0.07542376557054374,-0.3363363969981567,-0.3405817696720406,0.29899375876715156,0.3197137710954693,0.0
-0.9023898850877358,1.3704614583343575,0.2308510850638061,-1.2703689220740666,-0.675507719875687,-0.8832938621119424,0.4507955583169593,0.5292331319264685,-0.7326880083995674,-0.3363363969981567,-0.3405817696720406,-1.7241973327491584,-0.593811515718959,0.0
-1.6441259455363453,-0.0393771903658165,-0.40389233480080466,1.4647789418109947,-0.675507719875687,-0.9047364523059989,-0.9784619959013349,-0.8995268103835348,-0.7326880083995674,-0.3363363969981567,-0.3405817696720406,0.7084781437983264,-0.5762759770217181,0.0
-0.5353627309203841,1.4468757121030391,0.9610051891477474,0.2983188233894245,-0.675507719875687,-0.916083301407039,-1.0460620153576055,-0.9883198011485632,-0.7326880083995674,-0.3363363969981567,-0.3405817696720406,-0.8326910598492728,0.056263067153950845,0.0
1.4436931577909142,0.25946464634814315,0.2822525857552319,-1.7530420745243716,-0.675507719875687,-0.15788641250108376,-1.0653763066308257,-1.0206081614267555,-0.7326880083995674,-0.3363363969981567,-0.3405817696720406,-0.21177802441530294,0.09344232748834733,0.0
0.19877860035278785,0.5690205090123318,-1.3484236366268547,0.17765053527684824,-0.675507719875687,0.15848396803265344,-0.8239476657155733,-0.7138687387839299,0.8835355395406549,1.6816819849907836,1.7446127385241266,-0.24702362047845958,-0.5596856271974532,0.0
-0.3279435570805852,-0.9468998246496528,0.09461029671849952,0.6201009250229611,1.4803679818552289,0.4494548507447066,-0.592176170436931,-0.4474897664888445,3.3078708614509886,-0.3363363969981567,-0.3405817696720406,1.023038787997688,-0.4447729553793123,1.0
1.7802425055537108,0.8907725256184001,0.9795051331372844,1.062551314769074,1.4803679818552289,-0.645965786663162,-0.43766184025116955,-0.28604796509788366,-0.7326880083995674,-0.3363363969981567,-0.3405817696720406,1.6596273296346136,-0.46054273845445404,1.0
0.4825999585798651,-0.44608778534022064,0.44262373582602144,0.6201009250229611,-0.675507719875687,-1.149275811338612,-0.988119141537945,-0.9156709905226309,-0.7326880083995674,-0.3363363969981567,-0.3405817696720406,0.31803543222654834,-0.09128188875052706,0.0
0.38067236410451494,1.3331998003432288,1.4316238471176046,0.016759484460079934,-0.675507719875687,-1.1598858257338878,-0.6308047529833715,-0.4959223069061327,-0.7326880083995674,-0.3363363969981567,-0.3405817696720406,-0.3478355954779647,-0.594324439176004,0.0
-0.9539944875995884,-0.7659345054746608,-1.4067578285441733,1.062551314769074,1.4803679818552289,0.7253957784653626,-0.03206172351354552,0.10948444830997038,-0.7326880083995674,-0.3363363969981567,-0.3405817696720406,-0.1421545314824126,-0.6160977204920534,1.0
-0.8821174960126749,-1.5795710979114053,-1.4872306697905857,-0.7072502442153775,-0.675507719875687,-1.0383201868773257,-0.22520463624574744,-0.07617362328963456,-0.7326880083995674,-0.3363363969981567,-0.3405817696720406,-0.7930944675479186,-0.6253489980181677,0.0
-1.6170222557915028,-0.22950892908160564,-0.6463833190611746,1.5050017045151869,1.4803679818552289,1.1193282049876623,0.1514240435820463,0.2709262497009312,-0.7326880083995674,-0.3363363969981567,-0.3405817696720406,0.3445672077056164,-0.32792902338648683,1.0
-0.6490977559106722,-1.1258402767808438,0.7161777730377672,-2.1552697015662923,1.4803679818552289,0.14987905681895508,-0.7177190637128623,-0.5847152976711611,-0.7326880083995674,-0.3363363969981567,-0.3405817696720406,-2.322506454896243,-0.6129902384295187,1.0
0.9490943314167742,-0.6982816260260819,0.6926219437343195,1.062551314769074,-0.675507719875687,-0.8431677895670644,0.1707383348552665,0.2870704298400273,0.07542376557054374,-0.3363363969981567,-0.3405817696720406,1.0805707375880333,-0.3685438855058536,0.0
1.2304750917786198,0.09895891740567565,0.12260917675235364,-0.26479985446926463,-0.675507719875687,-0.02569712748870182,-0.5052618597074402,-0.35869677572381603,-0.7326880083995674,-0.3363363969981567,-0.3405817696720406,1.6323116090606347,-0.6293347987051624,0.0
0.20831156770320675,-1.4268592070326307,-0.9079870818945859,-0.06368604094830423,-0.675507719875687,-0.3391086126381468,1.8124530930789828,1.5301723005504257,0.07542376557054374,-0.3363363969981567,-0.3405817696720406,0.679781499378969,-0.382708261439226,0.0
0.056365561548998924,0.23482055619862233,-0.4409688271028167,0.579878162318769,-0.675507719875687,-0.9555537284401309,1.9669674232647443,1.6351094714545502,-0.7326880083995674,-0.3363363969981567,-0.3405817696720406,0.5947757725740314,0.6945956123747953,0.0
-0.08496760170015749,-1.6447714073197388,-0.4980390476916575,-0.506136430694417,-0.675507719875687,-0.8107255541750705,1.0398814421501752,0.9893422658907068,-0.7326880083995674,-0.3363363969981567,-0.3405817696720406,0.11587585309624598,-0.620775841078886,0.0
1.012110805632344,0.30491777322653035,-1.6192582203743,-0.26479985446926463,-0.675507719875687,-0.8408903856547059,-0.891547685171844,-0.7945896394794102,0.07542376557054374,-0.3363363969981567,-0.3405817696720406,0.18259512296668542,-0.629525425094957,0.0
0.10999938076241375,-0.17711581544105384,-1.5799219005456158,0.49943263691038486,-0.675507719875687,-0.7282665386167572,0.9819385683305145,0.9489818155429667,-0.7326880083995674,-0.3363363969981567,-0.3405817696720406,-0.6101112478863375,-0.6009285255330988,0.0
-0.44295228144300397,-0.5529224332392301,0.8795747938646095,-0.023463278244112144,1.4803679818552289,0.32139118798295896,1.4551387045244093,1.2880095984639843,-0.7326880083995674,-0.3363363969981567,-0.3405817696720406,0.5466351334730514,-0.502023842356172,1.0
0.8085760193187325,1.4859722982735228,0.3934437604997989,-2.0748241761579083,-0.675507719875687,1.854917111238637,0.48942414086339964,0.5615214922046607,0.07542376557054374,-0.3363363969981567,-0.3405817696720406,-1.2777383523512886,5.939252508960108,0.0
1.672377573321938,-0.35016704857894443,-0.34774136608722034,-1.1899233966656824,-0.675507719875687,0.6117887113224557,-0.4569761315243897,-0.31026423530652775,0.07542376557054374,-0.3363363969981567,-0.3405817696720406,0.5812520149040091,0.06110792796750315,0.0
1.5275793148864882,0.28295444109080425,0.4967446899817477,0.7809919758397295,1.4803679818552289,-0.3656855089672401,-0.997776287174555,-0.9318151706617269,0.07542376557054374,-0.3363363969981567,-0.3405817696720406,0.8937230018433046,0.012672153641911762,1.0
-1.4826904835009527,-0.22781723609791124,-0.4110931411569806,-0.22457709176507254,-0.675507719875687,-0.33980486227498574,0.3735383932240785,0.4646564113700842,0.07542376557054374,-0.3363363969981567,-0.3405817696720406,0.5575301989324224,-0.47239172440060634,0.0
1.3463856902306217,-1.5668546813124664,0.1654692954361878,-0.023463278244112144,1.4803679818552289,0.5062663076620387,1.7158816367128817,1.4655955799940412,-0.7326880083995674,-0.3363363969981567,-0.3405817696720406,0.4343510758936475,-0.13886886613064145,1.0
1.157981028446202,-1.426653140096147,-0.18817456140728017,1.3038878909942264,-0.675507719875687,-0.7382492219374494,0.1803954804918766,0.30321460997912336,-0.7326880083995674,-0.3363363969981567,-0.3405817696720406,0.6650042765060608,-0.0693333831961177,0.0
-0.03980665222309007,1.622888550845627,-0.7932721082948689,0.49943263691038486,-0.675507719875687,0.9801089014636252,1.3102815199752578,1.1830724275598599,0.07542376557054374,-0.3363363969981567,-0.3405817696720406,-0.19836406308475246,2.1510407343162155,0.0
-0.6459926192425897,1.3706839827893813,-1.7756076434908423,0.7005464504313452,-0.675507719875687,0.31942280045993293,1.4744529957976293,1.3041537786030806,0.07542376557054374,-0.3363363969981567,-0.3405817696720406,-0.3995033174858459,-0.43774836445339943,0.0
-0.8207069905706611,-1.3564309703026436,-1.2755346233513083,0.7005464504313452,-0.675507719875687,0.5585150472590825,0.04519544157933525,0.18213325893590276,-0.7326880083995674,-0.3363363969981567,-0.3405817696720406,-1.2396451230850483,-0.5901713772654634,0.0
-0.975940090446113,1.2683487301390557,-0.13730929097642072,1.022328552064882,-0.675507719875687,-1.1174758499427453,-0.5632047335271008,-0.41520140621065227,-0.7326880083995674,-0.3363363969981567,-0.3405817696720406,0.7641978263951069,-0.2777649030753492,0.0
-0.8020959485027271,1.4837430041224586,0.5119889502464179,0.05698224716427201,-0.675507719875687,-1.090796474027139,0.9915957139671246,0.9570539056125147,-0.7326880083995674,-0.3363363969981567,-0.3405817696720406,0.31464623242901685,-0.3941820123035014,0.0
0.5088611080568074,-1.2998585908726743,-0.8955005772556851,-0.06368604094830423,1.4803679818552289,-0.46276615394534726,-0.9205191220816743,-0.8268779997576023,-0.7326880083995674,-0.3363363969981567,-0.3405817696720406,-0.7387376352902862,-0.1399870904184015,1.0
0.08046695991667623,0.16284746708389833,-1.0475218561262283,1.102774077473266,-0.675507719875687,-0.3573144102097326,-1.190919199906757,-1.1901220528872642,0.07542376557054374,-0.3363363969981567,-0.3405817696720406,-0.6157270731971893,0.16661766385268686,0.0
1.0411290000234947,0.21388540068564038,-0.5920708540981033,0.2580960606852324,-0.675507719875687,-0.5661009481202454,-0.8239476657155733,-0.7138687387839299,-0.7326880083995674,-0.3363363969981567,-0.3405817696720406,-0.7755135667618807,1.7447869639747842,0.0
-1.6356649425643344,0.6686123866035131,0.7155266362927938,1.4647789418109947,-0.675507719875687,-1.2485188320333651,-0.3121189469752383,-0.15689452398511497,-0.7326880083995674,-0.3363363969981567,-0.3405817696720406,2.035450108720762,-0.5931971271108039,0.0
-0.31584736863345614,-0.7537172447467453,1.5661410381968053,0.41898711150200074,1.4803679818552289,0.49340601215141033,0.8081099468715328,0.81175628436065,-0.7326880083995674,-0.3363363969981567,-0.3405817696720406,-0.2506051180378311,-0.05702526061439986,1.0
-1.4700128236013292,1.0918164949245952,1.263707171237418,1.545224467219379,-0.675507719875687,-0.4730410198789035,-1.3164620931826883,-1.3677080344173211,0.8835355395406549,1.6816819849907836,1.7446127385241266,1.8661486292896607,-0.4034669276152965,0.0
0.4266086088515749,-1.5023338164482314,-1.2496423621982504,-1.4312599728908348,1.4803679818552289,2.1520811621552998,0.817767092508143,0.8198283744301981,-0.7326880083995674,-0.3363363969981567,-0.3405817696720406,-0.3557626860690298,0.0018461153296472895,1.0
0.1436100129518367,0.6621148835106516,-1.1078094582784668,0.7005464504313452,-0.675507719875687,-1.1348415834491354,-0.5632047335271008,-0.42327349628020033,-0.7326880083995674,-0.3363363969981567,-0.3405817696720406,0.3745493187313537,-0.38944138340249923,0.0
1.6693040813587532,-1.600897302721195,-0.8994073977255252,1.4647789418109947,-0.675507719875687,2.0901914412526,1.0978243159698358,1.0297027162384471,0.8835355395406549,-0.3363363969981567,-0.3405817696720406,0.5118503820469241,0.8330996074541803,0.0
1.744452344314462,-1.551467571475466,-0.823147794240705,0.8614375012481136,1.4803679818552289,-0.26476560366362994,-1.0364048697209955,-0.9721756210094672,-0.7326880083995674,-0.3363363969981567,-0.3405817696720406,-0.28434017525428507,0.02131161243357476,1.0
-0.6994484369909553,-0.6577822085266027,-0.06193063720538801,1.9876748569654918,-0.675507719875687,-1.1058926631521475,0.325252665041028,0.424295961022344,-0.7326880083995674,-0.3363363969981567,-0.3405817696720406,2.2452750651827493,-0.09180333835710819,0.0
0.07103288226906251,-1.4985191887107312,-0.45816649760240696,-1.592151023707603,-0.675507719875687,0.04214079378975732,-0.8625762482620137,-0.762301279201218,0.8835355395406549,-0.3363363969981567,-0.3405817696720406,-0.9822288609596935,-0.4290155707697855,0.0
1.1887199036661626,-0.08395645484388363,-0.3274029183471704,-1.592151023707603,-0.675507719875687,0.6621853697018297,0.43148126704373907,0.5130889517873725,-0.7326880083995674,-0.3363363969981567,-0.3405817696720406,-0.8505757482570836,-0.6329304286663084,0.0
0.030844107049039303,0.62771547894302,0.8816814127454056,1.5050017045151869,-0.675507719875687,-0.6730205891474933,0.09348116976238573,0.22249370928364295,-0.7326880083995674,-0.3363363969981567,-0.3405817696720406,1.5736665928124827,1.9789271078279378,0.0
-1.7012485934647266,1.1257207895203858,0.2034650396134563,0.2580960606852324,-0.675507719875687,-1.2111205248735755,-1.0750334522674359,-1.0286802514963034,-0.7326880083995674,-0.3363363969981567,-0.3405817696720406,0.05386908440911786,-0.5519071560779828,0.0
1.651128153983162,-1.513935230613613,-0.06633538577432539,-1.2703689220740666,-0.675507719875687,-0.6402327366670685,-0.6597761898932017,-0.5282106671843249,-0.7326880083995674,-0.3363363969981567,-0.3405817696720406,-1.0052187168377213,-0.2859574048414698,0.0
0.9667402099853297,0.15197145710053564,-0.8218838229122274,-1.551928261003411,-0.675507719875687,-0.4050953012660932,-0.2734903644287979,-0.11653407363737477,-0.7326880083995674,-0.3363363969981567,-0.3405817696720406,-1.409852736002923,-0.36846329775890957,0.0
-0.7531455456141654,-0.12439230027332089,1.4859746142421448,-0.18435432906088045,-0.675507719875687,-0.6630495139162536,0.03553829594272515,0.17406116886635473,0.07542376557054374,-0.3363363969981567,-0.3405817696720406,-0.5891573118747407,-0.22667269393695613,0.0
-1.695141165419479,-0.3564353272373497,0.42071489946574164,-0.1039088036524963,1.4803679818552289,0.04329201650039831,1.2619957917922073,1.1507840672816676,-0.7326880083995674,-0.3363363969981567,-0.3405817696720406,-0.4026705473653951,-0.6326054904299275,1.0
-1.296576107233501,-0.8858098563804407,-0.8502657245607718,-0.22457709176507254,1.4803679818552289,0.25986110370007,1.7545102192593223,1.4898118502026854,-0.7326880083995674,-0.3363363969981567,-0.3405817696720406,-0.7356482077177879,-0.5558515829899854,1.0
-1.2630010753370877,-0.22615982035706006,0.9256139919503723,0.49943263691038486,-0.675507719875687,-1.155857718945442,1.4647958501610192,1.2960816885335324,-0.7326880083995674,-0.3363363969981567,-0.3405817696720406,0.4978763686265346,-0.5796369184999967,0.0
-1.5208658643718627,0.6770695966639586,-1.2217583886488033,2.229011433190644,-0.675507719875687,1.6701321475836806,0.6439384710491611,0.6826028432478813,1.691647313510766,-0.3363363969981567,-0.3405817696720406,1.8172656691339077,-0.17237257742016154,0.0
0.31272722710113515,0.40832048806961013,0.7636724532593528,0.17765053527684824,1.4803679818552289,-0.0539825387525394,-0.7466905006226926,-0.6250757480189014,0.07542376557054374,-0.3363363969981567,-0.3405817696720406,-0.049475558892041374,0.19662163079695358,1.0
-0.18382170421232283,-0.9186744585324843,-0.2472747965539791,-1.1497006339614904,-0.675507719875687,-0.15199316189362314,0.7501670730518722,0.7713958340129098,-0.7326880083995674,-0.3363363969981567,-0.3405817696720406,-0.7848792261378433,0.16618883830108058,0.0
0.40674760094018353,1.6306409637878667,0.2303148548032398,-1.2301461593698746,-0.675507719875687,1.1549354152258962,1.8027959474423727,1.5221002104808776,0.07542376557054374,-0.3363363969981567,-0.3405817696720406,-0.6929679133742205,-0.5678830078853835,0.0
-1.448870205141583,1.150982032913512,0.9558726995108986,0.7407692131355373,-0.675507719875687,-0.7830984872642167,0.9819385683305145,0.9489818155429667,0.07542376557054374,-0.3363363969981567,-0.3405817696720406,0.6170597723377167,-0.4784005450702094,0.0
-0.3108395940834021,-0.1423472086918694,-0.5168071068114777,0.4592098742061928,-0.675507719875687,-1.014285557012933,0.7115384905054318,0.7391074737347176,-0.7326880083995674,-0.3363363969981567,-0.3405817696720406,-0.08291414463252714,-0.2715655219965618,0.0
0.015860339279999157,1.1885069408700057,1.5059683425289736,0.05698224716427201,1.4803679818552289,0.21649157639984706,-0.785319083169133,-0.6654361983666416,0.8835355395406549,1.6816819849907836,1.7446127385241266,-0.026659400785771507,0.5215515649384025,1.0
-0.598743119242277,0.20416406367703915,-0.12275446961819285,0.539655399614577,-0.675507719875687,-0.5538994975389933,-1.3550906757291286,-1.4403568450432536,3.3078708614509886,-0.3363363969981567,-0.3405817696720406,1.1598253243315986,-0.6113755437692132,0.0
-0.7583590107460542,1.3674983461596997,0.895546795197191,1.585447229923571,1.4803679818552289,-0.4700970683152792,-1.3164620931826883,-1.3677080344173211,2.4997590874808773,-0.3363363969981567,-0.3405817696720406,0.9508745664635412,-0.15193597373529993,1.0
-1.0141154713170228,-0.44318873755453536,-0.8937386778281102,0.4592098742061928,-0.675507719875687,0.7270055980744313,-0.38937611206811906,-0.23761542468059538,3.3078708614509886,1.6816819849907836,1.7446127385241266,-0.5410361502282818,-0.614749608547087,0.0
0.9421562298679632,1.317483825162177,1.3481251351151395,-1.7128193118201793,-0.675507719875687,-0.7799027552469288,-1.0267477240843854,-0.9641035309399191,-0.7326880083995674,-0.3363363969981567,-0.3405817696720406,-2.0420885446854076,-0.007819586763484768,0.0
0.5420484923182243,0.8824374624758098,1.0580245641487769,0.09720500986846409,-0.675507719875687,-1.1382474696900997,-0.4956047140708301,-0.3425525955847199,-0.7326880083995674,-0.3363363969981567,-0.3405817696720406,0.6245397315252872,-0.5316415731043589,0.0
1.0811437293665809,-0.9311815618513141,0.18565453453036168,-0.506136430694417,-0.675507719875687,0.8488351171802284,-0.051376014786765706,0.0933402681708743,-0.7326880083995674,-0.3363363969981567,-0.3405817696720406,1.1553244122639565,1.8478471797240055,0.0
-0.9310599877250122,1.3693104759007533,-1.4584274443658822,-1.1899233966656824,1.4803679818552289,0.387710371161728,-0.6501190442565916,-0.5120664870452288,0.8835355395406549,-0.3363363969981567,-0.3405817696720406,0.14901302899927765,0.3270156875128059,1.0
-1.733091077767993,0.13028111766269754,0.15719602855887932,0.41898711150200074,1.4803679818552289,0.32795222502902943,0.325252665041028,0.424295961022344,-0.7326880083995674,-0.3363363969981567,-0.3405817696720406,1.7263606128816618,-0.1801484821089128,1.0
0.15725679193895087,-0.5171613041224922,1.3987605925771849,-0.988809583144722,-0.675507719875687,2.204298261720948,0.9915957139671246,0.9570539056125147,2.4997590874808773,-0.3363363969981567,-0.3405817696720406,-2.148173373666145,0.35274129443212326,0.0
-1.043948516859288,1.3978222309730288,-0.5143557684774603,-0.22457709176507254,-0.675507719875687,-0.6309087246226943,-0.24451892751896762,-0.09231780342873065,-0.7326880083995674,-0.3363363969981567,-0.3405817696720406,-1.3154578171868059,0.972328728928098,0.0
-0.6919407307539863,-0.9405984162586939,1.4870087726018084,-0.5463591933986092,1.4803679818552289,-1.0144538462519854,-1.7413765011935325,-2.1749170413721255,0.8835355395406549,1.6816819849907836,1.7446127385241266,0.3083637795709285,-0.6092899925381364,1.0
1.0300335753687542,0.3200885366558402,1.106246985438274,-2.436829040495637,1.4803679818552289,0.9107583872650695,-0.24451892751896762,-0.09231780342873065,-0.7326880083995674,-0.3363363969981567,-0.3405817696720406,-1.3782238369458673,0.3304002846831628,1.0
-0.6898205355258433,-1.5062175132002251,0.49946414344604817,1.3441106536984184,-0.675507719875687,0.03171991458320636,-0.6114904617101512,-0.47170603669748856,0.07542376557054374,-0.3363363969981567,-0.3405817696720406,0.09960423317372818,-0.6278235119556305,0.0
0.2948717023626327,-1.2850470684952746,0.4725377239333266,1.545224467219379,-0.675507719875687,-0.25067414166158847,1.0688528790600054,1.013558536099351,-0.7326880083995674,-0.3363363969981567,-0.3405817696720406,1.138807296493746,1.4225950812811965,0.0
1.2383546232981362,1.203196308926258,-1.0275281278393995,0.2580960606852324,-0.675507719875687,-0.6488410017906779,0.47010984959017943,0.5453773120655646,0.07542376557054374,-0.3363363969981567,-0.3405817696720406,-0.38461072570031507,-0.619576221700596,0.0
0.656024808183357,-0.09086552175621355,-0.6860643583430801,-0.1441315663566884,-0.675507719875687,-0.709894667504933,-0.8818905395352339,-0.7865175494098622,0.07542376557054374,-0.3363363969981567,-0.3405817696720406,0.7167668703727115,-0.48520617045077785,0.0
-1.3282010341905959,0.9092450352104652,-0.09981147489824947,-0.38546814258184087,-0.675507719875687,-1.0511105609742342,1.2619957917922073,1.1507840672816676,-0.7326880083995674,-0.3363363969981567,-0.3405817696720406,-0.6760646728429989,-0.4913881399452896,0.0
-1.028988482618921,0.1352236665786279,-0.8886444903527304,-0.988809583144722,-0.675507719875687,-0.9377522610602711,-0.43766184025116955,-0.28604796509788366,-0.7326880083995674,-0.3363363969981567,-0.3405817696720406,-1.3656976424829512,-0.10637852737529001,0.0
1.1459481294088683,-1.2031320797893565,1.4197884792236772,-1.3910372101866428,-0.675507719875687,2.071056680229946,0.817767092508143,0.8198283744301981,1.691647313510766,-0.3363363969981567,-0.3405817696720406,-0.8370881470099336,-0.3625653138728311,0.0
-1.3204955485480165,0.43365817415625224,-0.8647822437575305,-0.18435432906088045,1.4803679818552289,0.44892711743492014,1.735195927986102,1.4817397601331375,-0.7326880083995674,-0.3363363969981567,-0.3405817696720406,-0.2533816303079145,-0.10054574148832958,1.0
-0.4841971986889864,0.6559106729428651,0.8968107665256687,-1.1497006339614904,-0.675507719875687,-0.8636854094686978,1.5227387239806798,1.3364421388812726,-0.7326880083995674,-0.3363363969981567,-0.3405817696720406,-2.021474042774259,-0.28404621643402805,0.0
1.4296587311688038,0.08864098979752859,1.1884434239507922,-0.42569090528603293,1.4803679818552289,2.705781926204341,1.1847386266993265,1.0942794367948314,1.691647313510766,-0.3363363969981567,-0.3405817696720406,0.8903376672499134,-0.22344089776844628,1.0
-0.7191195766729607,-0.8998915548103836,0.7024655992318578,1.062551314769074,1.4803679818552289,0.35000856486683146,-0.40869040334133927,-0.25375960481969145,-0.7326880083995674,-0.3363363969981567,-0.3405817696720406,0.009455670949122775,-0.11603833559858301,1.0
-0.019114970808135213,1.3727539654957928,1.0423206779464782,-0.26479985446926463,-0.675507719875687,0.13711588299197625,0.48942414086339964,0.5615214922046607,0.8835355395406549,-0.3363363969981567,-0.3405817696720406,-0.04005816992045139,-0.3971146343810188,0.0
1.5183034607633628,-1.187863452240577,0.1414155380336428,0.49943263691038486,-0.675507719875687,-0.10790663444150636,-0.9205191220816743,-0.8268779997576023,2.4997590874808773,-0.3363363969981567,-0.3405817696720406,0.5736196959538826,-0.13545606137774083,0.0
0.2126310699217368,1.287638285565523,-1.3260551743289466,-0.5463591933986092,-0.675507719875687,-0.715434993557749,-0.32177609261184836,-0.17303870412421105,0.07542376557054374,-0.3363363969981567,-0.3405817696720406,-0.9300557753017232,-0.4542121047315605,0.0
0.8217876836135038,0.6461911127243897,-0.17798618645652067,1.4647789418109947,-0.675507719875687,1.6040146799904331,1.7641673648959322,1.4978839402722335,0.07542376557054374,-0.3363363969981567,-0.3405817696720406,0.3762435255866376,-0.13241844362623706,0.0
0.8811254608847212,-1.4309657650894427,0.18312659187340632,1.3038878909942264,-0.675507719875687,-0.7595345710651531,1.242681500518987,1.1346398871425716,-0.7326880083995674,-0.3363363969981567,-0.3405817696720406,0.5995391803579824,-0.6253266791620462,0.0
-1.5120607252340899,0.3614655182017349,0.5105717702720641,-2.1954924642704845,-0.675507719875687,1.4229281399135303,0.19005262612848667,0.3112867000486714,0.07542376557054374,-0.3363363969981567,-0.3405817696720406,-1.1767246187599434,-0.6313070434764265,0.0
-1.502757181994179,0.8368357367165699,-1.7337433810052028,0.9016602639523057,-0.675507719875687,-0.780513774865218,0.46045270395356935,0.5373052219960166,0.07542376557054374,-0.3363363969981567,-0.3405817696720406,0.786329216779062,-0.38365018771367576,0.0
-1.301354457673047,0.2030984300974559,-0.5273402012154583,-0.8279185323279538,-0.675507719875687,-0.989582243383647,-1.7220622099203122,-2.142628681093933,0.8835355395406549,3.6997003669797235,1.7446127385241266,-0.365486566692948,-0.5785879809985576,0.0
0.2407394790470798,-1.5691372421508432,-1.2938047543720312,-1.7530420745243716,1.4803679818552289,2.4699434258067012,1.1171386072430558,1.0458468963775431,-0.7326880083995674,-0.3363363969981567,-0.3405817696720406,-1.1883271892651643,0.5381545574034865,1.0
0.3500640232922571,0.5793384736369398,0.9027859037148359,0.2580960606852324,-0.675507719875687,-0.7425349155115641,-0.688747626803032,-0.552426937392969,0.07542376557054374,-0.3363363969981567,-0.3405817696720406,1.4093654918674519,-0.5843757869634136,0.0
0.5357155957505808,1.6082944372483472,-0.8216923121048822,1.3441106536984184,-0.675507719875687,-0.5514953907158996,-0.34109038388506857,-0.18918288426330715,-0.7326880083995674,-0.3363363969981567,-0.3405817696720406,0.8533093593021097,1.3486032301996134,0.0
-0.07199722828023071,1.1091320291180276,-1.1050134004912282,-0.26479985446926463,-0.675507719875687,1.5949753803872821,1.4068529763413586,1.2557212381857923,1.691647313510766,-0.3363363969981567,-0.3405817696720406,-1.2206289111563888,-0.5423269558358504,0.0
0.1432184097287282,-1.2819079911701807,1.0728475006372877,0.8212147385439215,-0.675507719875687,-1.1543043814079859,1.8607388212620333,1.5624606608286178,-0.7326880083995674,-0.3363363969981567,-0.3405817696720406,0.7497394737803461,-0.6122910357359854,0.0
0.5273060154240288,-0.1568942484557543,0.11674894604759348,-2.436829040495637,1.4803679818552289,2.2253277025393277,0.9433099857840741,0.9166934552647745,0.07542376557054374,-0.3363363969981567,-0.3405817696720406,-2.8636727741041343,-0.45304684111182525,1.0
0.7293297670787773,1.5885693831587588,-1.6517767554614986,0.7005464504313452,1.4803679818552289,0.29596620271779456,0.12245260667221601,0.2467099794922871,-0.7326880083995674,-0.3363363969981567,-0.3405817696720406,1.8580195637084995,0.9269768416890599,1.0
-1.38545421652668,-0.7301200985656722,0.32453817201703067,-0.465913667990225,-0.675507719875687,1.3400068349445122,0.5763384515928905,0.6341703028305931,-0.7326880083995674,-0.3363363969981567,-0.3405817696720406,1.274792768612498,1.1542034386285838,0.0
1.7240929323009324,1.5130131302368786,0.018503901879555425,1.102774077473266,-0.675507719875687,-0.19762518656508965,0.21902406303831698,0.3355029702573155,0.07542376557054374,-0.3363363969981567,-0.3405817696720406,0.6740949529515039,0.6311854964774612,0.0
-1.1632332319710026,0.1645673629091934,-1.170969722540882,-1.511705498299219,-0.675507719875687,-0.6583713323665308,-0.7660047918959128,-0.6492920182275455,-0.7326880083995674,-0.3363363969981567,-0.3405817696720406,-1.3651229320198641,-0.5664847991510532,0.0
0.382298110818632,-1.6336274129656552,0.6940774258701422,-0.023463278244112144,1.4803679818552289,0.12992635152251183,0.9336528401474641,0.9086213651952265,-0.7326880083995674,-0.3363363969981567,-0.3405817696720406,-0.3133214774546222,-0.29969758028120497,1.0
-0.9070297899433546,0.7469844113788708,0.5263905629587697,-0.8681412950321458,-0.675507719875687,-0.606711010964935,-0.5438904422538806,-0.3990572260715562,-0.7326880083995674,-0.3363363969981567,-0.3405817696720406,-0.14697175213100955,-0.4280546771116466,0.0
-0.4725123914055269,-0.23286025879380842,-1.2727768677255389,0.49943263691038486,-0.675507719875687,-1.0209675174507276,0.7887956555983127,0.7956121042215539,-0.7326880083995674,-0.3363363969981567,-0.3405817696720406,-0.1374064825379523,-0.538517738328328,0.0
-0.39552082438952973,0.836957998385454,0.4108712439682033,-0.22457709176507254,1.4803679818552289,-0.5097268074955495,-0.891547685171844,-0.7945896394794102,-0.7326880083995674,-0.3363363969981567,-0.3405817696720406,0.17817082326786107,-0.6191121404111223,1.0
-1.195918256542169,0.026523851753310325,1.2781087839497696,1.8670065688529156,1.4803679818552289,-0.2804100917590234,-1.1716049086335367,-1.16590578267862,0.8835355395406549,1.6816819849907836,1.7446127385241266,1.016695302207024,1.2323359526952289,1.0
-1.148700401246754,-0.8055131125963924,-0.8455928608615512,-0.7876957696237616,-0.675507719875687,-0.6635153885670546,1.5613673065271203,1.3606584090899168,-0.7326880083995674,-0.3363363969981567,-0.3405817696720406,-0.4885801909056767,-0.18219411706671834,0.0
0.13325428327407876,0.7494863798862589,1.5003379247930277,1.1832196028816502,1.4803679818552289,1.8313290526967005,0.47010984959017943,0.5453773120655646,-0.7326880083995674,-0.3363363969981567,-0.3405817696720406,-1.339998160550278,1.0716444230184379,1.0
-0.8475258779714245,0.5228885150466368,0.31680113540028854,0.41898711150200074,-0.675507719875687,1.3747676334482029,1.5999958890735606,1.384874679298561,1.691647313510766,-0.3363363969981567,-0.3405817696720406,-0.024549289543468696,-0.44578726990361156,0.0
-0.35353621216656456,0.0721766121072673,-0.8039967135061947,1.3038878909942264,-0.675507719875687,-0.30824659316873587,0.8370813837813631,0.8359725545692941,-0.7326880083995674,-0.3363363969981567,-0.3405817696720406,0.3868123800099707,-0.11643550589755097,0.0
-0.12350689667739037,-0.1582280292784867,0.6556986600781836,-0.42569090528603293,1.4803679818552289,-0.21417537064576309,-0.9398334133548945,-0.8510942699662465,-0.7326880083995674,-0.3363363969981567,-0.3405817696720406,0.6938325910114224,-0.6249118377613853,1.0
0.6978749304105072,0.21219583244680473,1.2498417887856323,0.6201009250229611,1.4803679818552289,1.050642724239935,0.1514240435820463,0.2709262497009312,-0.7326880083995674,-0.3363363969981567,-0.3405817696720406,0.5312090145715161,3.6954836704613054,1.0
-0.8604606510983415,0.12155539389613941,1.4370627540462055,-0.506136430694417,-0.675507719875687,-0.9771848536862878,-1.712405064283702,-2.110340320815741,0.8835355395406549,1.6816819849907836,1.7446127385241266,0.5466628011600773,1.3583315553162594,0.0
-1.5671976679301434,-1.4804064013845688,0.2100913135475969,0.016759484460079934,-0.675507719875687,-0.8176441990574119,-0.44731898588777963,-0.29412005516743167,0.07542376557054374,-0.3363363969981567,-0.3405817696720406,0.36460053538249254,-0.4198496333366086,0.0
1.053094654062921,-0.9273369618853795,-0.4115527670946088,0.7809919758397295,-0.675507719875687,-1.093635067008105,-0.40869040334133927,-0.25375960481969145,-0.7326880083995674,-0.3363363969981567,-0.3405817696720406,0.6965136736057956,0.2195035902829753,0.0
0.7863377029519046,0.8553301970699805,-1.4942399653394165,-0.42569090528603293,-0.675507719875687,0.21381303041140098,-0.37006182079489885,-0.21339915447195126,0.07542376557054374,-0.3363363969981567,-0.3405817696720406,0.7365934813291583,0.5539950537815077,0.0
-1.251945206563469,-0.5439485141019769,-1.5778918859877578,-0.7072502442153775,-0.675507719875687,-0.9703787514097852,0.7598242186884823,0.7794679240824578,-0.7326880083995674,-0.3363363969981567,-0.3405817696720406,-1.6690433540816298,-0.48716144331954736,0.0
-1.2922645161911952,1.1080412909746253,-1.6929898812021649,0.9821057893606898,1.4803679818552289,-0.17722612490692866,-0.8142905200789633,-0.7057966487143817,-0.7326880083995674,-0.3363363969981567,-0.3405817696720406,0.27222892988564135,0.23284943820903797,1.0
-0.006654868254683137,1.224673999900855,1.4262998466734107,-0.1039088036524963,-0.675507719875687,-1.129626065850395,0.1514240435820463,0.2709262497009312,-0.7326880083995674,-0.3363363969981567,-0.3405817696720406,-0.16265299944198042,-0.6291913671768812,0.0
0.8728108146728621,-0.6183936328104696,-0.9996058521284834,0.3787643487978086,-0.675507719875687,-0.8110965486546814,0.03553829594272515,0.16598907879680666,-0.7326880083995674,-0.3363363969981567,-0.3405817696720406,-0.28668336481743395,0.648446104698368,0.0
1.7520352067255627,0.2301156418570769,-0.7635113288334399,-0.18435432906088045,-0.675507719875687,-0.9645270109165172,-0.19623319933591715,-0.043885263011442396,-0.7326880083995674,-0.3363363969981567,-0.3405817696720406,0.6484723171233274,-0.6279206831273243,0.0
0.1826081561500856,0.4919290872119002,-1.578619627055669,-1.4312599728908348,1.4803679818552289,2.144007797110575,0.7115384905054318,0.7391074737347176,0.8835355395406549,-0.3363363969981567,-0.3405817696720406,0.2795153774338379,0.6683492312999131,1.0
-0.8693251240577974,-1.5300491327499177,-1.4985298074239468,-0.3050226171734567,1.4803679818552289,-0.282053138040217,-0.4762904227976099,-0.3264084154456238,-0.7326880083995674,-0.3363363969981567,-0.3405817696720406,-0.06728571794347055,-0.5472358727920228,1.0
1.3914398388286595,0.5969934376723799,1.4466382944134606,-0.18435432906088045,-0.675507719875687,-1.1207503448699978,0.03553829594272515,0.17406116886635473,-0.7326880083995674,-0.3363363969981567,-0.3405817696720406,-0.23798311921641585,-0.6050740327094379,0.0
-1.1435146252316506,1.3170380655360796,1.2274350243262553,-0.988809583144722,1.4803679818552289,0.1518161500924266,-0.8336048113521835,-0.7219408288534779,3.3078708614509886,-0.3363363969981567,-0.3405817696720406,-1.0013927064158428,-0.0705259672349361,1.0
-1.2160680223857516,0.7199700943064965,-1.548897149755709,-0.34524537987764875,1.4803679818552289,0.18949168638264838,1.242681500518987,1.1346398871425716,-0.7326880083995674,-0.3363363969981567,-0.3405817696720406,-0.47124667469282205,-0.5537509598480823,1.0
0.917370514756874,-0.12138365415004372,0.9518509725566514,0.17765053527684824,-0.675507719875687,-0.06809090843891442,0.6632527623223814,0.6987470233869774,0.8835355395406549,-0.3363363969981567,-0.3405817696720406,0.10642770734832079,-0.3730483989267524,0.0
1.7778770638626111,0.41878316114502473,-1.589650649558747,1.545224467219379,1.4803679818552289,-0.22038419449662688,0.9819385683305145,0.9489818155429667,-0.7326880083995674,-0.3363363969981567,-0.3405817696720406,1.6934894451587568,-0.5584074194739954,1.0
-0.5649070185304582,0.9498179081750612,0.15087617191649091,-1.0290323458489141,-0.675507719875687,-0.72826842223784,-1.5192621515515001,-1.722879997477435,0.07542376557054374,3.6997003669797235,3.8298072467202937,-0.5637276138987399,-0.5939044574610052,0.0
0.5881746052946701,1.3222589190120446,-1.7514772817653594,0.05698224716427201,-0.675507719875687,-0.30623149422028406,-0.4569761315243897,-0.30219214523697974,-0.7326880083995674,-0.3363363969981567,-0.3405817696720406,1.9891511046922974,-0.6330206592513989,0.0
0.7511408799294867,0.2949496548760425,-0.6298750874680267,-1.2301461593698746,1.4803679818552289,2.2363617164135987,0.9626242770572944,0.9328376354038705,-0.7326880083995674,-0.3363363969981567,-0.3405817696720406,-0.04924428576415365,-0.5440842654304625,1.0
-0.6034423579195789,-1.5274610047280137,0.18262866377430906,-1.3508144474824508,-0.675507719875687,0.2759818400338412,-0.03206172351354552,0.10948444830997038,-0.7326880083995674,-0.3363363969981567,-0.3405817696720406,-0.4620183264099754,-0.6070574036308916,0.0
-0.8561332377035871,-0.38308295924751606,-0.5533856710143924,0.7809919758397295,-0.675507719875687,-0.5091719738189975,0.8853671119644135,0.8763330049170343,0.07542376557054374,-0.3363363969981567,-0.3405817696720406,0.16380334350224385,-0.6273753804041236,0.0
0.4741429111959665,-0.6758082033567668,1.5967827673720216,1.2636651282900344,-0.675507719875687,-0.40041984673982467,-1.084690597904046,-1.0367523415658515,1.691647313510766,-0.3363363969981567,-0.3405817696720406,1.3921921585302037,0.3800543810059951,0.0
1.3197764489998052,0.23686362053462817,-1.4052640442468813,-0.6670274815111854,-0.675507719875687,-0.5680212887951346,-1.1329763260870964,-1.109401152191784,0.8835355395406549,-0.3363363969981567,-0.3405817696720406,-0.4169126131042917,-0.6210790462751001,0.0
0.35833911362299414,1.2029133291872047,0.7780740659717046,1.062551314769074,1.4803679818552289,-0.29542223463059236,-1.1812620542701469,-1.1739778727481682,0.07542376557054374,1.6816819849907836,1.7446127385241266,1.3936564708660726,-0.18371715472359887,1.0
-1.0555739903210644,-0.14746815103807426,-0.7722442216483766,-0.506136430694417,-0.675507719875687,1.4300848490817708,0.6922241992322117,0.7229632935956215,0.07542376557054374,-0.3363363969981567,-0.3405817696720406,-0.619589182981057,4.178211657842815,0.0
0.769680721411401,-1.0979036501640531,1.6018386526859325,1.1429968401774582,-0.675507719875687,-1.088335959534394,-1.084690597904046,-1.0367523415658515,-0.7326880083995674,-0.3363363969981567,-0.3405817696720406,0.5274884023586488,-0.6089370256251894,0.0
0.7156552989748777,-0.33993890439684077,1.6162402653982841,0.7809919758397295,1.4803679818552289,0.33703822034076586,0.9819385683305145,0.9489818155429667,-0.7326880083995674,-0.3363363969981567,-0.3405817696720406,0.16144974484542404,-0.6329438029659862,1.0
0.10650659645933497,1.059199014665879,0.5476865647355452,0.17765053527684824,1.4803679818552289,-0.46606925848847885,-0.8625762482620137,-0.75422918913167,-0.7326880083995674,-0.3363363969981567,-0.3405817696720406,0.565300414220932,0.1781665113686138,1.0
-1.3071217051406447,-1.3314224790065556,0.0460431559757813,0.33854158609361656,1.4803679818552289,0.3449197802302362,-0.14794747115286666,-0.003524812663702192,0.07542376557054374,-0.3363363969981567,-0.3405817696720406,1.1775414120411252,-0.42456122022060394,1.0
1.6439250280308328,-0.801496778461509,0.6230652185065779,2.510570772119989,-0.675507719875687,1.9055755724197911,0.8370813837813631,0.8359725545692941,-0.7326880083995674,-0.3363363969981567,-0.3405817696720406,1.2216292366786385,-0.49285989158000104,0.0
-1.2939337743745465,0.9102375353681421,0.06975219392510511,-0.1441315663566884,-0.675507719875687,1.2856748104289173,0.09348116976238573,0.22249370928364295,0.07542376557054374,1.6816819849907836,1.7446127385241266,-0.18749088855485355,-0.5766620937836201,0.0
-1.416197047334753,-0.052293140495880554,-1.175106355979536,-1.4714827355950268,-0.675507719875687,0.20807701121562086,-0.7177190637128623,-0.5847152976711611,0.8835355395406549,-0.3363363969981567,-0.3405817696720406,-0.742133862620318,-0.5568612943637322,0.0
