income,homeownership,purchases,credit_limit,fico,num_late,past_def,num_bankruptcy,avg_income,density,log_odds_utils
47000.0,0,3097.15720038699,3100.0,427.0,3,1,1,48715.3363453842,119.707639098952,1.000458796575528
71000.0,1,13689.5668041389,24300.0,743.0,0,0,0,85949.9929713199,252.706862227836,1.3142129980697648
38000.0,0,6774.73020575145,15200.0,640.0,0,0,0,59813.54,19.55655,1.4578829800556696
68000.0,0,8895.21432707288,25200.0,752.0,0,0,0,68412.2092363133,2031.96251940467,1.6094373212617532
58000.0,1,12339.389401516,35900.0,849.0,0,0,0,52102.2761075275,10.6216698182012,1.6272529570091792
57000.0,0,6178.67998769877,30100.0,799.0,1,0,0,65421.7592646734,8.64063873867074,1.9924049988428754
67000.0,0,1318.85006525362,9800.0,563.0,0,0,0,61770.2843186896,45.2818867814037,2.317503832311935
67000.0,0,2548.66239995078,28600.0,785.0,0,0,0,55437.47,2.840924,2.6543807138706916
58000.0,1,11401.5327870578,34000.0,833.0,0,0,0,55169.9547524355,0.255768512774468,1.6438651453841773
55000.0,0,4684.55127565209,10000.0,566.0,0,0,0,37892.88,754.1092,1.4266245432115896
59000.0,1,7799.63684647849,7800.0,530.0,2,1,1,32993.5512799092,664.173455212373,1.0000232797944706
96000.0,0,14652.3873237505,29500.0,793.0,1,0,0,70725.2943460859,405.416135644669,1.3903727471457277
32000.0,0,2575.303267949,10600.0,575.0,0,0,0,39361.3454952948,29.2927177323118,1.8689552416164794
97000.0,0,3781.49556091288,10800.0,579.0,0,0,0,71234.1626510714,31.6851573979399,1.6148464187581149
18000.0,0,7916.8567768617,9000.0,550.0,1,0,0,43033.5225030587,74.1794864339891,1.0654850368632787
97000.0,0,1018.25097764268,17700.0,671.0,0,0,0,90418.5919625527,22.2439005086762,3.029776091411585
44000.0,0,5218.94829870715,11900.0,595.0,0,0,0,57687.5053241319,826.061268452335,1.4681050402736393
98000.0,1,20050.4669517411,22500.0,724.0,0,0,0,65972.9937539925,170.251825419437,1.0587383154775543
37000.0,1,22017.134635137,34800.0,840.0,0,0,0,53840.2830682074,4.68081537255702,1.246302288287616
49000.0,0,12701.6447545371,27800.0,777.0,2,0,0,54055.41,92.225,1.442267419683434
47000.0,0,6502.22955213307,7800.0,530.0,3,0,0,42207.8645637081,21.0212049861062,1.0937474662902522
52000.0,0,7056.94127437209,17000.0,662.0,0,0,0,67741.56,932.1642,1.5032022021689915
61000.0,0,4481.52328550076,16300.0,654.0,1,0,0,66262.6215448202,118.964171365906,1.780821229331124
62000.0,0,1660.06474044609,16600.0,658.0,0,0,0,60832.67,3.814968,2.5583956347750383
68000.0,0,3210.08035362636,23200.0,732.0,0,0,0,54188.1838604271,170.519895408456,2.2954702766974884
53000.0,1,5827.86631368421,9600.0,560.0,0,0,0,47552.3539906614,44.3971194090025,1.2702298033802695
81000.0,0,1373.97247717524,20900.0,707.0,0,0,0,76082.3524453291,21.8255866630183,2.9135828350731896
72000.0,0,15143.8789731224,15400.0,642.0,1,1,1,60623.6156608193,43.1860955477802,1.0084089826453346
68000.0,0,1450.53575729002,12200.0,600.0,0,0,0,70327.94,112.57,2.4168587119998586
25000.0,0,3897.76375221351,15000.0,637.0,0,0,0,30265.9098398205,265.151204361302,1.8207780566169451
51000.0,0,3371.73765574896,26000.0,760.0,0,0,0,59261.8611555842,216.537699525887,2.3470373038853913
116000.0,0,24477.7037753076,27600.0,775.0,3,0,0,87264.2344713876,257.045474752778,1.0612273339673397
104000.0,0,1833.91996067386,13200.0,613.0,0,0,0,88335.09,334.7384,2.2922279635634744
39000.0,0,11335.8554639228,32600.0,821.0,1,0,0,53579.3795042888,21.6910497635736,1.6194742291788404
6000.0,0,22490.734182221,22900.0,729.0,1,0,0,43979.2242709509,0.980244755851561,1.0090438505935384
99000.0,0,23883.4177056926,24200.0,742.0,2,0,0,56923.1368317349,237.053397295009,1.0065985675965752
79000.0,0,3467.03047197561,3500.0,437.0,1,1,1,67707.332559909,81.3144963781361,1.0047397210805091
84000.0,0,5407.01267391062,12000.0,597.0,2,0,0,89302.96,159.0768,1.451014278011822
58000.0,0,5948.03525853505,25800.0,758.0,0,0,0,71961.5251041672,668.402942017572,1.9069492471005134
83000.0,0,4779.96919074166,25700.0,757.0,1,0,0,72359.6788231551,139.161868542263,2.066386158295269
85000.0,1,18272.150765471,37600.0,863.0,1,0,0,94441.6699592816,24.8131853958038,1.403836297775986
58000.0,0,20387.3870068263,26900.0,769.0,3,0,0,72543.27,1.739315,1.1450005193697437
55000.0,0,8322.28720157053,24800.0,748.0,1,0,0,69051.8632095285,89.6479974283997,1.6433883953977422
51000.0,0,2480.50134108801,14500.0,631.0,0,0,0,42428.4089845282,96.5981401374703,2.1300784740501886
99000.0,0,7251.36526808828,7300.0,521.0,2,1,1,87970.95,128.105,1.0033460157243463
20000.0,0,20953.7749991469,21000.0,708.0,1,0,0,66305.0918920449,215.819549217858,1.001102213009332
40000.0,1,36519.1758475426,38100.0,867.0,1,0,0,69276.3301489299,30.3314911573585,1.021338041816209
61000.0,0,12293.6556288462,25700.0,757.0,2,0,0,70100.300937158,179.993023553455,1.4136125754426088
79000.0,0,4759.19386030876,31100.0,808.0,1,0,0,69912.5,86.29534,2.2162847953807665
52000.0,1,13772.8378944129,14600.0,632.0,0,0,0,79815.4,409.7812,1.0294450220265938
58000.0,1,20806.7542444953,23800.0,738.0,2,0,0,47935.5938985545,26.7933615038194,1.068708966097717
38000.0,0,4626.67666538755,15800.0,648.0,0,0,0,51874.95,232.5179,1.7367351679217926
66000.0,0,2702.04569035894,35000.0,842.0,0,0,0,77791.5300933588,0.302226237871041,2.7756204331032666
81000.0,0,27482.1851618433,34000.0,833.0,4,0,0,67318.15,45.83757,1.1101828777220029
72000.0,0,3734.34787262249,12700.0,606.0,1,0,0,62644.08,93.32337,1.7338577720172772
24000.0,0,12726.0370982216,13500.0,618.0,2,0,0,50262.2323984596,42.5176956966106,1.0298102689843949
49000.0,0,21824.2315913231,26900.0,769.0,0,0,0,79421.5420192863,997.21649650446,1.1081937994424518
41000.0,1,14778.1631105472,27100.0,771.0,0,0,0,35579.72,255.3903,1.3336471028457062
101000.0,1,1399.9991028696,1400.0,370.0,2,4,1,80458.26,19.73167,1.0000003204038512
65000.0,0,3724.22408609703,12900.0,609.0,0,0,0,64813.5031825894,1199.9380796041,1.7466160263537356
71000.0,0,1560.50688536099,9800.0,563.0,0,0,0,78544.7425619943,233.719964199195,2.185358045467735
51000.0,0,2604.97376468451,34000.0,833.0,0,0,0,51217.4143724992,79.0488337670456,2.7820932094698048
56000.0,1,14661.9354764873,38900.0,874.0,0,0,0,57328.2691343405,297.121687421846,1.5659776799955825
76000.0,0,399.99972590045,400.0,312.0,4,1,3,66686.343510427,265.001318546636,1.000000342624594
34000.0,1,23354.4073372384,23600.0,736.0,4,0,0,45850.08,38.6778,1.0052396166850408
69000.0,1,13825.9481539866,19400.0,690.0,1,0,0,78015.5501634612,116.335313286302,1.1789060072246649
40000.0,0,3099.52438835158,3100.0,425.0,2,2,1,55707.5346468018,30.3951609521061,1.0000767194033169
55000.0,1,13142.2658565736,39100.0,875.0,0,0,0,50355.9974449755,43.0810701961787,1.642296696835002
37000.0,1,10714.3905638099,18300.0,678.0,0,0,0,41191.7000924978,64.374594597132,1.2914234044738595
57000.0,0,21387.5231347702,21900.0,718.0,1,1,1,58280.8712320921,31.4697212414626,1.0118861817726938
85000.0,1,9629.05811793763,12500.0,603.0,0,0,0,64927.177705096,483.141521806232,1.1361394668930773
57000.0,0,4180.19384996751,39400.0,878.0,0,0,0,66701.85,424.7889,2.509675451261849
62000.0,0,7834.48491155456,13000.0,610.0,1,0,0,75361.51,926.0247,1.2744876014610702
83000.0,0,19449.3329668015,32000.0,816.0,3,0,0,71235.05,174.5474,1.2695373127748621
73000.0,0,1763.03993111681,36100.0,851.0,0,0,0,68189.43,29.8099,3.1742776404227375
43000.0,0,3253.8776894682,28800.0,787.0,0,0,0,36861.6255377713,81.4071444271677,2.4582676259219847
93000.0,0,13878.689458808,24900.0,749.0,0,0,0,76266.1681124682,2518.87793876641,1.320567134414694
44000.0,0,11152.8203148436,20700.0,705.0,0,0,0,58750.11,1504.5,1.3408917766694703
41000.0,1,26076.507334674,34800.0,840.0,1,0,0,53735.7643579911,0.166883114939508,1.1512216684345942
75000.0,0,4655.99885003597,38800.0,873.0,0,0,0,68809.01,1074.335,2.4093905815629624
80000.0,0,3000.49394111364,22900.0,729.0,0,0,0,95316.6896180254,206.029919658112,2.3388039681385844
50000.0,0,8354.87525406939,18200.0,677.0,0,0,0,74433.04,73.36567,1.439300178448422
49000.0,0,7224.62489945479,40100.0,883.0,0,0,0,67951.575262784,102.368984126014,2.090519990703289
52000.0,1,12576.6524839963,33800.0,831.0,0,0,0,54178.5292348323,44.2531254409951,1.5744599914645439
0.0,0,12025.9816364052,19900.0,696.0,0,0,0,22332.84,18.9841,1.2728749452547845
48000.0,1,7039.28353248642,11700.0,592.0,0,0,0,42573.866490256,29.0926183916277,1.275461547661642
107000.0,1,8799.68885907539,8800.0,546.0,2,1,1,75690.15,1040.811,1.0000176788783406
105000.0,0,8681.19937209521,23400.0,734.0,0,0,0,74676.7417674862,31.9516122270158,1.5764114639511506
74000.0,0,4798.89838579986,39100.0,875.0,0,0,0,54135.691507187,17.8541792318103,2.3912200134858965
63000.0,0,17422.2071683339,37100.0,859.0,2,0,0,63924.5456744465,770.774763596799,1.425100141299359
23000.0,0,5761.72236520496,13000.0,610.0,0,0,0,41255.4936883319,37.1482036470861,1.461434378178924
41000.0,0,5720.37561135618,37100.0,859.0,0,0,0,53927.9334232438,251.565487969194,2.2103996495637457
29000.0,0,10745.311777265,10800.0,578.0,1,1,1,41328.4369569201,103.022888525959,1.0025404418571882
36000.0,1,12273.825091684,12300.0,601.0,5,0,0,46514.05,313.8714,1.001065532596564
100000.0,0,1664.29976608952,19800.0,695.0,0,0,0,84761.0096818154,3.25912902764949,2.703523610757054
14000.0,1,299.99999952916,300.0,307.0,2,1,3,55945.8577634783,69.2483025518829,1.0000000007847334
50000.0,0,2473.534060168,15400.0,643.0,0,0,0,54017.3132539784,213.038855036977,2.17865283389858
68000.0,1,9899.88505000608,9900.0,565.0,1,2,2,57810.6860223863,67.154331294901,1.0000058056001881
48000.0,0,22548.2581828951,28100.0,780.0,1,0,0,52033.8973666603,2684.47996751767,1.1140900535811176
83000.0,1,27364.8237641124,33100.0,825.0,0,0,0,54575.2433224714,320.490378188771,1.09815267479076
48000.0,1,12817.3882476934,29300.0,791.0,0,0,0,50262.51,101.5573,1.4697182279351984
55000.0,0,5982.46056054473,18400.0,679.0,0,0,0,41973.5170603005,895.738414524081,1.6648019908325054
36000.0,0,3516.12199879234,16400.0,655.0,0,0,0,41247.1849278267,293.867249653199,1.9601809004642328
72000.0,0,16897.0670616503,16900.0,661.0,5,1,1,53169.561980446,10.2185645965337,1.0000867833647422
1000.0,0,34152.9214766657,34800.0,840.0,3,0,0,30197.29,0.4414763,1.0094139849375408
80000.0,0,4299.5908877599,4300.0,458.0,2,3,1,75037.96,84.59276,1.0000475742082822
86000.0,0,2071.54466513371,15100.0,639.0,0,0,0,72039.7187142687,198.241196353914,2.302240921566147
65000.0,0,17319.4324497102,35000.0,842.0,0,0,0,73854.47,2622.576,1.392668102334425
61000.0,0,3866.70431637744,37100.0,859.0,0,0,0,45926.1381277972,22.2705394191501,2.5243074265094156
87000.0,1,16884.1276977471,20600.0,704.0,0,0,0,58936.3124625684,9.46637747444668,1.1027537037771817
73000.0,0,6577.83696093006,37900.0,866.0,0,0,0,50305.7543327389,12.7111884432471,2.1190168478269094
23000.0,1,26435.3444263749,29700.0,795.0,0,0,0,46984.8159365271,247.484315889134,1.0593522638695057
69000.0,1,8907.74336055941,11400.0,587.0,1,0,0,57920.3764842435,13.8757032772581,1.1284125007979666
31000.0,1,14169.8891922101,14200.0,627.0,2,0,0,63145.8086912125,535.682143767192,1.001061740909604
60000.0,1,11974.7653175324,13000.0,610.0,2,0,0,58925.6671899708,459.501611219566,1.041636198042346
103000.0,0,34596.4921791496,34800.0,840.0,1,0,0,53189.49,324.2925,1.0029354125878829
39000.0,0,6176.95627974172,15300.0,641.0,0,0,0,58866.6684674775,114.386118121301,1.5211497858314003
64000.0,0,10724.6161409192,23600.0,736.0,0,0,0,37972.82,290.066,1.4456608922967418
92000.0,1,6911.30106590551,34800.0,840.0,0,0,0,89718.4371441603,1.07061994252848,2.0170460448362033
29000.0,0,3953.84622429475,25600.0,756.0,0,0,0,36064.2480249344,21.9010987104006,2.209091304321008
6000.0,0,10373.55484921,12900.0,609.0,0,0,0,33798.2513025259,15.9690527163575,1.1129397961398757
43000.0,0,2707.77988281456,18600.0,681.0,0,0,0,49525.4797399654,4.30457185142028,2.2553680025684235
76000.0,1,6285.65008959545,8800.0,547.0,1,0,0,72817.3479867716,0.951348733841254,1.1776585053015038
53000.0,1,8786.48242673825,16000.0,650.0,0,0,0,60018.7132207911,47.8882572274479,1.3294468636838155
48000.0,0,3199.17178725284,3200.0,429.0,2,1,1,68894.75,1111.111,1.0001294305747364
80000.0,0,6960.95287742845,30100.0,799.0,1,0,0,63359.6366774679,3.17393968038191,1.9046888413139775
71000.0,0,22103.6309841938,37500.0,862.0,3,0,0,60636.5665073245,104.492111923127,1.2874765459588882
35000.0,0,11233.2965043334,16600.0,657.0,1,0,0,54708.7141462823,235.119034724555,1.2079368766966772
98000.0,1,21102.4662499167,35400.0,845.0,0,0,0,74199.96,238.3952,1.2808639358615415
48000.0,1,23760.9993131864,28400.0,783.0,1,0,0,63018.6385876862,298.618913672161,1.091820928883227
78000.0,0,15542.7783332927,21400.0,713.0,0,0,0,43069.5637812221,23.9321357304023,1.1684053058376496
97000.0,0,8580.0640031552,8700.0,545.0,5,0,0,74700.9483254821,306.912811409666,1.006956884611678
80000.0,0,4909.0907413259,37100.0,859.0,1,0,0,88930.9173714782,115.204976435964,2.3309623450164354
43000.0,1,32841.8924996045,37100.0,859.0,1,0,0,65226.38,55.92778,1.0621942685540244
62000.0,0,2285.98742116528,31200.0,809.0,0,0,0,65540.4172939781,133.285574026718,2.8202569524512744
48000.0,1,26464.4294873115,36600.0,855.0,0,0,0,26073.3206276988,99.1635236131141,1.1708693589230688
82000.0,0,2948.78582999554,32400.0,819.0,0,0,0,65338.94,7.636675,2.6367396252986532
100000.0,1,7275.02808122619,7300.0,521.0,4,0,0,74738.56,268.4482,1.0017143160792905
56000.0,0,5724.12020584741,21300.0,712.0,1,0,0,52473.86,226.7484,1.7969185858175756
54000.0,0,7593.98480832547,7600.0,525.0,1,2,1,40595.4602358571,203.529316761625,1.0003959452280253
80000.0,0,6852.7368767087,9500.0,558.0,1,0,0,53084.6832489501,9.5698167793968,1.1721974111654225
44000.0,1,15075.4265795704,15100.0,638.0,1,1,1,52087.106744822,1.36956036991218,1.0008145732843676
51000.0,1,26661.6833509155,32100.0,817.0,1,0,0,69410.82,87.96742,1.0956841375696975
87000.0,1,13866.8506475747,16700.0,659.0,0,0,0,61128.1863591787,288.477501884461,1.0958322643334824
110000.0,0,2164.64768624116,24300.0,743.0,0,0,0,93452.0939139409,301.999563532915,2.6546997940247574
47000.0,1,2899.61210093974,2900.0,421.0,2,1,1,65449.59,13.26479,1.0000668851126797
94000.0,0,11308.5188636418,14600.0,632.0,1,0,0,62431.4909995527,2.92390200116473,1.1331652355363149
76000.0,0,999.93751613411,1000.0,351.0,1,2,2,81925.69,36.94896,1.0000312432344172
0.0,1,10937.3814660298,12100.0,598.0,0,0,0,17693.8864896324,67.3749225865717,1.0513597784251731
36000.0,1,26403.3052139966,38800.0,873.0,1,0,0,35634.36,157.4091,1.2047827968816378
73000.0,1,7589.37555252314,17300.0,666.0,0,0,0,69940.6698935792,177.201073893321,1.467924065310919
93000.0,0,11352.4990360699,11400.0,588.0,2,1,1,74355.1044197288,25.2976306956344,1.0020891810289727
48000.0,1,6284.58991185207,10100.0,568.0,0,0,0,52803.4623702791,54.9168700622969,1.2559047910986936
45000.0,0,7970.95097265178,26000.0,760.0,1,0,0,48987.3360524527,341.207150073671,1.7050045745295637
7000.0,1,12258.2551764968,13500.0,618.0,0,0,0,27414.3146701509,11.2002156755564,1.0490207827139673
78000.0,0,13621.0092292636,36200.0,852.0,1,0,0,55215.744339061,108.977467295804,1.5670999420701188
10000.0,1,19064.9971518083,22200.0,721.0,1,0,0,11674.63,171.895,1.0780497504543118
43000.0,1,11799.4040607719,11800.0,593.0,2,1,1,66799.1637674434,802.637818234695,1.0000252525124351
57000.0,0,11901.7738303159,12400.0,602.0,1,0,0,82929.1381484623,2074.84550107421,1.0206446521795447
90000.0,0,7749.33992403313,18400.0,679.0,0,0,0,61689.28,112.5787,1.4939234763243907
27000.0,0,13271.8406689533,20600.0,704.0,0,0,0,54311.9462172358,14.5104763328111,1.2358790343262087
74000.0,0,6601.44321395942,6900.0,512.0,5,0,0,77759.423401688,12.1011442179668,1.0222796009219173
77000.0,1,23614.4751946331,36500.0,854.0,1,0,0,61389.5622393027,33.115522244254,1.2334780416099493
18000.0,1,18525.3258525189,18600.0,681.0,0,0,0,56952.1099395312,363.710336348964,1.002012758495644
35000.0,0,5199.90545322007,5200.0,477.0,1,2,2,52841.5047250801,21.8492413095872,1.0000090911467292
24000.0,0,5213.7282804608,15100.0,639.0,0,0,0,39347.6098648708,35.2515655458371,1.6242051156019186
51000.0,0,2394.09971572196,21000.0,708.0,0,0,0,55140.15,49.85681,2.4509332020753996
68000.0,0,3690.29216840481,10100.0,568.0,0,0,0,48953.02,384.6141,1.5864967875636504
56000.0,0,12374.35917168,18200.0,677.0,2,0,0,58913.4219044084,876.310951579066,1.2052700295975942
39000.0,0,10033.1172712853,41000.0,890.0,0,0,0,60431.86,13.41631,1.8637623281231797
89000.0,0,1890.60708178366,14900.0,636.0,0,0,0,73878.8312494299,57.0279732381411,2.3644840534069465
103000.0,0,14847.7212972537,16100.0,651.0,0,0,0,62182.4556743781,476.416627554012,1.0410327573177673
64000.0,0,9930.02178248478,12600.0,605.0,1,0,0,87174.25,770.773,1.1237882666175592
55000.0,1,10092.7807120217,10100.0,568.0,2,1,1,55731.68,6.297438,1.0003575608892785
32000.0,0,4111.45450717337,36700.0,856.0,0,0,0,31766.43,194.7365,2.465169737160995
88000.0,0,12736.336576449,13300.0,615.0,1,0,0,50976.0334252448,587.185575842386,1.0218087615370783
53000.0,0,1844.40579309147,9200.0,553.0,0,0,0,45790.6840444283,135.857495967488,2.0100111214242817
73000.0,0,2847.25669322105,29100.0,789.0,0,0,0,59004.9564217102,52.7525924903315,2.5764744446058323
53000.0,1,10045.6414417321,10200.0,570.0,1,0,0,73018.3105631723,1705.16851238456,1.007643810876536
60000.0,1,13636.8306805116,36000.0,850.0,0,0,0,68894.35,73.11458,1.562694783686388
71000.0,0,5887.43723217447,10800.0,579.0,2,0,0,69496.8452264818,295.997471315855,1.3338523982259471
80000.0,1,21646.620748597,22600.0,725.0,1,0,0,53169.0218365827,751.305205319667,1.0217050747518572
55000.0,1,6956.49325051981,11700.0,592.0,0,0,0,63567.3516158643,7.78446385284247,1.2823816583133116
76000.0,1,13852.8708626543,41300.0,893.0,0,0,0,64060.4347996473,156.98878180662,1.6437012787352985
48000.0,0,8290.34416785856,8500.0,541.0,2,0,0,65648.4246800041,2278.06297420454,1.0125393169352666
93000.0,0,8575.94539148237,29600.0,794.0,0,0,0,66583.7448046913,288.255898340872,1.7441387577961134
74000.0,0,7237.72791692201,12500.0,603.0,2,0,0,64391.7870569256,303.542027525664,1.2979690667987946
40000.0,0,12141.9441219592,13200.0,614.0,4,0,0,43972.5651209862,11.3064639028536,1.0423571194152597
48000.0,0,4262.0757428675,33100.0,825.0,0,0,0,59760.51,154.8872,2.3527219691715504
57000.0,1,8919.9933707351,9000.0,550.0,4,0,0,53662.5216855665,425.60888449676,1.0044713314355986
76000.0,1,14666.1772768112,14800.0,635.0,5,0,0,75781.8596652803,105.058054778075,1.004548477156184
46000.0,0,8775.38962294359,33300.0,827.0,0,0,0,67761.4660613516,0.0073528615772862,1.8107968559402305
70000.0,0,15406.6644505567,27700.0,776.0,0,0,0,46554.93,1335.147,1.321831085335609
71000.0,1,15019.4467165708,29300.0,791.0,0,0,0,57368.41,321.4042,1.3710590633989572
72000.0,0,2900.96477156993,28300.0,782.0,0,0,0,59792.7683967922,201.700178102266,2.5379807288288196
43000.0,1,25122.6851345067,26100.0,761.0,3,0,0,47170.115562943,362.965554732129,1.019203414914993
87000.0,0,20465.1371050813,20500.0,703.0,3,1,1,71476.1559961806,507.169993309529,1.0008512797878566
43000.0,0,30732.8309790522,37300.0,861.0,0,0,0,51525.0501274089,3826.97006268125,1.0999543720586142
83000.0,0,9775.78507837506,28400.0,783.0,1,0,0,89724.5247759134,1261.53895599652,1.6262727202853295
18000.0,1,35141.7530831964,35300.0,844.0,1,0,0,53927.9243205839,475.62561698024,1.0022481791926974
54000.0,0,5223.82555745057,23200.0,732.0,0,0,0,51767.7706867311,1040.98506707379,1.9241800863388232
103000.0,0,10707.7656448504,11200.0,584.0,1,0,0,66691.7876622827,903.328251241292,1.0226405980655948
103000.0,1,9246.86849591794,24200.0,742.0,0,0,0,86743.9799697739,31.6738321612693,1.5570008093719976
81000.0,0,16537.1073556158,31900.0,815.0,3,0,0,73359.3313284192,6.92981705012633,1.3642141300089992
79000.0,1,14119.6069753269,17000.0,662.0,2,0,0,75148.2,103.5462,1.0956949526492665
63000.0,0,29665.5239949,40600.0,887.0,0,0,0,26571.02,5.270716,1.1650827738335905
44000.0,1,24288.3254205304,25800.0,758.0,0,0,0,75384.6940092045,0.198232999932867,1.0304931266155932
108000.0,1,25532.0192022335,31900.0,815.0,0,0,0,81344.51400518,905.523602504265,1.1154648618685736
32000.0,0,9831.8749360121,28700.0,786.0,0,0,0,49644.2499342683,445.947841423396,1.6294876308178043
27000.0,0,299.996535261187,300.0,307.0,1,1,2,48742.25,1285.797,1.0000057746091495
104000.0,1,12629.1524565844,13000.0,610.0,0,0,0,66289.9867270887,146.92094409098,1.0145405644966725
48000.0,0,7066.62049971604,40200.0,884.0,1,0,0,54645.954544244,0.752523152128619,2.109265140139434
100000.0,0,6397.63334049448,22500.0,724.0,0,0,0,76626.26,623.0508,1.7572392989442096
33000.0,0,1999.98403955304,2000.0,392.0,1,1,2,67041.7668801858,0.428001732110894,1.000003990132968
92000.0,0,14599.0976504892,14600.0,632.0,5,1,1,64921.972407924,210.227132893742,1.0000309036538422
48000.0,0,3195.19121830754,28400.0,783.0,0,0,0,57575.8938749301,1.26975411000952,2.4617000390032486
50000.0,1,9332.06848390018,11200.0,585.0,0,0,0,71022.4275281034,4.54848803113203,1.094001220416951
74000.0,0,3563.46389327176,35900.0,849.0,0,0,0,60144.4245289644,300.355271183692,2.564565085851509
53000.0,0,2135.10570398298,11800.0,593.0,0,0,0,58916.35,193.4237,2.0872534368611317
92000.0,1,299.99997239808,300.0,307.0,1,1,3,56383.4003549193,30.8652659649061,1.0000000460032028
81000.0,0,1549.40372351871,22400.0,723.0,0,0,0,80955.2765112258,202.232465944216,2.869686461097627
48000.0,0,4537.13377958676,31700.0,813.0,0,0,0,62666.7346598851,6.85619211549003,2.268739659456125
54000.0,0,23873.6107731699,35500.0,846.0,3,0,0,43344.4868264417,50.627216800957,1.2114633529825158
77000.0,0,15024.9058911818,40400.0,886.0,0,0,0,47904.56,201.3915,1.5747910442323523
82000.0,0,26989.3808661161,34800.0,840.0,0,0,0,66461.26,3727.353,1.1324648593539421
78000.0,0,4367.82883661204,14000.0,624.0,0,0,0,54824.08,9.538527,1.6929804933026955
80000.0,1,17801.3478641782,18700.0,683.0,3,0,0,66270.1214401691,69.0222634186129,1.0248267900369723
53000.0,0,4544.42025997191,21700.0,716.0,0,0,0,64830.0494873353,470.143998340582,1.9775515028139463
73000.0,0,18931.4538520746,34500.0,837.0,1,0,0,58123.6745062574,1553.4078272259,1.3299021073005686
38000.0,0,4356.37154738117,19500.0,692.0,0,0,0,45532.49,422.2617,1.9299279547852712
29000.0,0,15396.7880304272,35800.0,848.0,1,0,0,44957.8796266946,132.922330725098,1.4805338177623801
35000.0,0,4969.38795331348,10800.0,578.0,0,0,0,49351.09,620.731,1.437841171913719
23000.0,0,10984.7458804267,23400.0,734.0,0,0,0,43118.9646393606,341.680987257914,1.4253228779987617
54000.0,0,12155.6676879504,26000.0,760.0,2,0,0,60412.35,131.6493,1.4278641664133318
49000.0,0,4869.39045108425,35200.0,843.0,0,0,0,51039.0088604883,720.089525417383,2.2956453103882506
81000.0,0,1843.88865708051,19200.0,688.0,0,0,0,69082.5280105342,16.9378267671393,2.591954097317019
58000.0,0,1973.88399294044,22500.0,724.0,0,0,0,58639.96,2.160699,2.667529652147465
38000.0,1,20589.3217831427,23700.0,737.0,1,0,0,49135.9,506.3246,1.072000454648955
34000.0,1,6199.97023935655,6200.0,498.0,2,1,1,71413.2759978196,159.359406370204,1.0000024000595715
68000.0,1,14302.9949391659,37200.0,860.0,0,0,0,80789.64,37.15571,1.552921040285091
62000.0,1,8005.5287987505,8800.0,547.0,2,0,0,61103.8622888732,142.885939399168,1.048055615985573
62000.0,1,12793.6714594833,12800.0,608.0,2,1,1,60606.06,644.2246,1.0002472901269588
82000.0,1,25174.3266278563,25500.0,755.0,4,0,0,61917.27,66.15473,1.0064406490124589
98000.0,0,5643.97497081834,21900.0,718.0,0,0,0,83742.45,1457.376,1.8266560839953199
61000.0,1,7330.61010228875,14900.0,636.0,0,0,0,66140.8716198094,0.411443884201243,1.3962296697453909
74000.0,0,1705.10583922518,11300.0,586.0,0,0,0,61486.93,7.749695,2.2272557942319717
75000.0,0,3373.03785250576,41300.0,893.0,0,0,0,69590.3335718129,740.77556115829,2.7278354592610183
55000.0,0,4121.67624884157,11600.0,590.0,1,0,0,51544.433741266,206.845970190428,1.6050446954110718
69000.0,0,4084.61255841094,9000.0,550.0,1,0,0,56829.0,355.5405,1.4464738274797153
21000.0,0,11392.2795207274,12000.0,596.0,2,0,0,46791.107427141,113.849981758111,1.0262104492689867
88000.0,0,8181.54943739376,8600.0,543.0,1,0,0,52089.7330392294,446.187107204509,1.02514765776681
65000.0,1,7307.40270058619,12000.0,597.0,0,0,0,69164.1995285148,452.630855743985,1.2684286723918077
73000.0,0,5199.92059333795,31100.0,808.0,0,0,0,52170.9227000132,17.9301205212736,2.1476519034583057
55000.0,0,3868.93075933995,8600.0,544.0,1,0,0,52241.9,461.0898,1.4520063555812759
90000.0,1,25773.367838273,25800.0,758.0,0,0,0,41618.73,951.1522,1.0005164826234596
36000.0,0,18069.0276485964,18100.0,676.0,1,1,1,60814.0278223861,266.73590892377,1.0008565671173864
81000.0,0,1775.52530497387,40200.0,884.0,0,0,0,71830.69,11.59034,3.2639296159568882
78000.0,0,1931.96284862496,15100.0,638.0,0,0,0,66406.4540717588,135.930636273397,2.357829723020858
16000.0,0,31597.422967006,31600.0,812.0,3,0,0,60470.1396519975,2279.8296647346,1.0000407780555403
80000.0,1,10095.4395350576,17500.0,668.0,0,0,0,63450.1310424694,86.7107307224497,1.300151322242918
32000.0,1,23405.6255030782,33200.0,826.0,0,0,0,47295.6317401987,334.383342322505,1.1849495256735718
79000.0,0,1315.90249714972,17600.0,670.0,0,0,0,74281.9008332042,2.63652599715872,2.8029444337758345
36000.0,0,28771.2095175939,31200.0,809.0,4,0,0,29934.7,550.0359,1.041068707693206
44000.0,0,18087.0678826054,20600.0,704.0,1,0,0,74958.8538507562,96.8125774041575,1.0664569076038053
26000.0,0,19551.2678751677,25900.0,759.0,0,0,0,55869.95,269.8947,1.1471823335367919
76000.0,0,9315.71236664307,15800.0,647.0,0,0,0,47482.12,370.93,1.2873053137419326
25000.0,1,28286.6084746621,28300.0,782.0,2,0,0,65032.5200496333,726.131235870891,1.0002366740531217
65000.0,0,12327.4194958538,12400.0,602.0,2,1,1,57420.1887779797,40.9418423010934,1.002938103844669
56000.0,0,3548.47990146598,12500.0,604.0,0,0,0,71655.4062824984,244.50489979184,1.758373599445574
59000.0,0,8327.88349780632,39700.0,880.0,1,0,0,70819.286707274,139.687421940289,1.9763139432987533
47000.0,0,5303.05763429802,17600.0,669.0,1,0,0,47545.3892810351,99.7914249460884,1.7169495701046065
40000.0,1,1599.9890993449,1600.0,378.0,4,1,1,63361.9028541406,91.0998212319174,1.0000034064701908
82000.0,1,19488.736682043,39800.0,881.0,0,0,0,63793.42,312.6402,1.399145011176241
17000.0,1,30906.4049319546,32500.0,820.0,0,0,0,43811.4824500437,653.488338940208,1.0253489600138057
78000.0,1,9283.36433848935,29900.0,797.0,0,0,0,85486.7115532113,22.390678645803,1.6963034615644341
91000.0,1,10962.2085775763,23300.0,733.0,0,0,0,99560.2722356051,697.036149846709,1.4239331636384442
19000.0,0,20106.0797830874,23800.0,738.0,1,0,0,46186.56882092,88.7562401420629,1.086701154127661
75000.0,0,31653.0019937433,33100.0,825.0,3,0,0,61784.86,2583.173,1.0225166483887334
61000.0,1,11739.1525360744,15100.0,638.0,1,0,0,59575.8217265123,363.06912792431,1.13115912678955
29000.0,0,22681.6152383117,22700.0,726.0,4,0,0,52403.5504828473,3246.36014626909,1.000405169477635
54000.0,0,13192.5671613269,13200.0,613.0,1,2,1,70611.1240041622,548.796876398723,1.0002816526556486
102000.0,0,1075.41193582592,10200.0,570.0,0,0,0,88984.3225933513,65.2583047672975,2.5148287227604693
99000.0,0,9038.69966323671,32000.0,816.0,0,0,0,77455.5595070611,1146.96721864061,1.7618801203939063
55000.0,0,20762.4062749303,29900.0,797.0,0,0,0,56726.02,3340.227,1.1934174865627698
65000.0,1,10619.662034677,13200.0,613.0,1,0,0,60276.2,462.928,1.112694250535668
86000.0,0,2999.99797326095,3000.0,424.0,3,2,2,55371.47,298.4576,1.0000003377899938
100000.0,0,20744.2131244154,22200.0,721.0,1,0,0,60379.9495004818,122.559738719958,1.0342958061205707
47000.0,0,13414.0793109797,14100.0,626.0,4,0,0,62321.85,67.43794,1.0251422159649175
32000.0,0,11540.8028678588,20200.0,700.0,1,0,0,40118.38,834.6267,1.3058755961919912
83000.0,1,6212.66295062853,16600.0,657.0,0,0,0,77065.7342623895,2.10646847903657,1.5706332589613907
62000.0,1,14546.7586514844,21600.0,715.0,1,0,0,60992.267741334,115.918529543357,1.2106522587453112
12000.0,1,27581.3141438732,27600.0,775.0,0,0,0,57154.0238487562,775.553492289265,1.0003386647510404
67000.0,0,5085.23462485434,13800.0,622.0,1,0,0,81367.1,27.16582,1.5808708377516993
87000.0,1,8679.02466882213,8700.0,545.0,1,1,1,81139.99,250.7157,1.0012074198858438
27000.0,1,12047.1624029203,19500.0,692.0,0,0,0,31966.02,24.66769,1.2600453975218306
35000.0,0,7248.61511311557,25500.0,755.0,1,0,0,39534.815667886,3.29332794945899,1.7574356532190138
56000.0,0,1396.52503869386,9200.0,553.0,0,0,0,58193.0929532476,0.0731070607792605,2.222598446142007
61000.0,0,1730.66292484664,14400.0,629.0,0,0,0,55962.72,21.61491,2.4081465968626543
60000.0,1,12097.8798690837,30600.0,803.0,0,0,0,56461.7008940731,186.003727938375,1.534736308419503
27000.0,0,6795.95287696263,6800.0,510.0,1,1,1,51983.73,565.2667,1.0002977007028604
71000.0,0,3865.38015001469,10300.0,571.0,1,0,0,57514.084416824,39.8416966395195,1.5688360778770083
77000.0,0,2157.38645737651,10600.0,575.0,0,0,0,61504.2771691874,143.670832378672,1.9987576904666784
30000.0,0,20336.6696096382,39600.0,879.0,1,0,0,50973.0391847196,36.3680647217693,1.3699384870889904
29000.0,0,7488.00990815697,9200.0,553.0,2,0,0,38871.3426462994,378.40053889323,1.1064806323607832
25000.0,1,28351.5003468002,29400.0,792.0,0,0,0,55848.1156879949,354.251836288663,1.0182672558213095
75000.0,0,6198.25834826428,38100.0,867.0,1,0,0,61919.6912969477,10.0751585134131,2.168770003587392
69000.0,0,1745.50235879394,16900.0,661.0,0,0,0,76074.28,43.6931,2.5317621591455444
92000.0,0,7835.07774185272,9700.0,562.0,3,0,0,81118.82,565.2754,1.1105537179579035
76000.0,0,1815.94380756499,10700.0,577.0,0,0,0,65589.4159658845,302.29050945944,2.136178623775503
28000.0,0,12533.9750955152,16600.0,657.0,0,0,0,56173.83,266.2344,1.1470494244699696
43000.0,0,4265.68378917357,23800.0,738.0,0,0,0,53429.288564655,243.870439634403,2.0944770743920564
59000.0,1,7333.95230369273,11400.0,588.0,0,0,0,50311.3326694985,275.115150907045,1.2367110699932626
33000.0,0,7256.68334578715,7300.0,520.0,1,1,1,40958.5514094091,96.2095411549894,1.0029786832196104
0.0,1,28940.2393802549,30700.0,804.0,1,0,0,19590.5118536346,100.441590751587,1.0298051891284694
94000.0,0,6620.76687784756,17400.0,667.0,0,0,0,73328.0307126251,1105.68302282085,1.559749790781114
63000.0,0,1904.58710960645,15800.0,648.0,0,0,0,70020.64,56.58919,2.4057411211585693
78000.0,0,25459.1354598885,26200.0,762.0,3,0,0,44296.2463020203,0.93392334608888,1.014410954593013
105000.0,1,18339.2841151551,19000.0,686.0,0,0,0,68639.844263519,515.711531238304,1.0178011633373185
62000.0,0,8592.14229854456,16200.0,653.0,0,0,0,89749.233458036,0.0241225859144298,1.3503726433226477
70000.0,1,10396.7903966558,33200.0,826.0,0,0,0,67516.971221148,121.183732594253,1.6904177705622512
37000.0,0,11667.4766745673,24500.0,745.0,0,0,0,61502.1287621885,98.8436085523348,1.416382696324689
14000.0,0,18276.2654029955,25000.0,750.0,0,0,0,40929.74,376.0772,1.1648012529788392
17000.0,0,6274.59047355031,8800.0,546.0,1,0,0,33017.6039873615,72.1649192825974,1.1786376761661301
77000.0,0,9455.48017534113,14800.0,635.0,2,0,0,58785.2975547808,3.6141435673912,1.2406884243740506
44000.0,1,31178.1561456478,31700.0,813.0,2,0,0,72028.1916895417,95.1168536922609,1.008322437739117
57000.0,0,5347.58951509754,11800.0,593.0,1,0,0,71353.9952423031,82.4981006178209,1.447389755518688
64000.0,0,2983.79292923091,35800.0,848.0,0,0,0,58672.71,395.5503,2.7106771707217896
46000.0,0,3204.987567351,20900.0,707.0,0,0,0,55549.29,66.2759,2.21465545486775
83000.0,1,29239.2162215073,38200.0,868.0,0,0,0,55769.7474882854,283.277359181753,1.139610469514782
94000.0,0,1220.22662444798,25700.0,757.0,0,0,0,94928.0305110305,173.689860947711,3.1993587804063006
28000.0,1,9165.28424590689,9700.0,561.0,0,0,0,53192.44,139.2164,1.0286194166109806
101000.0,0,5153.91654676109,17400.0,667.0,0,0,0,76111.1179408173,291.265585592134,1.7287822068370757
71000.0,1,6865.85223722829,6900.0,513.0,5,0,0,65481.4634559412,114.006494351194,1.0024826700252936
76000.0,1,19498.3886783404,22500.0,724.0,0,0,0,68671.33,2415.139,1.0732996150390925
71000.0,1,17397.9762414992,24200.0,742.0,1,0,0,84984.3903400862,17.5283761598961,1.1740578733414848
64000.0,0,8384.89400053147,8400.0,539.0,3,1,1,62929.26,164.0731,1.00090024609193
85000.0,0,12588.7843978732,23900.0,739.0,0,0,0,59068.27,1024.733,1.3545515678278648
58000.0,0,2346.30022629589,14700.0,634.0,0,0,0,49246.0948098088,154.075736140963,2.183525165040231
80000.0,1,13762.597968065,31100.0,808.0,0,0,0,63325.61,0.06700501,1.462409098683633
60000.0,0,20101.0562602095,21000.0,708.0,3,0,0,31512.1902047106,4.39212082330843,1.0220345375480928
78000.0,1,13432.4704312475,22200.0,721.0,0,0,0,87853.4256753476,870.434057811776,1.2721559711680903
102000.0,0,16719.2855490852,20900.0,707.0,0,0,0,63255.87,51.1752,1.1157407089046214
50000.0,0,3045.3657701643,37700.0,864.0,0,0,0,55128.4199466987,141.038331694248,2.7371425318472897
30000.0,1,29028.928274357,30900.0,806.0,0,0,0,60279.5435845601,49.6467154030407,1.0315567799741778
76000.0,0,2199.53832174951,2200.0,398.0,5,1,1,73090.24,61.90729,1.0001049415569543
89000.0,0,2305.76447707352,9700.0,562.0,0,0,0,68617.54,13.46173,1.884727895507098
46000.0,1,12874.0642106615,21400.0,713.0,0,0,0,52822.2697448848,340.889397666938,1.2755162728802014
55000.0,0,299.999938338347,300.0,307.0,2,2,3,34828.7310112801,72.0745034128563,1.0000001027694356
77000.0,0,5152.04985034394,13200.0,614.0,1,0,0,64479.6953189977,442.120674547984,1.5431075424126157
50000.0,0,12772.1419159986,17100.0,664.0,1,0,0,71640.6344678744,662.326638628526,1.1529921785044501
32000.0,0,9244.93131533647,9300.0,555.0,5,0,0,46125.3476642921,786.424006648606,1.0029724216397637
75000.0,1,9768.73422401684,15000.0,637.0,0,0,0,56647.19,9.140974,1.2297118495546837
9000.0,0,25962.9632883003,26000.0,760.0,1,0,0,42518.838608858,3667.06324231588,1.000712921568773
45000.0,0,4106.05619554329,8600.0,543.0,1,0,0,50284.3596517359,307.709815134851,1.4147869631273042
97000.0,0,23946.2666076102,39200.0,876.0,1,0,0,66430.9477253652,279.338122649079,1.266593611099083
61000.0,0,20016.3129472034,20200.0,700.0,2,1,1,63038.1298232284,3.69162198370155,1.0045744620096353
61000.0,0,4098.25226657261,4100.0,452.0,1,1,2,67050.77,148.5781,1.0002131988127598
103000.0,1,13307.1314309447,13500.0,618.0,3,0,0,77633.3820003923,195.401324863731,1.007212053032106
27000.0,0,2582.14109080304,9700.0,562.0,0,0,0,29760.8815888107,148.228751951644,1.803634714371127
60000.0,0,20342.2834777126,20400.0,702.0,3,1,1,52884.85,24.78805,1.0014172945209743
62000.0,0,12797.8634496695,16600.0,658.0,0,0,0,93332.19,473.6805,1.1356946070925964
67000.0,0,4399.86074535951,4400.0,459.0,3,1,2,80243.7,476.3434,1.0000158247248547
35000.0,1,29534.6770176654,34600.0,838.0,0,0,0,60954.71,7.291044,1.0812313776136313
83000.0,0,16016.31167149,17500.0,668.0,3,0,0,69886.3773243458,1521.59279888267,1.0449505766275087
42000.0,0,6468.8290429128,35900.0,849.0,0,0,0,59555.5592343466,2.09863049757515,2.0904144304634857
70000.0,0,4534.15181033336,21300.0,711.0,0,0,0,56846.8160301787,715.026167352769,1.9654580041606349
93000.0,0,4948.59525967464,33800.0,831.0,0,0,0,69659.1995782762,4.31702479067132,2.25090836809294
102000.0,0,12395.914556274,12500.0,604.0,0,0,0,55350.4477072502,1076.45208623664,1.0041866751181594
65000.0,0,10506.262167745,27800.0,777.0,2,0,0,62530.14,145.0772,1.564219059877383
57000.0,0,3910.42442504917,30100.0,799.0,0,0,0,59363.9158405033,656.604353299656,2.3456075262074076
78000.0,0,8793.62869544731,18200.0,677.0,0,0,0,53893.6665025095,777.711762269542,1.407404943028631
59000.0,1,4494.60001516774,4500.0,462.0,1,1,1,60930.1622035928,204.810085765167,1.0006004787444105
18000.0,0,4784.88042747185,10300.0,571.0,0,0,0,31468.4,348.8588,1.4318517215852786
44000.0,1,11644.7637810463,15800.0,647.0,0,0,0,44865.7217437509,836.656434278859,1.1603245236069788
87000.0,0,4276.37046970684,22700.0,726.0,1,0,0,76613.6162127008,147.590520202465,2.0567179041201755
56000.0,0,5922.70154087224,18300.0,678.0,1,0,0,64715.5111122156,186.799109377355,1.6679231987913221
85000.0,0,2844.55595108636,32000.0,816.0,0,0,0,72600.825687253,403.297599167161,2.6564687391398385
22000.0,0,7797.4975016895,18100.0,676.0,0,0,0,40608.8215767025,147.635484617828,1.4794633164605595
65000.0,0,1941.08614952535,11400.0,587.0,0,0,0,60417.0792955335,381.698156230738,2.1336666064873064
68000.0,1,5578.70770756556,11200.0,584.0,0,0,0,63292.5884339022,4.33391923917978,1.3886333896732594
58000.0,0,8800.92602306582,18000.0,674.0,1,0,0,71388.0,596.4557,1.4000612071686172
73000.0,1,8831.43795268125,26600.0,766.0,0,0,0,76353.0577480575,52.242326132894,1.6506109754044036
32000.0,1,34297.8431710633,39100.0,875.0,0,0,0,59612.9603481792,7.00809395866608,1.0669505454082293
54000.0,0,4294.675724414,11700.0,592.0,1,0,0,63631.3150356415,1.97430938677386,1.5834404012411865
50000.0,0,4053.19994900721,17900.0,673.0,0,0,0,59706.2290859087,503.904051781586,1.9200655089874161
20000.0,1,10181.7477577983,10200.0,570.0,0,0,0,60435.172700612,490.805304306776,1.0008957865493324
58000.0,0,1801.64394519539,11000.0,582.0,0,0,0,49098.3805698707,3.70913748226744,2.163555402880348
0.0,1,18374.0301910419,18400.0,679.0,0,0,0,41066.09,537.5706,1.0007063660532336
62000.0,0,2731.44242608458,30700.0,804.0,0,0,0,71243.8459769143,109.153680449596,2.6557174960529686
67000.0,0,6503.37072911182,12400.0,602.0,0,0,0,49779.652064082,1326.73610646034,1.3571585141069802
73000.0,0,299.997863502114,300.0,307.0,1,1,3,57688.3519225335,404.107128315091,1.0000035608467162
21000.0,0,31969.9426249357,41300.0,893.0,0,0,0,53702.6055799466,191.591285896627,1.133491367511125
80000.0,0,2263.17145635352,16700.0,659.0,0,0,0,71061.1887384904,475.695126140947,2.3119561517013083
47000.0,0,21291.4796989508,21700.0,716.0,1,1,1,51099.34,1.524479,1.0095327408766621
50000.0,0,2549.56704432884,34700.0,839.0,0,0,0,52237.3631381852,18.8977764459078,2.8178569101086777
48000.0,0,17876.3050290484,20400.0,702.0,0,0,0,77694.3523740541,1384.23917018997,1.0674822749482742
67000.0,0,17107.632356998,17500.0,668.0,1,1,1,61441.2700055474,20.7997940511656,1.0113809405620835
87000.0,1,9099.89518550041,11400.0,588.0,0,0,0,62219.0255723306,4.76897153750337,1.1169035550219826
73000.0,0,8195.54721142941,16100.0,651.0,1,0,0,51111.5191852624,0.598812174499479,1.3753229642729905
53000.0,0,4546.80240393161,9600.0,560.0,1,0,0,50299.8420414602,570.947945283828,1.419784823486533
31000.0,0,11737.9601670787,14500.0,631.0,0,0,0,60620.133932951,309.885753024528,1.1093788999870664
96000.0,0,5846.8363746176,35400.0,845.0,1,0,0,79593.79,80.63619,2.1570859079862092
52000.0,1,15137.4455717264,29300.0,791.0,0,0,0,63444.1850508524,122.079446370761,1.3662922870550864
64000.0,0,2385.39661164108,20900.0,707.0,0,0,0,73981.2252434054,60.3485565851121,2.4500130795507236
45000.0,0,6860.68781532417,31400.0,810.0,0,0,0,36583.9,884.7899,1.9462406140859823
26000.0,0,27700.2439881408,29400.0,792.0,3,0,0,48889.45,150.9263,1.030072260154944
23000.0,0,32339.4932637497,32700.0,822.0,2,0,0,51985.3422086264,1947.83448305677,1.005553187848197
93000.0,0,5119.68205512584,22800.0,728.0,0,0,0,70605.6479906174,314.536809396716,1.9261890542883997
63000.0,0,3779.89988788944,17600.0,669.0,0,0,0,45096.210310952,3.68725692160348,1.958910863415024
7000.0,0,31081.5890551187,31200.0,809.0,1,0,0,52248.8986867121,36.2387929373669,1.0019024262423006
100000.0,1,29858.5998830317,29900.0,797.0,2,0,0,57638.68,625.9171,1.0006929493695387
21000.0,0,16376.0568077828,25400.0,754.0,0,0,0,48694.4557276662,0.0744672804902718,1.2354679903063266
40000.0,0,14021.4821836536,16600.0,658.0,2,0,0,55625.9144329507,725.952429255515,1.086779716652883
43000.0,0,1299.99718759241,1300.0,363.0,2,1,3,33374.14,607.6109,1.000001081696787
56000.0,0,14697.9736090907,18100.0,675.0,0,0,0,87300.605647285,665.905491818403,1.1077108946709477
84000.0,0,1908.31270651268,25300.0,753.0,0,0,0,79242.31,387.6828,2.7954374671042355
54000.0,0,10847.0137375838,15700.0,646.0,0,0,0,84590.2984839347,2.08067052100229,1.1962537795290102
67000.0,0,5838.32499493073,25800.0,758.0,1,0,0,55431.0509784827,7.52552692193914,1.9205306286212414
3000.0,0,24347.9310284562,24400.0,744.0,4,0,0,34747.56,435.6615,1.0010685075040924
15000.0,0,9202.37174184118,30400.0,801.0,0,0,0,32024.4928502741,37.8227279561679,1.713749901076547
46000.0,0,23637.2259278088,30500.0,802.0,3,0,0,58058.79,165.5523,1.1328607317511508
58000.0,0,2904.51306419724,19600.0,693.0,0,0,0,47504.4102073438,162.40595186464,2.241418343624363
43000.0,0,13536.1152924827,32700.0,822.0,0,0,0,68712.0454236341,40.7568281220277,1.5050106131336065
24000.0,0,39841.473607051,40600.0,887.0,1,0,0,60578.5962454561,1155.72251185184,1.0094594635695684
11000.0,0,16598.4793195586,16600.0,657.0,3,1,1,39614.4013094966,23.3074327941577,1.0000458064252415
63000.0,0,5257.3868714602,34800.0,840.0,0,0,0,44970.4876890763,130.361284758076,2.2263236402827604
88000.0,1,9983.91716878221,12400.0,602.0,1,0,0,72667.7524687994,252.01202519061,1.112271416035597
89000.0,1,17349.8161994395,24100.0,741.0,0,0,0,74454.6,1331.057,1.173298608636114
51000.0,0,4459.25789789273,4500.0,462.0,1,1,1,53914.8601159926,1.73725482174644,1.0045544108938134
41000.0,1,29066.2213643206,37500.0,862.0,0,0,0,63123.1139622097,234.119483282773,1.1327849971835868
64000.0,1,7022.29948529593,9100.0,551.0,1,0,0,63787.6361145043,106.111187750308,1.1351836013150687
44000.0,0,6487.93546750205,9200.0,553.0,2,0,0,54964.0529620135,6.68701696294151,1.184774111315906
57000.0,0,13182.9951123058,18500.0,680.0,1,0,0,82660.73,111.0158,1.1789711126139384
51000.0,0,20262.4258284039,21700.0,716.0,4,0,0,67504.4445994902,7.03857891386397,1.0346635100752843
60000.0,1,15122.8148471224,38700.0,872.0,0,0,0,67271.0259039523,275.739070835949,1.5423332912660759
92000.0,0,3353.94927978602,30900.0,806.0,0,0,0,73069.7478913576,117.633547502924,2.490995383086455
77000.0,0,1940.2694318086,36400.0,853.0,0,0,0,81828.4485167682,208.17787184784,3.09681487492839
65000.0,0,7320.27342891885,37100.0,859.0,1,0,0,65314.1248157241,531.607995832976,2.021917846209205
52000.0,0,8975.89660824584,10000.0,566.0,1,0,0,78927.5581960354,693.862685789238,1.0549937031667473
87000.0,0,11173.3144661328,16000.0,650.0,2,0,0,66305.704610438,233.024223106175,1.1902508961662022
56000.0,0,2045.22501961304,21300.0,712.0,0,0,0,57550.89,15.61711,2.5920917895591242
62000.0,1,5850.43889770954,10100.0,568.0,0,0,0,62751.8077232047,223.089515230672,1.2977314934303446
60000.0,1,6894.78687971201,9700.0,562.0,0,0,0,56854.2118624355,714.682321215124,1.1803719055043205
44000.0,1,8632.94778714368,9100.0,552.0,2,0,0,49996.9,300.7627,1.0265755243590164
50000.0,1,32802.0211623942,33200.0,826.0,3,0,0,73863.36,228.5516,1.00604199056436
82000.0,1,7439.94945188385,22300.0,722.0,0,0,0,75938.860173639,16.3928828267815,1.6473170417737453
68000.0,0,1499.98812591799,1500.0,373.0,5,2,1,86473.1460308454,97.9225182436025,1.000003958048225
17000.0,0,9784.50632790649,9900.0,564.0,0,0,0,57929.7448681524,405.358490654407,1.0058787798074904
67000.0,0,11005.3649719555,30200.0,800.0,2,0,0,73239.88,105.3611,1.588238751992857
80000.0,0,10121.9296782355,11500.0,589.0,0,0,0,42159.94,33.49418,1.0651787082560646
51000.0,0,8038.01002402466,10400.0,572.0,2,0,0,68085.906113425,47.3100230580837,1.134336878176925
36000.0,1,17054.1652854498,25900.0,759.0,0,0,0,48744.85,190.9052,1.2234318647980555
83000.0,1,13599.9907318529,13600.0,619.0,1,1,2,43582.4093118532,1032.84100680271,1.000000340740857
59000.0,1,19559.5624268598,34800.0,840.0,1,0,0,59350.469858156,0.894394513103503,1.3155874001971606
32000.0,0,11175.8321428165,11500.0,589.0,0,0,0,67357.0287936884,1164.97315033864,1.0143648475858429
94000.0,0,18785.7196356179,18800.0,684.0,3,1,1,68671.5463972941,189.125957406542,1.0003799893622962
18000.0,0,4920.29358058888,17100.0,663.0,0,0,0,29839.82,14.80423,1.748945728224557
50000.0,0,7013.77682674979,36800.0,857.0,1,0,0,57696.3244518374,4.54764275801879,2.0479424764553253
86000.0,0,7012.07258220764,15400.0,643.0,0,0,0,57400.52,2.132877,1.444421958145686
42000.0,0,8872.10839452076,31800.0,814.0,1,0,0,50785.72,144.0757,1.7705252731026295
54000.0,0,8079.35079818329,17500.0,668.0,0,0,0,63012.7709733225,1681.13491408627,1.4357358481314102
73000.0,0,10186.232417259,11400.0,588.0,4,0,0,69284.4738647834,277.643265658133,1.0573440507226606
16000.0,0,24099.9874334414,24100.0,741.0,3,0,0,81414.276863855,191.350669726752,1.000000260717074
33000.0,0,2299.34810811164,2300.0,403.0,2,1,1,58349.23,15.59098,1.0001417424113568
80000.0,1,8114.26444938464,10600.0,575.0,1,0,0,73912.3027914978,360.29228911019,1.1395591609148157
83000.0,0,5298.30423380974,10000.0,566.0,1,0,0,61533.99,55.51179,1.3509982591502816
70000.0,0,1993.96281727353,11500.0,589.0,0,0,0,58204.9660252475,155.912638642963,2.119764970692982
67000.0,0,8458.77171825951,8600.0,543.0,1,1,1,68239.114712779,9.72628899385803,1.008301961377258
79000.0,0,3199.98583891405,3200.0,429.0,1,4,1,52665.99,29.4705,1.0000022126762076
39000.0,1,7771.19976800299,10700.0,577.0,0,0,0,44353.02,364.9513,1.1684187862429058
72000.0,0,5345.15796798558,12500.0,604.0,1,0,0,54395.93,3.776616,1.4842003885612378
40000.0,0,3451.34561941225,14800.0,635.0,0,0,0,41853.869654478,487.772028399125,1.898619126686864
49000.0,1,31461.5279379931,37500.0,862.0,2,0,0,57252.2736716093,71.3985754245245,1.0903553110049085
62000.0,0,9146.24510248711,9200.0,553.0,1,1,1,60317.4128362067,983.254808328279,1.002932891843494
50000.0,1,13025.9827106851,19400.0,690.0,0,0,0,64650.5287745244,142.55297457542,1.2123507191899603
67000.0,1,25500.0583100768,31600.0,812.0,1,0,0,46607.9677596141,1.31410704534988,1.111068598386268
123000.0,0,26370.144478234,29600.0,794.0,0,0,0,78652.9409882966,78.2276611406373,1.0588831874733227
17000.0,0,14610.4399080644,14700.0,633.0,2,0,0,49976.7390611638,1053.93668910902,1.0030586913908408
29000.0,0,5907.51627225283,14100.0,625.0,0,0,0,46458.7362266696,193.670140998192,1.4972608696135463
38000.0,0,4042.99196215858,31200.0,809.0,0,0,0,48007.4030016257,23.3230390420259,2.3476486212794048
86000.0,1,12498.8599979277,12500.0,603.0,1,1,2,72164.828221072,229.877554662474,1.0000456028555718
97000.0,0,27854.0448455028,32300.0,818.0,2,0,0,68391.456478138,818.054693536959,1.075871381418878
31000.0,0,15970.9799292291,16200.0,652.0,1,0,0,69394.8165752942,387.317319065646,1.0071358537760424
83000.0,0,4696.06754421253,22300.0,722.0,1,0,0,74713.5435676958,311.024590082286,1.9734400328060933
32000.0,0,2948.45131603822,17400.0,667.0,0,0,0,31018.38,42.67195,2.137370139952882
79000.0,1,24886.3047837895,28100.0,780.0,0,0,0,48633.0428598086,232.190803179283,1.0619548786767443
37000.0,0,12569.7691475689,14600.0,632.0,1,0,0,64977.3542778795,93.3656099149137,1.0767309161765386
88000.0,0,9465.09509960199,23200.0,732.0,1,0,0,70737.074610223,705.395507768724,1.514372448227689
40000.0,0,2642.43941201564,12500.0,603.0,0,0,0,49295.82,5.977695,1.9706018038387563
82000.0,1,8925.43569642614,10200.0,570.0,0,0,0,56880.6922202761,365.112726811343,1.068225647253249
41000.0,1,11733.9440283966,13300.0,615.0,0,0,0,59619.2716835493,615.644518014894,1.0639466409077416
56000.0,0,3300.9126487164,18900.0,685.0,0,0,0,70366.6405250928,2.86968476478528,2.1142133936924963
29000.0,0,13122.7740682523,38300.0,869.0,1,0,0,42847.0653561038,21.6032063262444,1.6293755635412517
43000.0,0,22469.622588244,30900.0,806.0,3,0,0,33031.2295015306,0.611109959774196,1.1677400722191718
25000.0,0,9705.93529172064,10700.0,577.0,2,0,0,46305.03,112.0622,1.0495452407143695
31000.0,1,11687.5981083168,13200.0,613.0,0,0,0,52445.105740518,100.235748055834,1.0620779743229645
99000.0,1,9282.16336983359,31100.0,808.0,0,0,0,85474.7646995585,41.6550259447271,1.7235173435017572
86000.0,0,6465.58643916695,35500.0,846.0,1,0,0,70093.6085352155,50.7228990393232,2.0822836187447855
87000.0,1,5861.43532022764,16400.0,655.0,0,0,0,84985.21,96.25921,1.6011425141653302
112000.0,1,22695.1601921194,24100.0,741.0,0,0,0,76102.34,398.053,1.0303306567605
