1.0,1.0,0.0,999999.4,0.0,1.0,28.0,0.0,0.0,0.0,0.0,0.0
1.0,1.0,1.0,88.0,1.0,1.0,22.0,0.0,0.0,1.0,0.0,1.0
2.0,1.0,1.0,159.0,1.0,1.0,27.0,0.0,0.0,0.0,1.0,1.0
1.0,0.0,1.0,65.0,1.0,1.0,29.0,0.0,0.0,0.0,1.0,1.0
1.0,1.0,1.0,65.0,1.0,1.0,34.0,0.0,0.0,0.0,0.0,1.0
1.0,1.0,1.0,169.0,1.0,1.0,20.0,0.0,0.0,0.0,0.0,1.0
1.0,1.0,1.0,74.0,1.0,1.0,30.0,0.0,0.0,0.0,0.0,1.0
1.0,1.0,1.0,43.0,0.0,0.0,31.8,0.0,1.0,0.0,0.0,0.0
1.0,1.0,1.0,57.0,0.0,1.0,35.0,0.0,0.0,1.0,1.0,0.0
1.0,1.0,1.0,70.0,1.0,1.0,30.73,0.0,0.0,0.0,0.0,1.0
1.0,1.0,0.0,78.0,1.0,1.0,30.2,0.0,0.0,0.0,0.0,1.0
1.0,1.0,1.0,100.0,1.0,1.0,26.52,0.0,0.0,0.0,0.0,1.0
1.0,1.0,1.0,84.0,0.0,1.0,26.0,0.0,0.0,0.0,0.0,0.0
1.0,1.0,1.0,105.0,1.0,1.0,20.0,0.0,0.0,0.0,0.0,1.0
1.0,1.0,0.0,67.0,1.0,1.0,27.0,0.0,0.0,0.0,1.0,1.0
1.0,1.0,1.0,160.0,1.0,1.0,38.0,0.0,0.0,0.0,0.0,1.0
1.0,0.0,1.0,51.0,0.0,1.0,38.0,0.0,0.0,1.0,1.0,0.0
1.0,1.0,1.0,59.0,1.0,1.0,36.0,0.0,0.0,0.0,0.0,1.0
1.0,1.0,1.0,43.0,1.0,1.0,34.5,0.0,0.0,1.0,0.0,1.0
1.0,1.0,1.0,80.0,1.0,1.0,26.1,0.0,0.0,0.0,0.0,1.0
1.0,1.0,1.0,118.0,1.0,1.0,34.0,0.0,0.0,0.0,1.0,1.0
1.0,0.0,1.0,870.0,1.0,1.0,5.6,0.0,0.0,0.0,0.0,1.0
1.0,1.0,1.0,125.0,0.0,0.0,30.37,0.0,0.0,0.0,0.0,0.0
1.0,1.0,1.0,134.0,1.0,1.0,17.0,0.0,0.0,0.0,0.0,1.0
1.0,1.0,1.0,115.0,1.0,1.0,25.0,0.0,0.0,0.0,1.0,1.0
1.0,1.0,1.0,118.0,1.0,1.0,29.0,0.0,0.0,1.0,1.0,1.0
1.0,1.0,1.0,69.0,0.0,1.0,22.0,0.0,0.0,0.0,0.0,0.0
1.0,1.0,1.0,79.0,1.0,1.0,37.0,0.0,0.0,1.0,0.0,1.0
1.0,1.0,1.0,62.0,0.0,1.0,31.0,0.0,0.0,0.0,0.0,0.0
1.0,0.0,1.0,25.0,0.0,0.0,36.0,0.0,0.0,0.0,0.0,0.0
1.0,1.0,1.0,48.0,1.0,1.0,38.0,0.0,0.0,0.0,1.0,1.0
1.0,1.0,1.0,109.0,1.0,1.0,37.0,0.0,0.0,0.0,0.0,1.0
1.0,1.0,1.0,30.0,0.0,1.0,31.0,0.0,0.0,0.0,0.0,0.0
2.0,1.0,1.0,113.0,1.0,1.0,13.0,0.0,0.0,0.0,0.0,1.0
1.0,0.0,1.0,65.0,0.0,1.0,35.9,0.0,0.0,0.0,0.0,0.0
1.0,1.0,1.0,84.0,1.0,1.0,34.0,0.0,0.0,0.0,0.0,1.0
1.0,1.0,1.0,83.0,1.0,1.0,36.4,0.0,0.0,1.0,0.0,1.0
1.0,1.0,1.0,151.0,1.0,1.0,21.2,0.0,0.0,1.0,0.0,1.0
1.0,1.0,1.0,110.0,0.0,1.0,31.1,0.0,0.0,0.0,0.0,0.0
1.0,1.0,1.0,28.0,1.0,0.0,26.0,0.0,0.0,0.0,0.0,1.0
1.0,0.0,0.0,60.0,0.0,1.0,38.01,0.0,0.0,0.0,0.0,0.0
1.0,0.0,1.0,65.0,1.0,1.0,34.0,0.0,0.0,0.0,1.0,1.0
1.0,1.0,0.0,55.0,0.0,1.0,33.0,0.0,0.0,1.0,0.0,0.0
1.0,1.0,1.0,72.0,0.0,1.0,40.01,0.0,0.0,0.0,0.0,0.0
1.0,1.0,1.0,49.0,1.0,1.0,29.0,0.0,0.0,0.0,0.0,1.0
1.0,1.0,1.0,84.0,1.0,1.0,55.0,0.0,0.0,0.0,0.0,1.0
1.0,1.0,1.0,43.0,0.0,1.0,36.0,0.0,0.0,1.0,0.0,0.0
1.0,1.0,1.0,54.0,1.0,1.0,30.0,0.0,0.0,1.0,0.0,1.0
1.0,1.0,1.0,82.0,1.0,1.0,29.0,0.0,0.0,0.0,0.0,1.0
1.0,0.0,1.0,66.0,1.0,0.0,40.0,0.0,0.0,0.0,0.0,1.0
1.0,1.0,1.0,54.0,1.0,1.0,33.6,0.0,0.0,0.0,0.0,1.0
1.0,1.0,1.0,123.0,1.0,1.0,39.0,0.0,0.0,0.0,0.0,1.0
1.0,1.0,0.0,48.0,0.0,1.0,31.6,0.0,0.0,1.0,1.0,0.0
1.0,1.0,1.0,39.0,0.0,1.0,38.0,0.0,1.0,0.0,0.0,0.0
1.0,0.0,1.0,43.0,1.0,1.0,40.0,0.0,0.0,0.0,1.0,1.0
1.0,0.0,1.0,51.0,1.0,1.0,38.0,0.0,0.0,0.0,0.0,1.0
1.0,0.0,1.0,163.0,1.0,1.0,26.4,0.0,0.0,0.0,1.0,1.0
1.0,1.0,0.0,50.0,0.0,1.0,15.53,0.0,0.0,0.0,1.0,0.0
1.0,1.0,0.0,42.0,0.0,1.0,34.0,0.0,0.0,0.0,1.0,0.0
1.0,0.0,1.0,51.0,1.0,0.0,33.0,0.0,0.0,0.0,1.0,1.0
1.0,1.0,1.0,55.0,0.0,1.0,27.0,0.0,0.0,0.0,1.0,0.0
1.0,1.0,1.0,37.0,0.0,1.0,37.0,1.0,0.0,1.0,1.0,0.0
1.0,1.0,1.0,57.0,1.0,1.0,35.0,0.0,0.0,1.0,0.0,1.0
1.0,1.0,0.0,27.0,0.0,1.0,29.88,0.0,0.0,0.0,1.0,0.0
1.0,1.0,0.0,28.0,1.0,1.0,29.8,0.0,0.0,0.0,0.0,1.0
1.0,1.0,0.0,27.0,0.0,1.0,33.09,0.0,0.0,1.0,0.0,0.0
1.0,1.0,1.0,115.0,1.0,1.0,30.0,0.0,0.0,0.0,1.0,1.0
1.0,1.0,0.0,89.0,0.0,1.0,38.0,1.0,0.0,1.0,0.0,0.0
1.0,1.0,1.0,78.0,0.0,0.0,18.0,0.0,0.0,0.0,1.0,0.0
1.0,1.0,1.0,55.0,1.0,1.0,26.6,0.0,0.0,1.0,1.0,1.0
1.0,1.0,1.0,105.0,1.0,0.0,50.0,0.0,0.0,0.0,0.0,1.0
1.0,1.0,1.0,164.0,1.0,1.0,35.8,0.0,0.0,0.0,0.0,1.0
1.0,1.0,1.0,41.0,1.0,1.0,36.5,0.0,0.0,0.0,0.0,1.0
1.0,1.0,1.0,60.0,0.0,1.0,31.0,0.0,0.0,0.0,1.0,0.0
1.0,1.0,0.0,36.0,1.0,1.0,33.56,0.0,0.0,1.0,1.0,1.0
1.0,1.0,1.0,73.0,0.0,1.0,39.0,0.0,0.0,1.0,1.0,0.0
2.0,1.0,1.0,47.0,1.0,1.0,45.0,0.0,0.0,0.0,0.0,1.0
1.0,1.0,0.0,34.0,0.0,1.0,34.0,0.0,0.0,0.0,0.0,0.0
1.0,1.0,1.0,48.0,0.0,1.0,34.0,0.0,0.0,1.0,1.0,0.0
1.0,0.0,0.0,32.0,0.0,1.0,27.0,0.0,0.0,1.0,1.0,0.0
1.0,1.0,1.0,34.0,0.0,1.0,20.0,0.0,0.0,0.0,0.0,0.0
1.0,1.0,1.0,114.0,0.0,1.0,42.0,0.0,0.0,1.0,1.0,0.0
1.0,1.0,1.0,47.0,1.0,1.0,35.0,0.0,0.0,0.0,0.0,1.0
1.0,1.0,1.0,102.0,1.0,1.0,34.85,0.0,0.0,0.0,0.0,1.0
1.0,1.0,1.0,50.0,1.0,1.0,35.0,0.0,0.0,0.0,0.0,1.0
1.0,1.0,1.0,32.0,1.0,1.0,36.8,0.0,0.0,1.0,1.0,1.0
1.0,0.0,1.0,61.0,1.0,0.0,45.0,0.0,0.0,0.0,1.0,1.0
1.0,1.0,1.0,60.0,0.0,1.0,41.2,0.0,0.0,0.0,0.0,0.0
1.0,1.0,0.0,100.0,1.0,1.0,32.0,0.0,0.0,1.0,0.0,1.0
1.0,1.0,0.0,63.0,1.0,1.0,35.0,0.0,0.0,1.0,0.0,1.0
1.0,1.0,1.0,57.0,1.0,1.0,28.2,0.0,0.0,0.0,1.0,1.0
1.0,0.0,0.0,55.0,0.0,0.0,47.0,0.0,1.0,0.0,1.0,0.0
1.0,1.0,1.0,56.0,1.0,1.0,36.0,0.0,0.0,1.0,1.0,1.0
1.0,1.0,1.0,52.0,0.0,1.0,30.16,0.0,0.0,0.0,1.0,0.0
1.0,1.0,1.0,54.0,1.0,1.0,37.28,0.0,0.0,1.0,1.0,1.0
1.0,1.0,1.0,44.0,0.0,1.0,73.0,0.0,0.0,0.0,1.0,0.0
1.0,1.0,1.0,46.0,0.0,1.0,28.8,0.0,0.0,0.0,0.0,0.0
1.0,0.0,0.0,84.0,0.0,0.0,21.0,0.0,0.0,0.0,1.0,0.0
3.0,1.0,1.0,40.0,0.0,1.0,36.0,0.0,0.0,0.0,0.0,0.0
1.0,1.0,1.0,167.0,1.0,1.0,25.0,0.0,0.0,0.0,0.0,1.0
1.0,1.0,1.0,165.0,1.0,1.0,36.6,0.0,0.0,0.0,0.0,1.0
1.0,1.0,1.0,58.0,1.0,1.0,29.0,0.0,0.0,0.0,1.0,1.0
1.0,1.0,1.0,51.0,0.0,1.0,29.3,0.0,1.0,0.0,0.0,0.0
1.0,1.0,0.0,30.0,0.0,1.0,28.0,0.0,0.0,0.0,1.0,0.0
1.0,1.0,1.0,57.0,1.0,0.0,25.8,0.0,0.0,0.0,0.0,1.0
1.0,1.0,1.0,59.0,1.0,1.0,35.0,1.0,0.0,1.0,0.0,1.0
1.0,1.0,0.0,39.0,0.0,1.0,34.0,0.0,0.0,1.0,1.0,0.0
1.0,1.0,0.0,31.0,0.0,1.0,39.0,0.0,0.0,0.0,0.0,0.0
1.0,1.0,1.0,56.0,1.0,1.0,22.51,0.0,0.0,0.0,0.0,1.0
1.0,1.0,1.0,80.0,1.0,1.0,34.0,0.0,0.0,0.0,0.0,1.0
1.0,0.0,0.0,23.0,0.0,1.0,35.0,0.0,0.0,1.0,1.0,0.0
1.0,1.0,1.0,109.0,1.0,1.0,44.0,0.0,0.0,0.0,1.0,1.0
1.0,1.0,0.0,27.0,0.0,1.0,31.0,0.0,0.0,0.0,0.0,0.0
1.0,1.0,1.0,64.0,0.0,1.0,32.2,0.0,0.0,0.0,1.0,0.0
1.0,1.0,0.0,51.0,1.0,1.0,27.0,0.0,0.0,0.0,0.0,1.0
1.0,1.0,1.0,132.0,1.0,1.0,28.9,0.0,0.0,0.0,0.0,1.0
1.0,0.0,0.0,22.0,0.0,1.0,38.3,0.0,0.0,1.0,1.0,0.0
1.0,1.0,1.0,56.0,0.0,1.0,31.0,0.0,0.0,0.0,0.0,0.0
1.0,1.0,1.0,48.0,0.0,1.0,27.0,0.0,0.0,0.0,1.0,0.0
1.0,0.0,1.0,45.0,0.0,1.0,34.0,0.0,0.0,1.0,1.0,0.0
1.0,1.0,0.0,37.0,1.0,1.0,32.28,0.0,0.0,1.0,0.0,1.0
1.0,1.0,1.0,39.0,0.0,1.0,22.2,0.0,0.0,0.0,0.0,0.0
1.0,1.0,1.0,76.0,1.0,1.0,23.0,0.0,0.0,0.0,1.0,1.0
1.0,1.0,1.0,86.0,0.0,1.0,27.0,0.0,0.0,0.0,0.0,0.0
1.0,1.0,1.0,104.0,1.0,1.0,35.56,0.0,1.0,0.0,0.0,1.0
1.0,1.0,1.0,192.0,1.0,1.0,13.0,0.0,0.0,0.0,0.0,1.0
1.0,1.0,0.0,150.0,0.0,0.0,29.0,0.0,0.0,0.0,0.0,0.0
1.0,1.0,1.0,48.0,0.0,1.0,32.0,0.0,0.0,0.0,1.0,0.0
2.0,1.0,1.0,123.0,1.0,1.0,34.93,0.0,0.0,0.0,1.0,1.0
1.0,1.0,0.0,37.0,0.0,1.0,32.0,0.0,0.0,0.0,0.0,0.0
1.0,1.0,1.0,40.0,0.0,1.0,39.0,0.0,0.0,0.0,1.0,0.0
1.0,1.0,1.0,48.0,0.0,1.0,20.0,0.0,0.0,0.0,1.0,0.0
1.0,1.0,1.0,252.0,1.0,1.0,39.0,0.0,0.0,0.0,0.0,1.0
1.0,1.0,1.0,148.0,1.0,1.0,41.0,0.0,0.0,0.0,0.0,1.0
1.0,1.0,1.0,87.0,0.0,1.0,33.4,0.0,0.0,1.0,0.0,0.0
1.0,1.0,1.0,174.0,0.0,1.0,16.0,0.0,0.0,0.0,1.0,0.0
1.0,1.0,1.0,39.0,1.0,1.0,30.0,0.0,0.0,1.0,0.0,1.0
1.0,1.0,1.0,66.0,1.0,1.0,42.0,0.0,0.0,0.0,0.0,1.0
1.0,1.0,1.0,89.0,1.0,1.0,28.9,0.0,0.0,0.0,0.0,1.0
1.0,1.0,1.0,202.0,1.0,0.0,37.0,0.0,0.0,0.0,0.0,1.0
1.0,1.0,1.0,59.0,1.0,1.0,38.0,0.0,0.0,0.0,0.0,1.0
1.0,1.0,1.0,16.0,0.0,1.0,26.0,0.0,0.0,0.0,0.0,0.0
1.0,1.0,1.0,39.0,0.0,1.0,26.0,0.0,0.0,0.0,0.0,0.0
1.0,0.0,1.0,71.0,0.0,1.0,30.83,0.0,0.0,0.0,1.0,0.0
1.0,1.0,1.0,48.0,1.0,0.0,31.4,0.0,0.0,1.0,1.0,1.0
1.0,1.0,1.0,70.0,1.0,1.0,38.0,0.0,0.0,0.0,0.0,1.0
1.0,1.0,0.0,54.0,0.0,1.0,37.0,0.0,0.0,0.0,0.0,0.0
1.0,1.0,0.0,41.0,0.0,1.0,43.0,1.0,0.0,1.0,1.0,0.0
1.0,1.0,1.0,14.0,0.0,1.0,27.5,0.0,0.0,0.0,1.0,0.0
1.0,1.0,1.0,49.0,0.0,1.0,31.0,0.0,0.0,1.0,0.0,0.0
1.0,1.0,1.0,105.0,0.0,1.0,34.48,0.0,0.0,1.0,0.0,0.0
1.0,1.0,1.0,53.0,0.0,1.0,32.5,0.0,0.0,1.0,0.0,0.0
1.0,1.0,1.0,252.0,1.0,1.0,33.0,0.0,0.0,0.0,1.0,1.0
1.0,1.0,1.0,284.0,1.0,0.0,29.0,0.0,0.0,0.0,1.0,1.0
1.0,1.0,1.0,420.0,1.0,1.0,49.0,0.0,0.0,0.0,0.0,1.0
1.0,1.0,0.0,30.0,0.0,1.0,35.0,0.0,0.0,0.0,0.0,0.0
1.0,1.0,1.0,35.0,0.0,1.0,37.0,0.0,0.0,0.0,1.0,0.0
1.0,1.0,1.0,64.0,1.0,1.0,28.0,0.0,0.0,1.0,0.0,1.0
1.0,1.0,0.0,60.0,0.0,0.0,36.7,0.0,0.0,0.0,1.0,0.0
1.0,1.0,1.0,101.0,1.0,1.0,33.0,0.0,0.0,1.0,0.0,1.0
1.0,1.0,0.0,67.0,0.0,1.0,31.0,0.0,0.0,1.0,0.0,0.0
1.0,1.0,1.0,86.0,1.0,1.0,27.0,0.0,0.0,0.0,1.0,1.0
1.0,0.0,0.0,81.0,1.0,1.0,38.0,0.0,0.0,0.0,1.0,1.0
1.0,1.0,1.0,130.0,1.0,1.0,30.0,0.0,0.0,0.0,0.0,1.0
1.0,1.0,1.0,21.0,0.0,1.0,25.38,0.0,0.0,0.0,1.0,0.0
1.0,1.0,0.0,32.0,0.0,1.0,57.0,0.0,0.0,0.0,1.0,0.0
1.0,1.0,0.0,52.0,0.0,1.0,28.0,1.0,1.0,1.0,0.0,0.0
1.0,1.0,1.0,57.0,1.0,1.0,41.0,0.0,0.0,0.0,1.0,1.0
1.0,0.0,0.0,37.0,0.0,0.0,52.0,1.0,0.0,1.0,1.0,0.0
1.0,1.0,1.0,36.0,0.0,1.0,18.0,0.0,0.0,0.0,1.0,0.0
1.0,1.0,1.0,76.0,1.0,1.0,32.0,0.0,0.0,0.0,0.0,1.0
1.0,1.0,1.0,162.0,1.0,1.0,30.5,0.0,0.0,0.0,0.0,1.0
1.0,1.0,0.0,190.0,1.0,1.0,24.0,0.0,0.0,0.0,0.0,1.0
1.0,1.0,1.0,82.0,1.0,1.0,38.6,1.0,0.0,1.0,0.0,1.0
1.0,1.0,1.0,45.0,0.0,1.0,38.0,0.0,0.0,0.0,0.0,0.0
1.0,1.0,1.0,59.0,1.0,1.0,30.0,0.0,0.0,0.0,0.0,1.0
1.0,1.0,1.0,48.0,1.0,1.0,34.0,0.0,0.0,1.0,1.0,1.0
1.0,1.0,1.0,51.0,1.0,1.0,38.0,0.0,0.0,0.0,1.0,1.0
1.0,1.0,1.0,42.0,1.0,1.0,38.0,0.0,0.0,0.0,0.0,1.0
2.0,1.0,1.0,86.0,1.0,1.0,30.0,0.0,1.0,0.0,1.0,1.0
1.0,1.0,1.0,93.0,1.0,1.0,38.0,0.0,0.0,1.0,0.0,1.0
1.0,1.0,1.0,131.0,1.0,1.0,19.0,0.0,0.0,0.0,0.0,1.0
1.0,1.0,0.0,60.0,0.0,1.0,37.0,0.0,0.0,0.0,0.0,0.0
1.0,1.0,1.0,87.0,1.0,1.0,39.45,0.0,0.0,0.0,1.0,1.0
1.0,1.0,1.0,60.0,0.0,0.0,20.0,0.0,1.0,0.0,0.0,0.0
1.0,1.0,1.0,43.0,1.0,1.0,23.0,0.0,0.0,1.0,0.0,1.0
1.0,1.0,1.0,60.0,1.0,1.0,39.0,0.0,0.0,0.0,0.0,1.0
1.0,0.0,1.0,27.0,0.0,0.0,43.0,0.0,0.0,0.0,1.0,0.0
1.0,1.0,1.0,74.0,1.0,0.0,37.0,0.0,0.0,0.0,1.0,1.0
1.0,1.0,1.0,63.0,1.0,1.0,36.0,0.0,0.0,0.0,0.0,1.0
1.0,1.0,1.0,83.0,0.0,1.0,35.1,0.0,0.0,0.0,0.0,0.0
1.0,1.0,1.0,86.0,1.0,1.0,33.0,0.0,0.0,0.0,0.0,1.0
1.0,1.0,1.0,41.0,1.0,1.0,37.26,0.0,0.0,0.0,1.0,1.0
1.0,1.0,0.0,45.0,0.0,1.0,25.0,0.0,0.0,0.0,1.0,0.0
1.0,1.0,1.0,38.0,1.0,1.0,34.8,0.0,0.0,1.0,1.0,1.0
1.0,1.0,1.0,62.0,1.0,1.0,36.0,0.0,0.0,0.0,0.0,1.0
1.0,1.0,1.0,54.0,1.0,1.0,32.95,0.0,0.0,1.0,0.0,1.0
1.0,0.0,1.0,49.0,0.0,0.0,32.0,0.0,0.0,0.0,1.0,0.0
1.0,1.0,1.0,102.0,0.0,1.0,33.0,0.0,0.0,0.0,1.0,0.0
1.0,0.0,0.0,44.0,0.0,0.0,21.0,0.0,0.0,0.0,1.0,0.0
1.0,1.0,1.0,91.0,1.0,0.0,38.0,0.0,0.0,0.0,0.0,1.0
2.0,1.0,1.0,120.0,1.0,1.0,10.79,0.0,0.0,0.0,1.0,1.0
1.0,1.0,1.0,19.0,0.0,1.0,35.0,0.0,0.0,1.0,1.0,0.0
1.0,1.0,0.0,68.0,0.0,1.0,25.0,0.0,0.0,0.0,1.0,0.0
1.0,1.0,1.0,29.0,1.0,1.0,34.9,0.0,0.0,0.0,0.0,1.0
1.0,0.0,0.0,56.0,0.0,1.0,39.0,0.0,0.0,0.0,0.0,0.0
2.0,1.0,1.0,61.0,1.0,1.0,22.0,0.0,0.0,0.0,1.0,1.0
1.0,1.0,0.0,36.0,0.0,1.0,28.0,0.0,0.0,0.0,1.0,0.0
1.0,1.0,1.0,145.0,0.0,1.0,17.4,0.0,0.0,0.0,0.0,0.0
1.0,1.0,1.0,21.0,0.0,1.0,69.0,0.0,0.0,0.0,1.0,0.0
1.0,1.0,1.0,174.0,1.0,1.0,18.0,0.0,0.0,0.0,0.0,1.0
1.0,1.0,1.0,79.0,1.0,1.0,36.0,0.0,0.0,1.0,0.0,1.0
1.0,1.0,1.0,43.0,0.0,1.0,40.0,0.0,0.0,0.0,1.0,0.0
1.0,1.0,1.0,85.0,1.0,1.0,32.0,0.0,0.0,0.0,1.0,1.0
1.0,1.0,1.0,65.0,1.0,1.0,30.0,0.0,0.0,1.0,0.0,1.0
1.0,1.0,1.0,43.0,1.0,1.0,37.0,0.0,0.0,1.0,0.0,1.0
1.0,1.0,1.0,157.0,0.0,1.0,28.0,0.0,0.0,0.0,0.0,0.0
1.0,1.0,1.0,351.0,1.0,1.0,26.73,0.0,0.0,0.0,0.0,1.0
1.0,1.0,0.0,120.0,0.0,1.0,13.0,0.0,0.0,0.0,1.0,0.0
1.0,1.0,1.0,44.0,0.0,1.0,23.0,0.0,0.0,0.0,0.0,0.0
1.0,1.0,0.0,50.0,0.0,0.0,37.0,0.0,0.0,0.0,1.0,0.0
1.0,1.0,1.0,55.0,1.0,1.0,37.0,0.0,0.0,0.0,0.0,1.0
1.0,1.0,1.0,157.0,1.0,1.0,23.0,0.0,0.0,0.0,1.0,1.0
1.0,1.0,1.0,69.0,0.0,1.0,37.0,0.0,0.0,0.0,1.0,0.0
1.0,1.0,1.0,240.0,0.0,1.0,26.3,0.0,0.0,0.0,1.0,0.0
1.0,1.0,1.0,67.0,1.0,1.0,31.0,0.0,0.0,1.0,1.0,1.0
1.0,1.0,1.0,116.0,1.0,1.0,36.0,0.0,0.0,0.0,0.0,1.0
1.0,1.0,1.0,46.0,1.0,1.0,32.0,0.0,0.0,0.0,0.0,1.0
1.0,1.0,1.0,77.0,1.0,1.0,42.0,0.0,0.0,0.0,0.0,1.0
1.0,0.0,0.0,32.0,0.0,1.0,58.0,0.0,0.0,1.0,1.0,0.0
1.0,1.0,0.0,41.0,0.0,1.0,19.22,0.0,0.0,0.0,1.0,0.0
1.0,1.0,0.0,47.0,0.0,1.0,22.0,0.0,0.0,0.0,0.0,0.0
1.0,1.0,1.0,54.0,0.0,1.0,28.7,0.0,0.0,0.0,0.0,0.0
1.0,0.0,1.0,54.0,1.0,1.0,34.0,0.0,0.0,1.0,0.0,1.0
1.0,1.0,0.0,24.0,0.0,1.0,29.0,0.0,0.0,0.0,1.0,0.0
1.0,1.0,1.0,119.0,1.0,1.0,21.16,0.0,0.0,0.0,0.0,1.0
1.0,1.0,1.0,73.0,1.0,1.0,33.12,0.0,0.0,0.0,0.0,1.0
1.0,1.0,0.0,55.0,1.0,1.0,36.0,0.0,0.0,0.0,1.0,1.0
1.0,1.0,1.0,62.0,1.0,1.0,27.0,0.0,0.0,0.0,0.0,1.0
1.0,1.0,1.0,62.0,1.0,1.0,22.5,0.0,0.0,1.0,1.0,1.0
1.0,1.0,1.0,56.0,0.0,0.0,43.0,0.0,0.0,0.0,0.0,0.0
1.0,1.0,1.0,102.0,1.0,1.0,36.0,0.0,0.0,0.0,0.0,1.0
1.0,1.0,1.0,38.0,1.0,0.0,43.0,0.0,0.0,0.0,0.0,1.0
1.0,1.0,1.0,63.0,1.0,1.0,35.0,0.0,0.0,0.0,0.0,1.0
1.0,0.0,1.0,22.0,0.0,1.0,46.0,0.0,0.0,0.0,1.0,0.0
1.0,1.0,1.0,51.0,1.0,1.0,33.3,0.0,0.0,0.0,0.0,1.0
1.0,1.0,1.0,108.0,1.0,1.0,43.0,0.0,0.0,0.0,0.0,1.0
1.0,1.0,1.0,67.0,1.0,1.0,14.0,0.0,0.0,0.0,0.0,1.0
1.0,0.0,1.0,48.0,1.0,1.0,38.0,0.0,0.0,1.0,1.0,1.0
1.0,1.0,0.0,72.0,0.0,1.0,18.0,0.0,0.0,0.0,0.0,0.0
1.0,1.0,1.0,90.0,1.0,1.0,32.0,0.0,0.0,0.0,0.0,1.0
1.0,1.0,0.0,51.0,0.0,1.0,35.0,0.0,0.0,0.0,0.0,0.0
1.0,1.0,1.0,55.0,1.0,1.0,34.0,0.0,0.0,1.0,0.0,1.0
1.0,1.0,1.0,86.0,1.0,1.0,34.0,0.0,0.0,0.0,0.0,1.0
1.0,0.0,0.0,29.0,0.0,1.0,32.0,0.0,0.0,1.0,1.0,0.0
1.0,1.0,1.0,66.0,1.0,1.0,40.3,0.0,0.0,0.0,0.0,1.0
1.0,1.0,1.0,796.0,1.0,1.0,27.8,0.0,0.0,0.0,0.0,1.0
1.0,1.0,1.0,39.0,1.0,1.0,29.0,0.0,1.0,0.0,0.0,1.0
1.0,1.0,0.0,40.0,0.0,1.0,33.0,0.0,1.0,0.0,0.0,0.0
1.0,1.0,1.0,57.0,0.0,1.0,37.0,0.0,0.0,1.0,0.0,0.0
1.0,0.0,1.0,21.0,1.0,0.0,18.4,0.0,0.0,0.0,1.0,1.0
1.0,1.0,0.0,49.0,0.0,1.0,26.0,0.0,0.0,0.0,0.0,0.0
1.0,1.0,1.0,324.0,1.0,1.0,13.0,0.0,0.0,0.0,0.0,1.0
1.0,1.0,0.0,71.0,1.0,1.0,38.0,0.0,0.0,0.0,0.0,1.0
1.0,1.0,0.0,65.0,1.0,1.0,33.0,0.0,0.0,0.0,1.0,1.0
1.0,1.0,1.0,84.0,1.0,1.0,35.7,0.0,0.0,0.0,0.0,1.0
1.0,0.0,1.0,94.0,1.0,1.0,31.0,0.0,0.0,0.0,0.0,1.0
1.0,1.0,1.0,55.0,1.0,1.0,33.0,0.0,0.0,0.0,0.0,1.0
2.0,1.0,1.0,124.0,1.0,1.0,33.0,1.0,0.0,1.0,1.0,1.0
1.0,1.0,1.0,51.0,1.0,1.0,35.0,0.0,0.0,0.0,1.0,1.0
1.0,1.0,1.0,48.0,1.0,1.0,21.0,0.0,0.0,0.0,0.0,1.0
1.0,0.0,0.0,59.0,0.0,1.0,35.0,0.0,0.0,1.0,0.0,0.0
1.0,1.0,1.0,54.0,0.0,1.0,35.0,0.0,0.0,0.0,0.0,0.0
1.0,0.0,1.0,36.0,0.0,0.0,30.27,0.0,0.0,1.0,1.0,0.0
2.0,1.0,1.0,32.0,0.0,1.0,38.0,0.0,0.0,0.0,1.0,0.0
1.0,1.0,1.0,63.0,1.0,1.0,37.0,0.0,0.0,0.0,0.0,1.0
1.0,1.0,0.0,140.0,0.0,1.0,23.3,0.0,0.0,0.0,0.0,0.0
1.0,1.0,1.0,60.0,1.0,1.0,34.0,0.0,0.0,1.0,0.0,1.0
1.0,1.0,1.0,17.0,1.0,1.0,47.0,0.0,0.0,0.0,1.0,1.0
1.0,1.0,0.0,110.0,0.0,1.0,28.0,0.0,0.0,0.0,1.0,0.0
1.0,1.0,1.0,100.0,1.0,1.0,20.0,0.0,0.0,0.0,0.0,1.0
1.0,1.0,1.0,96.0,0.0,1.0,28.0,0.0,0.0,0.0,0.0,0.0
1.0,1.0,1.0,54.0,1.0,1.0,37.5,0.0,0.0,0.0,0.0,1.0
1.0,1.0,1.0,81.0,0.0,1.0,32.0,0.0,0.0,0.0,1.0,0.0
1.0,0.0,1.0,41.0,1.0,1.0,34.0,0.0,0.0,1.0,1.0,1.0
1.0,1.0,1.0,85.0,1.0,1.0,30.44,0.0,1.0,0.0,0.0,1.0
1.0,1.0,1.0,42.0,1.0,1.0,35.0,0.0,0.0,1.0,1.0,1.0
1.0,1.0,0.0,275.0,1.0,1.0,23.0,0.0,0.0,1.0,1.0,1.0
1.0,1.0,0.0,66.0,1.0,1.0,36.0,0.0,0.0,0.0,0.0,1.0
1.0,0.0,0.0,35.0,0.0,0.0,36.0,0.0,1.0,0.0,1.0,0.0
1.0,1.0,1.0,68.0,1.0,1.0,32.95,0.0,0.0,0.0,1.0,1.0
1.0,1.0,1.0,75.0,0.0,1.0,27.0,0.0,0.0,0.0,0.0,0.0
1.0,1.0,1.0,36.0,0.0,1.0,73.0,0.0,0.0,0.0,0.0,0.0
1.0,1.0,1.0,999999.4,1.0,1.0,26.0,0.0,0.0,1.0,0.0,1.0
1.0,1.0,1.0,161.0,1.0,1.0,27.0,0.0,0.0,0.0,0.0,1.0
1.0,0.0,1.0,120.0,1.0,1.0,58.0,0.0,0.0,0.0,1.0,1.0
1.0,1.0,1.0,213.0,1.0,1.0,24.0,0.0,0.0,0.0,0.0,1.0
1.0,1.0,1.0,47.0,0.0,1.0,37.0,0.0,0.0,1.0,1.0,0.0
2.0,1.0,1.0,37.0,1.0,1.0,39.6,0.0,0.0,0.0,0.0,1.0
1.0,0.0,0.0,28.0,0.0,1.0,30.0,0.0,0.0,1.0,1.0,0.0
1.0,1.0,1.0,98.0,1.0,1.0,40.0,0.0,0.0,0.0,0.0,1.0
1.0,1.0,1.0,101.0,1.0,1.0,29.7,0.0,0.0,0.0,0.0,1.0
1.0,1.0,1.0,66.0,1.0,1.0,34.1,0.0,0.0,1.0,0.0,1.0
1.0,1.0,1.0,96.0,1.0,1.0,35.0,0.0,0.0,0.0,0.0,1.0
1.0,1.0,1.0,49.0,0.0,1.0,23.0,0.0,0.0,0.0,1.0,0.0
1.0,1.0,0.0,34.0,0.0,1.0,38.4,0.0,0.0,1.0,1.0,0.0
1.0,1.0,1.0,75.0,0.0,1.0,36.0,0.0,0.0,0.0,0.0,0.0
1.0,1.0,1.0,59.0,1.0,0.0,37.0,1.0,0.0,1.0,0.0,1.0
2.0,1.0,1.0,33.0,0.0,1.0,33.0,0.0,0.0,0.0,1.0,0.0
1.0,1.0,1.0,48.0,1.0,1.0,31.0,0.0,0.0,0.0,1.0,1.0
1.0,1.0,0.0,255.0,0.0,1.0,20.0,0.0,0.0,0.0,0.0,0.0
1.0,0.0,0.0,43.0,1.0,0.0,40.0,0.0,0.0,0.0,1.0,1.0
1.0,1.0,0.0,70.0,0.0,1.0,35.0,0.0,0.0,0.0,1.0,0.0
1.0,1.0,1.0,49.0,1.0,0.0,25.0,0.0,1.0,0.0,1.0,1.0
1.0,1.0,1.0,52.0,1.0,1.0,36.0,0.0,0.0,1.0,0.0,1.0
1.0,1.0,0.0,34.0,1.0,1.0,38.0,0.0,0.0,0.0,0.0,1.0
1.0,1.0,0.0,64.0,0.0,1.0,33.78,0.0,0.0,0.0,1.0,0.0
1.0,1.0,1.0,45.0,1.0,1.0,32.21,0.0,0.0,0.0,1.0,1.0
1.0,1.0,1.0,63.0,1.0,1.0,26.42,1.0,0.0,1.0,1.0,1.0
1.0,0.0,1.0,114.0,0.0,1.0,39.0,0.0,0.0,0.0,0.0,0.0
1.0,1.0,1.0,83.0,1.0,1.0,39.05,0.0,0.0,0.0,0.0,1.0
1.0,1.0,1.0,62.0,0.0,1.0,32.0,0.0,0.0,1.0,1.0,0.0
1.0,0.0,0.0,32.0,0.0,1.0,39.0,0.0,0.0,1.0,1.0,0.0
1.0,0.0,0.0,999999.4,0.0,1.0,27.0,0.0,0.0,0.0,0.0,0.0
1.0,0.0,1.0,32.0,1.0,1.0,24.0,0.0,0.0,1.0,1.0,1.0
1.0,1.0,1.0,52.0,1.0,1.0,34.0,0.0,0.0,0.0,0.0,1.0
1.0,1.0,1.0,102.0,1.0,1.0,28.0,0.0,0.0,0.0,0.0,1.0
1.0,1.0,1.0,42.0,0.0,1.0,39.0,0.0,0.0,1.0,0.0,0.0
1.0,0.0,1.0,66.0,0.0,1.0,31.77,0.0,0.0,0.0,1.0,0.0
1.0,1.0,1.0,47.0,1.0,1.0,36.0,0.0,0.0,0.0,1.0,1.0
1.0,1.0,0.0,45.0,0.0,1.0,31.1,0.0,0.0,0.0,0.0,0.0
1.0,1.0,1.0,79.0,0.0,1.0,29.0,0.0,0.0,0.0,0.0,0.0
1.0,1.0,0.0,100.0,0.0,1.0,28.0,0.0,0.0,0.0,0.0,0.0
1.0,1.0,1.0,66.0,1.0,1.0,42.0,0.0,0.0,1.0,0.0,1.0
1.0,1.0,1.0,65.0,1.0,1.0,36.0,0.0,0.0,0.0,0.0,1.0
1.0,1.0,1.0,17.0,0.0,1.0,75.0,0.0,0.0,0.0,0.0,0.0
1.0,1.0,1.0,47.0,1.0,0.0,95.0,0.0,0.0,0.0,0.0,1.0
1.0,1.0,1.0,55.0,0.0,1.0,33.0,0.0,0.0,0.0,0.0,0.0
1.0,1.0,1.0,63.0,1.0,0.0,30.0,0.0,0.0,0.0,1.0,1.0
1.0,1.0,1.0,75.0,1.0,1.0,44.47,0.0,0.0,0.0,1.0,1.0
1.0,1.0,1.0,86.0,1.0,1.0,37.0,0.0,0.0,0.0,1.0,1.0
1.0,1.0,1.0,23.0,1.0,1.0,78.0,0.0,1.0,0.0,0.0,1.0
1.0,1.0,1.0,35.0,0.0,1.0,30.5,0.0,0.0,0.0,0.0,0.0
1.0,1.0,1.0,86.0,1.0,1.0,35.6,0.0,0.0,0.0,0.0,1.0
1.0,1.0,1.0,999999.4,1.0,1.0,30.0,0.0,0.0,0.0,0.0,1.0
1.0,1.0,1.0,135.0,0.0,1.0,38.0,0.0,0.0,1.0,1.0,0.0
1.0,1.0,1.0,69.0,1.0,1.0,31.0,1.0,1.0,1.0,0.0,1.0
1.0,1.0,1.0,51.0,1.0,1.0,33.0,0.0,0.0,0.0,0.0,1.0
1.0,1.0,0.0,69.0,1.0,1.0,23.9,0.0,0.0,0.0,1.0,1.0
1.0,1.0,1.0,33.0,1.0,1.0,31.0,0.0,0.0,0.0,0.0,1.0
1.0,1.0,1.0,63.0,0.0,1.0,44.2,0.0,1.0,0.0,0.0,0.0
1.0,1.0,1.0,127.0,0.0,1.0,29.0,0.0,0.0,0.0,1.0,0.0
1.0,1.0,0.0,147.0,0.0,1.0,26.0,0.0,0.0,0.0,1.0,0.0
1.0,1.0,1.0,51.0,1.0,1.0,40.37,0.0,0.0,0.0,0.0,1.0
1.0,1.0,1.0,30.0,0.0,1.0,27.0,0.0,0.0,0.0,0.0,0.0
1.0,1.0,1.0,33.0,0.0,1.0,39.9,0.0,0.0,0.0,1.0,0.0
1.0,1.0,1.0,34.0,1.0,0.0,49.0,0.0,0.0,0.0,1.0,1.0
1.0,1.0,1.0,348.0,0.0,1.0,7.0,0.0,0.0,0.0,1.0,0.0
1.0,1.0,1.0,38.0,1.0,1.0,34.4,0.0,0.0,1.0,0.0,1.0
1.0,1.0,0.0,54.0,0.0,1.0,36.0,0.0,0.0,0.0,1.0,0.0
1.0,1.0,1.0,68.0,1.0,1.0,36.2,0.0,0.0,1.0,0.0,1.0
1.0,1.0,1.0,50.0,0.0,1.0,35.7,0.0,0.0,0.0,0.0,0.0
1.0,1.0,1.0,71.0,1.0,1.0,36.0,0.0,0.0,0.0,0.0,1.0
1.0,1.0,1.0,69.0,1.0,1.0,36.0,0.0,0.0,0.0,1.0,1.0
1.0,1.0,0.0,69.0,0.0,0.0,63.0,0.0,0.0,0.0,0.0,0.0
1.0,1.0,1.0,36.0,1.0,1.0,38.0,0.0,1.0,0.0,0.0,1.0
1.0,1.0,1.0,29.0,0.0,1.0,39.24,0.0,0.0,0.0,0.0,0.0
1.0,1.0,1.0,108.0,1.0,1.0,31.58,0.0,0.0,0.0,1.0,1.0
1.0,1.0,1.0,57.0,1.0,1.0,37.0,0.0,0.0,0.0,1.0,1.0
1.0,1.0,1.0,46.0,1.0,1.0,24.58,0.0,0.0,0.0,0.0,1.0
1.0,1.0,0.0,34.0,0.0,1.0,26.0,0.0,1.0,0.0,0.0,0.0
1.0,1.0,1.0,67.0,0.0,1.0,37.0,0.0,0.0,0.0,1.0,0.0
1.0,1.0,0.0,37.0,0.0,1.0,33.0,0.0,0.0,0.0,0.0,0.0
1.0,1.0,0.0,35.0,0.0,1.0,16.9,0.0,0.0,0.0,1.0,0.0
1.0,1.0,1.0,48.0,1.0,0.0,36.0,0.0,0.0,0.0,1.0,1.0
1.0,1.0,1.0,55.0,1.0,1.0,36.0,0.0,0.0,1.0,0.0,1.0
1.0,1.0,1.0,53.0,1.0,0.0,41.0,0.0,0.0,0.0,0.0,1.0
1.0,1.0,1.0,158.0,1.0,1.0,35.4,0.0,0.0,1.0,0.0,1.0
1.0,1.0,1.0,51.0,0.0,1.0,31.0,0.0,0.0,0.0,0.0,0.0
1.0,0.0,0.0,23.0,0.0,1.0,32.0,0.0,0.0,1.0,1.0,0.0
1.0,1.0,0.0,51.0,1.0,1.0,36.56,0.0,0.0,0.0,1.0,1.0
1.0,1.0,0.0,33.0,1.0,1.0,45.0,0.0,0.0,0.0,0.0,1.0
1.0,1.0,0.0,41.0,0.0,1.0,36.0,0.0,0.0,0.0,1.0,0.0
1.0,1.0,1.0,56.0,1.0,1.0,20.0,0.0,0.0,0.0,0.0,1.0
1.0,0.0,0.0,26.0,0.0,1.0,35.0,0.0,0.0,1.0,1.0,0.0
1.0,1.0,1.0,132.0,1.0,1.0,33.0,0.0,0.0,0.0,0.0,1.0
1.0,0.0,1.0,34.0,0.0,1.0,51.0,0.0,1.0,0.0,1.0,0.0
1.0,1.0,1.0,150.0,1.0,1.0,42.0,0.0,0.0,0.0,1.0,1.0
1.0,1.0,1.0,45.0,1.0,1.0,29.0,0.0,0.0,0.0,0.0,1.0
1.0,0.0,1.0,65.0,1.0,1.0,25.0,0.0,0.0,0.0,0.0,1.0
1.0,1.0,1.0,29.0,0.0,1.0,32.87,0.0,0.0,0.0,1.0,0.0
1.0,1.0,1.0,35.0,1.0,1.0,36.0,0.0,0.0,1.0,1.0,1.0
1.0,1.0,1.0,63.0,0.0,1.0,36.0,0.0,0.0,0.0,0.0,0.0
1.0,1.0,1.0,59.0,1.0,1.0,33.3,0.0,0.0,0.0,0.0,1.0
1.0,0.0,1.0,288.0,1.0,1.0,34.0,0.0,0.0,0.0,0.0,1.0
1.0,1.0,0.0,27.0,0.0,1.0,37.0,0.0,0.0,1.0,0.0,0.0
1.0,1.0,1.0,46.0,0.0,1.0,34.7,0.0,0.0,0.0,0.0,0.0
1.0,0.0,0.0,34.0,0.0,1.0,31.0,0.0,0.0,1.0,1.0,0.0
1.0,0.0,0.0,100.0,0.0,1.0,42.0,0.0,0.0,0.0,0.0,0.0
1.0,1.0,1.0,66.0,1.0,1.0,33.1,0.0,0.0,0.0,0.0,1.0
1.0,1.0,1.0,107.0,1.0,1.0,21.9,0.0,0.0,0.0,0.0,1.0
1.0,1.0,0.0,48.0,1.0,1.0,37.0,0.0,0.0,0.0,0.0,1.0
1.0,0.0,1.0,27.0,1.0,0.0,37.0,0.0,0.0,0.0,1.0,1.0
1.0,1.0,1.0,118.0,1.0,1.0,33.0,0.0,0.0,0.0,1.0,1.0
1.0,0.0,0.0,35.0,0.0,1.0,37.0,0.0,0.0,0.0,0.0,0.0
1.0,1.0,1.0,45.0,0.0,1.0,36.0,0.0,0.0,1.0,0.0,0.0
1.0,1.0,0.0,70.0,0.0,1.0,27.0,0.0,1.0,0.0,0.0,0.0
1.0,1.0,0.0,37.0,0.0,1.0,41.4,0.0,0.0,0.0,1.0,0.0
1.0,0.0,1.0,65.0,1.0,1.0,25.5,0.0,0.0,0.0,0.0,1.0
1.0,1.0,1.0,150.0,1.0,1.0,24.0,0.0,0.0,0.0,0.0,1.0
1.0,1.0,1.0,35.0,1.0,1.0,31.0,0.0,0.0,1.0,1.0,1.0
1.0,1.0,1.0,66.0,0.0,1.0,32.0,0.0,0.0,0.0,0.0,0.0
1.0,1.0,1.0,43.0,1.0,1.0,31.98,0.0,0.0,0.0,0.0,1.0
2.0,1.0,1.0,264.0,1.0,1.0,41.0,0.0,0.0,0.0,0.0,1.0
1.0,0.0,1.0,61.0,0.0,1.0,37.0,0.0,0.0,1.0,1.0,0.0
1.0,1.0,1.0,39.0,0.0,1.0,33.0,0.0,0.0,0.0,1.0,0.0
1.0,1.0,0.0,86.0,1.0,1.0,34.8,0.0,0.0,0.0,0.0,1.0
1.0,1.0,0.0,54.0,0.0,1.0,32.81,0.0,0.0,0.0,0.0,0.0
1.0,1.0,1.0,106.0,1.0,1.0,21.0,0.0,0.0,0.0,0.0,1.0
1.0,0.0,1.0,89.0,1.0,1.0,18.0,0.0,0.0,0.0,0.0,1.0
1.0,1.0,1.0,100.0,1.0,1.0,11.0,0.0,0.0,0.0,1.0,1.0
1.0,1.0,1.0,33.0,1.0,1.0,34.23,0.0,0.0,1.0,1.0,1.0
1.0,0.0,1.0,60.0,1.0,1.0,30.0,0.0,1.0,0.0,0.0,1.0
1.0,1.0,0.0,37.0,0.0,1.0,37.0,0.0,0.0,0.0,1.0,0.0
1.0,1.0,1.0,71.0,1.0,1.0,20.0,0.0,0.0,0.0,0.0,1.0
1.0,1.0,1.0,29.0,0.0,1.0,39.0,0.0,0.0,0.0,1.0,0.0
1.0,1.0,1.0,20.0,1.0,0.0,61.0,0.0,1.0,0.0,0.0,1.0
1.0,1.0,1.0,999999.4,1.0,1.0,35.0,0.0,0.0,1.0,0.0,1.0
1.0,1.0,1.0,70.0,1.0,1.0,27.0,0.0,0.0,0.0,1.0,1.0
1.0,1.0,1.0,195.0,0.0,0.0,32.0,0.0,0.0,0.0,0.0,0.0
1.0,1.0,0.0,47.0,0.0,1.0,33.0,0.0,0.0,0.0,1.0,0.0
1.0,1.0,1.0,38.0,1.0,1.0,53.0,0.0,0.0,0.0,0.0,1.0
1.0,1.0,0.0,37.0,0.0,1.0,31.05,0.0,0.0,0.0,0.0,0.0
1.0,1.0,1.0,48.0,1.0,1.0,34.7,0.0,0.0,0.0,0.0,1.0
1.0,1.0,1.0,63.0,1.0,1.0,30.8,0.0,0.0,0.0,0.0,1.0
1.0,1.0,1.0,73.0,1.0,0.0,35.0,0.0,0.0,0.0,0.0,1.0
1.0,0.0,1.0,101.0,0.0,1.0,34.0,0.0,0.0,0.0,0.0,0.0
1.0,1.0,1.0,199.0,1.0,1.0,38.0,0.0,0.0,0.0,0.0,1.0
1.0,0.0,1.0,43.0,1.0,1.0,42.0,0.0,0.0,1.0,1.0,1.0
1.0,1.0,1.0,63.0,1.0,1.0,37.0,0.0,0.0,0.0,1.0,1.0
1.0,1.0,1.0,86.0,1.0,1.0,27.0,0.0,0.0,0.0,0.0,1.0
1.0,1.0,1.0,242.0,0.0,1.0,32.05,0.0,0.0,0.0,1.0,0.0
1.0,1.0,1.0,200.0,1.0,1.0,36.2,0.0,0.0,0.0,1.0,1.0
1.0,1.0,1.0,62.0,1.0,1.0,32.0,0.0,0.0,1.0,0.0,1.0
1.0,1.0,0.0,259.0,1.0,1.0,33.0,0.0,0.0,0.0,0.0,1.0
1.0,1.0,1.0,36.0,1.0,1.0,21.0,0.0,0.0,0.0,1.0,1.0
1.0,1.0,0.0,30.0,0.0,1.0,35.0,0.0,0.0,0.0,0.0,0.0
1.0,1.0,1.0,68.0,1.0,1.0,24.0,0.0,0.0,0.0,0.0,1.0
1.0,1.0,1.0,92.0,1.0,1.0,38.0,0.0,0.0,0.0,0.0,1.0
1.0,1.0,1.0,95.0,0.0,1.0,39.0,0.0,1.0,0.0,0.0,0.0
1.0,0.0,0.0,33.0,0.0,1.0,30.0,0.0,0.0,1.0,1.0,0.0
1.0,1.0,1.0,50.0,0.0,0.0,47.0,0.0,0.0,0.0,1.0,0.0
1.0,1.0,1.0,109.0,1.0,1.0,34.0,0.0,0.0,0.0,0.0,1.0
1.0,0.0,1.0,117.0,1.0,1.0,34.0,0.0,0.0,0.0,0.0,1.0
1.0,1.0,1.0,35.0,1.0,1.0,26.0,0.0,0.0,0.0,1.0,1.0
1.0,1.0,1.0,104.0,1.0,1.0,29.3,0.0,0.0,0.0,0.0,1.0
1.0,1.0,1.0,77.0,0.0,1.0,39.0,0.0,0.0,0.0,1.0,0.0
1.0,1.0,1.0,46.0,1.0,1.0,26.0,0.0,0.0,0.0,0.0,1.0
1.0,1.0,1.0,115.0,1.0,1.0,35.0,0.0,0.0,0.0,0.0,1.0
1.0,1.0,0.0,60.0,1.0,0.0,46.0,0.0,0.0,0.0,1.0,1.0
1.0,1.0,1.0,36.0,1.0,1.0,35.0,0.0,0.0,1.0,0.0,1.0
1.0,1.0,1.0,93.0,0.0,1.0,35.0,0.0,0.0,0.0,0.0,0.0
1.0,1.0,1.0,94.0,0.0,1.0,25.0,0.0,0.0,0.0,0.0,0.0
1.0,1.0,1.0,32.0,1.0,0.0,36.0,0.0,0.0,0.0,1.0,1.0
1.0,1.0,1.0,81.0,0.0,1.0,37.0,0.0,0.0,1.0,1.0,0.0
1.0,1.0,0.0,55.0,0.0,1.0,30.0,0.0,0.0,0.0,1.0,0.0
1.0,1.0,1.0,108.0,1.0,1.0,28.0,0.0,0.0,0.0,0.0,1.0
1.0,1.0,1.0,80.0,1.0,1.0,36.0,0.0,0.0,1.0,0.0,1.0
1.0,1.0,1.0,52.0,1.0,0.0,36.7,0.0,0.0,0.0,0.0,1.0
1.0,1.0,1.0,60.0,1.0,1.0,39.0,0.0,0.0,0.0,0.0,1.0
1.0,1.0,1.0,67.0,1.0,1.0,26.0,0.0,0.0,0.0,0.0,1.0
1.0,0.0,1.0,42.0,1.0,0.0,40.0,0.0,0.0,0.0,1.0,1.0
1.0,1.0,1.0,147.0,1.0,1.0,35.0,0.0,0.0,1.0,0.0,1.0
1.0,1.0,1.0,80.0,1.0,0.0,43.0,0.0,1.0,0.0,0.0,1.0
1.0,1.0,1.0,56.0,0.0,1.0,35.0,0.0,0.0,1.0,0.0,0.0
1.0,1.0,1.0,39.0,1.0,1.0,40.0,0.0,0.0,0.0,1.0,1.0
1.0,1.0,1.0,57.0,1.0,1.0,28.0,0.0,0.0,0.0,0.0,1.0
1.0,1.0,1.0,73.0,0.0,1.0,36.0,0.0,0.0,1.0,0.0,0.0
1.0,1.0,1.0,621.0,1.0,1.0,21.6,0.0,0.0,0.0,0.0,1.0
1.0,1.0,1.0,72.0,1.0,1.0,27.0,0.0,0.0,0.0,0.0,1.0
2.0,1.0,1.0,55.0,1.0,1.0,36.0,0.0,0.0,0.0,1.0,1.0
1.0,1.0,1.0,84.0,0.0,1.0,26.79,0.0,0.0,0.0,1.0,0.0
1.0,0.0,1.0,35.0,0.0,1.0,40.09,0.0,0.0,0.0,1.0,0.0
1.0,1.0,1.0,46.0,0.0,1.0,40.0,0.0,0.0,1.0,1.0,0.0
2.0,1.0,0.0,68.0,0.0,1.0,38.0,0.0,0.0,0.0,0.0,0.0
1.0,0.0,1.0,49.0,0.0,0.0,39.0,0.0,0.0,0.0,1.0,0.0
1.0,1.0,0.0,62.0,1.0,1.0,38.5,0.0,1.0,1.0,0.0,1.0
1.0,1.0,1.0,51.0,1.0,1.0,39.0,0.0,0.0,0.0,0.0,1.0
2.0,1.0,1.0,158.0,1.0,1.0,9.0,0.0,0.0,0.0,0.0,1.0
1.0,1.0,0.0,71.0,0.0,1.0,36.0,0.0,0.0,0.0,1.0,0.0
1.0,1.0,1.0,139.0,1.0,1.0,32.4,0.0,0.0,1.0,0.0,1.0
1.0,1.0,1.0,25.0,0.0,1.0,39.0,0.0,0.0,0.0,0.0,0.0
1.0,1.0,1.0,71.0,0.0,1.0,27.0,0.0,0.0,0.0,0.0,0.0
1.0,0.0,1.0,64.0,1.0,1.0,32.0,0.0,0.0,1.0,1.0,1.0
1.0,1.0,1.0,65.0,0.0,1.0,30.0,0.0,0.0,1.0,0.0,0.0
1.0,1.0,1.0,83.0,1.0,1.0,32.0,0.0,0.0,0.0,0.0,1.0
1.0,1.0,1.0,46.0,0.0,1.0,35.0,0.0,0.0,0.0,0.0,0.0
1.0,1.0,0.0,40.0,0.0,1.0,28.4,0.0,0.0,0.0,0.0,0.0
1.0,1.0,1.0,146.0,1.0,0.0,39.0,0.0,0.0,0.0,1.0,1.0
1.0,1.0,1.0,85.0,1.0,1.0,35.2,0.0,0.0,0.0,0.0,1.0
1.0,1.0,1.0,83.0,1.0,1.0,27.0,0.0,0.0,1.0,0.0,1.0
1.0,0.0,1.0,33.0,1.0,1.0,37.1,0.0,0.0,1.0,1.0,1.0
1.0,0.0,1.0,50.0,0.0,0.0,35.0,1.0,0.0,1.0,1.0,0.0
1.0,1.0,1.0,64.0,1.0,0.0,27.0,0.0,0.0,0.0,0.0,1.0
1.0,1.0,1.0,60.0,1.0,1.0,26.0,0.0,0.0,0.0,1.0,1.0
1.0,1.0,0.0,77.0,1.0,1.0,37.0,0.0,0.0,1.0,0.0,1.0
1.0,1.0,1.0,90.0,0.0,1.0,30.0,0.0,0.0,1.0,0.0,0.0
1.0,1.0,0.0,38.0,1.0,1.0,37.67,0.0,0.0,0.0,1.0,1.0
1.0,1.0,1.0,60.0,1.0,1.0,12.38,0.0,0.0,0.0,0.0,1.0
1.0,1.0,0.0,45.0,0.0,1.0,29.0,0.0,0.0,0.0,1.0,0.0
1.0,1.0,0.0,51.0,0.0,1.0,31.0,0.0,0.0,1.0,1.0,0.0
1.0,0.0,0.0,19.0,1.0,1.0,46.0,0.0,0.0,0.0,1.0,1.0
1.0,0.0,1.0,49.0,1.0,0.0,38.8,0.0,0.0,1.0,1.0,1.0
1.0,1.0,1.0,45.0,1.0,1.0,43.0,0.0,0.0,0.0,1.0,1.0
1.0,1.0,0.0,96.0,0.0,1.0,25.27,0.0,0.0,0.0,1.0,0.0
1.0,1.0,1.0,109.0,0.0,1.0,30.3,0.0,0.0,0.0,0.0,0.0
1.0,1.0,1.0,47.0,1.0,1.0,36.14,0.0,0.0,0.0,1.0,1.0
1.0,1.0,1.0,52.0,1.0,0.0,26.0,0.0,1.0,0.0,0.0,1.0
1.0,1.0,0.0,47.0,0.0,1.0,30.0,0.0,0.0,0.0,1.0,0.0
1.0,1.0,1.0,147.0,1.0,1.0,24.0,0.0,1.0,0.0,0.0,1.0
1.0,1.0,1.0,37.0,1.0,1.0,40.0,0.0,0.0,0.0,1.0,1.0
1.0,1.0,1.0,66.0,1.0,1.0,36.0,0.0,0.0,0.0,0.0,1.0
1.0,1.0,1.0,46.0,1.0,1.0,31.1,0.0,0.0,0.0,0.0,1.0
1.0,1.0,1.0,223.0,1.0,1.0,39.0,0.0,0.0,0.0,0.0,1.0
1.0,1.0,1.0,130.0,1.0,1.0,47.0,0.0,0.0,0.0,0.0,1.0
1.0,0.0,0.0,52.0,0.0,0.0,44.0,0.0,0.0,0.0,0.0,0.0
1.0,1.0,0.0,44.0,0.0,1.0,38.0,0.0,0.0,0.0,0.0,0.0
1.0,1.0,1.0,75.0,0.0,1.0,30.1,0.0,0.0,1.0,0.0,0.0
1.0,1.0,1.0,97.0,1.0,1.0,40.0,0.0,0.0,1.0,0.0,1.0
1.0,1.0,1.0,35.0,0.0,1.0,33.0,0.0,0.0,0.0,1.0,0.0
2.0,1.0,1.0,44.0,1.0,1.0,52.0,0.0,0.0,0.0,1.0,1.0
1.0,1.0,0.0,74.0,0.0,1.0,24.0,0.0,0.0,1.0,1.0,0.0
1.0,1.0,1.0,108.0,1.0,1.0,35.51,0.0,0.0,0.0,0.0,1.0
1.0,1.0,0.0,51.0,0.0,1.0,37.5,0.0,0.0,0.0,1.0,0.0
1.0,1.0,0.0,40.0,0.0,1.0,35.48,0.0,0.0,0.0,0.0,0.0
1.0,1.0,1.0,77.0,1.0,1.0,45.4,0.0,0.0,0.0,1.0,1.0
1.0,1.0,1.0,96.0,1.0,1.0,29.0,0.0,0.0,0.0,0.0,1.0
1.0,1.0,1.0,81.0,1.0,1.0,48.0,0.0,0.0,0.0,1.0,1.0
1.0,1.0,1.0,49.0,0.0,1.0,37.0,0.0,0.0,0.0,1.0,0.0
1.0,1.0,1.0,91.0,1.0,1.0,37.0,0.0,0.0,0.0,0.0,1.0
1.0,1.0,1.0,40.0,0.0,1.0,32.0,0.0,0.0,1.0,0.0,0.0
1.0,1.0,1.0,68.0,1.0,1.0,25.0,0.0,0.0,0.0,0.0,1.0
1.0,1.0,1.0,151.0,1.0,1.0,31.9,0.0,0.0,0.0,0.0,1.0
1.0,1.0,1.0,57.0,1.0,1.0,30.0,0.0,0.0,0.0,0.0,1.0
1.0,1.0,0.0,45.0,0.0,1.0,33.0,0.0,0.0,0.0,0.0,0.0
1.0,0.0,1.0,48.0,1.0,1.0,33.0,0.0,0.0,0.0,1.0,1.0
1.0,1.0,1.0,46.0,0.0,1.0,19.0,0.0,0.0,0.0,1.0,0.0
1.0,1.0,1.0,47.0,1.0,1.0,24.0,0.0,0.0,0.0,1.0,1.0
1.0,0.0,0.0,26.0,1.0,1.0,35.0,0.0,0.0,1.0,1.0,1.0
1.0,1.0,0.0,64.0,0.0,1.0,29.6,0.0,0.0,0.0,0.0,0.0
2.0,1.0,1.0,70.0,1.0,1.0,34.0,0.0,0.0,0.0,0.0,1.0
1.0,1.0,1.0,96.0,0.0,1.0,38.9,0.0,0.0,1.0,1.0,0.0
1.0,1.0,1.0,62.0,1.0,1.0,38.0,0.0,1.0,0.0,0.0,1.0
1.0,1.0,0.0,39.0,0.0,1.0,27.0,0.0,0.0,0.0,1.0,0.0
1.0,1.0,1.0,61.0,0.0,1.0,42.0,0.0,0.0,0.0,1.0,0.0
1.0,0.0,1.0,29.0,1.0,1.0,31.0,0.0,0.0,1.0,1.0,1.0
1.0,1.0,1.0,52.0,1.0,1.0,37.0,0.0,0.0,0.0,0.0,1.0
1.0,1.0,1.0,211.0,1.0,0.0,36.7,0.0,0.0,0.0,0.0,1.0
1.0,1.0,1.0,54.0,1.0,1.0,36.0,0.0,0.0,0.0,0.0,1.0
1.0,1.0,1.0,102.0,1.0,1.0,36.0,0.0,0.0,0.0,0.0,1.0
1.0,1.0,1.0,42.0,1.0,1.0,31.0,0.0,0.0,1.0,0.0,1.0
1.0,1.0,1.0,76.0,0.0,1.0,36.0,0.0,0.0,0.0,1.0,0.0
1.0,1.0,1.0,71.0,1.0,1.0,39.3,0.0,0.0,0.0,0.0,1.0
1.0,1.0,1.0,72.0,0.0,1.0,30.4,0.0,0.0,0.0,1.0,0.0
1.0,1.0,1.0,32.0,0.0,1.0,50.0,0.0,0.0,0.0,1.0,0.0
1.0,1.0,1.0,52.0,0.0,1.0,35.29,0.0,0.0,1.0,1.0,0.0
1.0,1.0,1.0,999999.4,1.0,1.0,11.0,0.0,0.0,0.0,0.0,1.0
1.0,1.0,1.0,52.0,0.0,1.0,41.0,0.0,0.0,0.0,1.0,0.0
1.0,1.0,1.0,66.0,1.0,1.0,32.2,0.0,0.0,0.0,0.0,1.0
1.0,1.0,1.0,52.0,1.0,1.0,33.97,0.0,1.0,0.0,1.0,1.0
1.0,1.0,1.0,75.0,0.0,1.0,41.69,1.0,0.0,1.0,1.0,0.0
1.0,0.0,0.0,26.0,0.0,1.0,43.0,0.0,0.0,0.0,0.0,0.0
1.0,1.0,1.0,90.0,1.0,1.0,40.3,0.0,0.0,0.0,0.0,1.0
1.0,1.0,1.0,45.0,1.0,1.0,23.0,0.0,0.0,0.0,1.0,1.0
1.0,1.0,1.0,65.0,1.0,1.0,32.4,0.0,0.0,0.0,1.0,1.0
1.0,1.0,1.0,60.0,1.0,1.0,30.0,0.0,0.0,0.0,0.0,1.0
1.0,1.0,1.0,103.0,1.0,1.0,48.7,0.0,0.0,0.0,0.0,1.0
1.0,1.0,1.0,84.0,0.0,1.0,26.0,0.0,0.0,0.0,0.0,0.0
1.0,1.0,1.0,83.0,1.0,1.0,34.0,0.0,0.0,0.0,0.0,1.0
1.0,1.0,0.0,52.0,1.0,1.0,24.76,0.0,0.0,0.0,1.0,1.0
1.0,1.0,1.0,57.0,1.0,1.0,36.0,0.0,0.0,0.0,1.0,1.0
1.0,1.0,1.0,79.0,0.0,1.0,32.0,0.0,0.0,0.0,1.0,0.0
1.0,1.0,1.0,135.0,0.0,1.0,39.8,0.0,0.0,0.0,0.0,0.0
1.0,1.0,0.0,63.0,0.0,1.0,35.0,0.0,0.0,0.0,1.0,0.0
1.0,0.0,1.0,50.0,1.0,1.0,29.0,0.0,0.0,0.0,0.0,1.0
1.0,1.0,1.0,41.0,1.0,1.0,32.29,0.0,0.0,1.0,0.0,1.0
1.0,1.0,0.0,30.0,0.0,1.0,16.0,0.0,0.0,0.0,1.0,0.0
1.0,1.0,1.0,58.0,1.0,1.0,27.0,0.0,0.0,1.0,1.0,1.0
1.0,1.0,1.0,58.0,1.0,1.0,35.0,0.0,0.0,0.0,0.0,1.0
1.0,1.0,1.0,72.0,1.0,1.0,37.0,0.0,0.0,1.0,0.0,1.0
1.0,0.0,0.0,26.0,0.0,1.0,33.0,0.0,0.0,1.0,1.0,0.0
1.0,1.0,1.0,105.0,1.0,1.0,36.0,0.0,0.0,0.0,0.0,1.0
1.0,1.0,1.0,295.0,1.0,1.0,29.0,0.0,0.0,0.0,0.0,1.0
1.0,1.0,0.0,80.0,1.0,1.0,16.0,0.0,0.0,0.0,0.0,1.0
1.0,1.0,1.0,104.0,1.0,1.0,29.6,0.0,0.0,0.0,0.0,1.0
1.0,1.0,1.0,85.0,1.0,1.0,28.5,0.0,0.0,0.0,0.0,1.0
1.0,1.0,1.0,32.0,1.0,1.0,34.0,0.0,0.0,1.0,0.0,1.0
1.0,1.0,1.0,73.0,0.0,1.0,40.0,0.0,0.0,0.0,1.0,0.0
1.0,1.0,0.0,65.0,0.0,1.0,27.5,0.0,0.0,1.0,1.0,0.0
1.0,1.0,1.0,116.0,0.0,1.0,20.0,0.0,0.0,0.0,0.0,0.0
1.0,1.0,1.0,79.0,1.0,1.0,30.4,0.0,0.0,0.0,0.0,1.0
1.0,1.0,0.0,48.0,0.0,1.0,33.0,0.0,0.0,0.0,0.0,0.0
1.0,0.0,0.0,32.0,0.0,1.0,33.69,0.0,0.0,1.0,1.0,0.0
1.0,1.0,1.0,471.0,1.0,1.0,28.0,0.0,1.0,0.0,0.0,1.0
1.0,1.0,1.0,73.0,1.0,1.0,36.0,0.0,0.0,1.0,0.0,1.0
1.0,1.0,1.0,135.0,1.0,1.0,36.5,0.0,0.0,1.0,0.0,1.0
1.0,0.0,1.0,66.0,1.0,1.0,28.5,0.0,0.0,0.0,1.0,1.0
1.0,0.0,1.0,21.0,0.0,1.0,48.0,0.0,0.0,0.0,1.0,0.0
1.0,1.0,0.0,71.0,0.0,1.0,37.0,0.0,0.0,0.0,1.0,0.0
1.0,1.0,1.0,200.0,1.0,1.0,21.8,0.0,0.0,0.0,0.0,1.0
1.0,1.0,1.0,35.0,0.0,1.0,38.4,0.0,0.0,0.0,0.0,0.0
1.0,1.0,1.0,23.0,1.0,0.0,41.0,1.0,0.0,1.0,1.0,1.0
1.0,1.0,0.0,64.0,1.0,1.0,34.0,0.0,0.0,1.0,0.0,1.0
1.0,1.0,0.0,70.0,1.0,1.0,32.0,0.0,0.0,1.0,1.0,1.0
1.0,1.0,1.0,999999.4,1.0,1.0,25.0,0.0,0.0,0.0,0.0,1.0
1.0,1.0,1.0,62.0,1.0,1.0,27.63,0.0,0.0,0.0,0.0,1.0
1.0,1.0,1.0,101.0,0.0,1.0,30.0,0.0,0.0,0.0,0.0,0.0
1.0,1.0,0.0,66.0,0.0,1.0,34.9,0.0,0.0,1.0,1.0,0.0
1.0,1.0,1.0,85.0,1.0,1.0,20.0,0.0,0.0,0.0,0.0,1.0
1.0,1.0,1.0,70.0,1.0,1.0,36.0,0.0,0.0,0.0,0.0,1.0
1.0,1.0,1.0,72.0,1.0,1.0,30.65,0.0,0.0,1.0,0.0,1.0
1.0,1.0,0.0,32.0,0.0,1.0,31.0,0.0,0.0,0.0,0.0,0.0
2.0,1.0,1.0,82.0,1.0,1.0,24.0,0.0,0.0,0.0,1.0,1.0
1.0,1.0,1.0,48.0,1.0,1.0,36.0,0.0,0.0,0.0,1.0,1.0
1.0,1.0,1.0,28.0,1.0,1.0,33.0,0.0,0.0,0.0,1.0,1.0
1.0,0.0,0.0,37.0,0.0,1.0,35.0,0.0,0.0,1.0,1.0,0.0
1.0,1.0,1.0,122.0,1.0,1.0,36.0,0.0,0.0,0.0,1.0,1.0
1.0,1.0,1.0,72.0,1.0,1.0,37.0,0.0,0.0,0.0,0.0,1.0
1.0,1.0,1.0,42.0,1.0,1.0,32.0,0.0,0.0,0.0,0.0,1.0
1.0,1.0,1.0,104.0,0.0,1.0,28.0,0.0,0.0,0.0,1.0,0.0
1.0,1.0,1.0,999999.4,0.0,0.0,30.0,0.0,0.0,0.0,0.0,0.0
1.0,1.0,0.0,63.0,0.0,1.0,35.0,0.0,0.0,0.0,0.0,0.0
1.0,1.0,0.0,47.0,0.0,1.0,28.0,0.0,0.0,0.0,1.0,0.0
1.0,1.0,0.0,69.0,0.0,1.0,31.9,0.0,0.0,0.0,0.0,0.0
1.0,1.0,0.0,75.0,1.0,1.0,34.0,0.0,0.0,0.0,0.0,1.0
1.0,1.0,1.0,60.0,0.0,1.0,32.0,0.0,0.0,0.0,0.0,0.0
1.0,1.0,1.0,93.0,1.0,1.0,29.0,0.0,0.0,1.0,0.0,1.0
1.0,1.0,1.0,40.0,1.0,1.0,31.72,0.0,0.0,0.0,0.0,1.0
1.0,1.0,1.0,56.0,1.0,1.0,28.0,0.0,0.0,1.0,0.0,1.0
1.0,1.0,0.0,67.0,0.0,1.0,32.0,0.0,0.0,0.0,0.0,0.0
1.0,0.0,0.0,24.0,0.0,0.0,31.0,1.0,0.0,1.0,1.0,0.0
1.0,1.0,1.0,63.0,1.0,1.0,21.9,0.0,0.0,0.0,0.0,1.0
1.0,1.0,0.0,41.0,0.0,1.0,30.0,0.0,0.0,0.0,0.0,0.0
1.0,1.0,1.0,35.0,0.0,1.0,26.4,0.0,0.0,0.0,0.0,0.0
1.0,1.0,1.0,55.0,1.0,1.0,42.66,0.0,0.0,1.0,1.0,1.0
1.0,1.0,1.0,49.0,1.0,1.0,33.389,0.0,0.0,0.0,1.0,1.0
1.0,0.0,1.0,35.0,0.0,0.0,38.38,0.0,0.0,0.0,1.0,0.0
1.0,1.0,1.0,56.0,1.0,1.0,34.0,0.0,0.0,1.0,0.0,1.0
1.0,1.0,1.0,68.0,1.0,1.0,38.0,0.0,0.0,0.0,0.0,1.0
1.0,1.0,1.0,57.0,0.0,1.0,30.0,0.0,0.0,0.0,0.0,0.0
1.0,1.0,1.0,60.0,0.0,1.0,37.0,0.0,0.0,1.0,0.0,0.0
1.0,1.0,1.0,30.0,1.0,1.0,34.1,0.0,0.0,1.0,0.0,1.0
1.0,1.0,1.0,122.0,1.0,1.0,35.77,0.0,0.0,0.0,0.0,1.0
1.0,1.0,1.0,55.0,1.0,1.0,38.1,0.0,0.0,0.0,0.0,1.0
1.0,1.0,1.0,65.0,1.0,1.0,35.1,0.0,0.0,0.0,1.0,1.0
1.0,1.0,1.0,47.0,0.0,1.0,32.37,0.0,0.0,1.0,0.0,0.0
1.0,0.0,1.0,19.0,1.0,0.0,22.0,1.0,0.0,1.0,1.0,1.0
1.0,1.0,0.0,98.0,0.0,1.0,38.0,0.0,0.0,0.0,1.0,0.0
1.0,1.0,1.0,55.0,1.0,1.0,35.0,0.0,0.0,1.0,0.0,1.0
1.0,1.0,1.0,64.0,1.0,1.0,24.4,0.0,0.0,0.0,1.0,1.0
1.0,1.0,1.0,84.0,0.0,1.0,23.43,0.0,0.0,0.0,1.0,0.0
1.0,1.0,1.0,288.0,0.0,1.0,37.0,0.0,0.0,0.0,0.0,0.0
1.0,1.0,1.0,76.0,1.0,1.0,34.0,0.0,0.0,0.0,1.0,1.0
1.0,1.0,1.0,75.0,1.0,0.0,33.83,1.0,0.0,1.0,0.0,1.0
1.0,1.0,1.0,43.0,0.0,1.0,38.7,0.0,0.0,0.0,1.0,0.0
1.0,1.0,1.0,145.0,1.0,1.0,37.33,0.0,0.0,0.0,0.0,1.0
1.0,1.0,1.0,76.0,1.0,1.0,26.0,0.0,0.0,0.0,1.0,1.0
1.0,1.0,1.0,53.0,1.0,1.0,30.0,0.0,0.0,0.0,0.0,1.0
1.0,1.0,1.0,67.0,1.0,1.0,33.0,0.0,0.0,1.0,0.0,1.0
1.0,1.0,1.0,312.0,0.0,1.0,21.0,0.0,0.0,0.0,0.0,0.0
1.0,1.0,0.0,55.0,0.0,1.0,35.2,0.0,0.0,1.0,1.0,0.0
1.0,1.0,1.0,49.0,0.0,0.0,39.0,0.0,0.0,0.0,0.0,0.0
1.0,1.0,1.0,72.0,1.0,1.0,26.0,0.0,1.0,0.0,0.0,1.0
1.0,0.0,0.0,38.0,0.0,0.0,63.0,0.0,0.0,0.0,1.0,0.0
1.0,1.0,1.0,91.0,1.0,1.0,34.0,0.0,0.0,0.0,1.0,1.0
1.0,0.0,1.0,41.0,1.0,1.0,33.0,0.0,0.0,0.0,1.0,1.0
1.0,0.0,1.0,37.0,1.0,1.0,32.0,0.0,0.0,0.0,1.0,1.0
1.0,1.0,1.0,54.0,0.0,1.0,37.0,0.0,0.0,1.0,0.0,0.0
1.0,1.0,0.0,41.0,0.0,1.0,34.0,0.0,0.0,0.0,0.0,0.0
1.0,1.0,1.0,69.0,1.0,1.0,35.0,0.0,0.0,0.0,0.0,1.0
1.0,1.0,1.0,96.0,1.0,1.0,38.0,0.0,0.0,0.0,1.0,1.0
1.0,1.0,1.0,321.0,1.0,1.0,28.0,0.0,0.0,0.0,1.0,1.0
1.0,1.0,1.0,63.0,1.0,1.0,36.0,0.0,0.0,1.0,0.0,1.0
1.0,1.0,0.0,37.0,0.0,1.0,46.11,0.0,0.0,0.0,1.0,0.0
1.0,0.0,0.0,27.0,0.0,1.0,31.0,0.0,0.0,0.0,0.0,0.0
1.0,1.0,1.0,55.0,1.0,1.0,0.0,0.0,0.0,0.0,0.0,1.0
1.0,1.0,0.0,84.0,0.0,1.0,32.0,0.0,0.0,0.0,0.0,0.0
1.0,1.0,0.0,86.0,0.0,1.0,20.0,0.0,0.0,0.0,1.0,0.0
1.0,1.0,0.0,50.0,0.0,1.0,31.0,0.0,0.0,0.0,0.0,0.0
1.0,0.0,1.0,32.0,1.0,1.0,22.0,0.0,0.0,1.0,1.0,1.0
1.0,0.0,1.0,89.0,0.0,1.0,30.47,0.0,0.0,0.0,0.0,0.0
1.0,0.0,1.0,29.0,0.0,1.0,38.0,0.0,0.0,1.0,0.0,0.0
1.0,1.0,1.0,59.0,1.0,1.0,35.0,0.0,0.0,1.0,0.0,1.0
1.0,0.0,1.0,33.0,0.0,1.0,33.4,0.0,0.0,0.0,1.0,0.0
1.0,1.0,1.0,52.0,1.0,1.0,37.02,0.0,0.0,0.0,0.0,1.0
1.0,1.0,1.0,86.0,1.0,1.0,24.0,0.0,0.0,0.0,1.0,1.0
1.0,1.0,1.0,69.0,1.0,1.0,34.0,0.0,0.0,0.0,0.0,1.0
1.0,1.0,1.0,58.0,1.0,1.0,35.62,0.0,0.0,1.0,0.0,1.0
1.0,1.0,0.0,24.0,0.0,1.0,28.0,0.0,0.0,1.0,0.0,0.0
1.0,1.0,1.0,93.0,0.0,1.0,36.0,0.0,0.0,1.0,0.0,0.0
1.0,1.0,1.0,90.0,1.0,1.0,29.0,0.0,0.0,0.0,1.0,1.0
1.0,1.0,0.0,58.0,0.0,1.0,40.0,0.0,0.0,0.0,0.0,0.0
1.0,1.0,1.0,24.0,1.0,1.0,28.0,0.0,0.0,0.0,0.0,1.0
1.0,1.0,1.0,130.0,1.0,1.0,32.0,0.0,0.0,0.0,1.0,1.0
1.0,1.0,1.0,260.0,0.0,1.0,10.0,0.0,0.0,1.0,0.0,0.0
1.0,1.0,1.0,384.0,1.0,1.0,47.0,0.0,0.0,0.0,0.0,1.0
1.0,0.0,0.0,33.0,0.0,0.0,36.3,1.0,0.0,1.0,0.0,0.0
1.0,0.0,0.0,32.0,1.0,1.0,40.0,0.0,0.0,0.0,1.0,1.0
1.0,1.0,1.0,69.0,1.0,1.0,26.18,0.0,0.0,1.0,1.0,1.0
1.0,1.0,1.0,33.0,0.0,0.0,47.94,0.0,1.0,0.0,1.0,0.0
1.0,1.0,1.0,48.0,1.0,1.0,40.89,0.0,0.0,1.0,1.0,1.0
1.0,1.0,0.0,83.0,1.0,1.0,38.52,0.0,0.0,1.0,1.0,1.0
1.0,1.0,1.0,59.0,1.0,1.0,29.17,0.0,0.0,0.0,0.0,1.0
1.0,0.0,0.0,27.0,0.0,0.0,32.21,0.0,0.0,0.0,1.0,0.0
1.0,0.0,1.0,75.0,0.0,1.0,29.0,0.0,0.0,1.0,0.0,0.0
1.0,1.0,1.0,66.0,1.0,1.0,27.0,0.0,0.0,0.0,1.0,1.0
1.0,1.0,1.0,63.0,1.0,1.0,41.0,0.0,0.0,0.0,0.0,1.0
1.0,1.0,1.0,179.0,0.0,1.0,35.0,0.0,0.0,0.0,1.0,0.0
1.0,0.0,1.0,73.0,1.0,1.0,32.0,0.0,0.0,0.0,0.0,1.0
1.0,1.0,1.0,105.0,1.0,1.0,21.85,0.0,0.0,0.0,0.0,1.0
1.0,1.0,1.0,66.0,1.0,1.0,27.0,0.0,0.0,0.0,0.0,1.0
1.0,1.0,1.0,44.0,1.0,1.0,32.0,0.0,0.0,1.0,1.0,1.0
1.0,1.0,1.0,187.0,1.0,1.0,24.9,0.0,0.0,0.0,1.0,1.0
1.0,1.0,1.0,117.0,1.0,1.0,37.0,0.0,0.0,1.0,1.0,1.0
1.0,1.0,1.0,48.0,0.0,1.0,32.0,0.0,0.0,0.0,1.0,0.0
1.0,0.0,0.0,54.0,0.0,1.0,38.9,0.0,0.0,0.0,0.0,0.0
1.0,1.0,0.0,39.0,0.0,1.0,36.45,0.0,0.0,1.0,0.0,0.0
1.0,1.0,0.0,43.0,0.0,1.0,32.0,0.0,0.0,0.0,0.0,0.0
1.0,1.0,1.0,56.0,1.0,1.0,31.0,0.0,0.0,1.0,1.0,1.0
1.0,1.0,0.0,36.0,0.0,1.0,36.5,0.0,0.0,0.0,0.0,0.0
1.0,1.0,1.0,62.0,1.0,1.0,28.0,0.0,0.0,0.0,0.0,1.0
1.0,0.0,1.0,39.0,0.0,0.0,29.0,0.0,1.0,0.0,0.0,0.0
1.0,1.0,1.0,44.0,1.0,1.0,36.0,0.0,0.0,1.0,1.0,1.0
1.0,1.0,1.0,52.0,1.0,1.0,38.85,0.0,0.0,0.0,1.0,1.0
1.0,0.0,0.0,36.0,0.0,1.0,39.0,0.0,0.0,0.0,1.0,0.0
1.0,1.0,0.0,53.0,1.0,0.0,22.1,0.0,1.0,0.0,0.0,1.0
1.0,1.0,1.0,57.0,0.0,1.0,36.0,0.0,0.0,1.0,1.0,0.0
1.0,1.0,1.0,69.0,1.0,1.0,35.0,0.0,0.0,0.0,1.0,1.0
1.0,1.0,1.0,35.0,1.0,1.0,35.0,0.0,0.0,1.0,0.0,1.0
1.0,1.0,1.0,93.0,1.0,1.0,38.0,0.0,0.0,0.0,1.0,1.0
1.0,1.0,1.0,85.0,1.0,1.0,39.0,0.0,0.0,0.0,0.0,1.0
1.0,1.0,1.0,60.0,1.0,1.0,30.0,0.0,0.0,0.0,1.0,1.0
1.0,1.0,1.0,88.0,1.0,1.0,39.0,0.0,0.0,1.0,0.0,1.0
1.0,1.0,1.0,69.0,1.0,1.0,36.0,0.0,0.0,0.0,0.0,1.0
1.0,0.0,0.0,19.0,1.0,1.0,49.0,1.0,1.0,1.0,1.0,1.0
1.0,1.0,1.0,65.0,1.0,1.0,35.0,0.0,0.0,0.0,0.0,1.0
1.0,1.0,1.0,73.0,0.0,1.0,37.1,0.0,0.0,1.0,0.0,0.0
1.0,1.0,1.0,101.0,1.0,1.0,36.0,0.0,0.0,0.0,0.0,1.0
1.0,1.0,1.0,64.0,0.0,1.0,22.0,0.0,0.0,0.0,0.0,0.0
1.0,1.0,1.0,47.0,1.0,1.0,36.06,0.0,0.0,0.0,1.0,1.0
1.0,1.0,1.0,63.0,1.0,1.0,34.0,0.0,0.0,0.0,1.0,1.0
1.0,1.0,1.0,33.0,0.0,1.0,30.0,0.0,0.0,0.0,1.0,0.0
1.0,1.0,1.0,115.0,1.0,1.0,35.0,0.0,0.0,0.0,0.0,1.0
1.0,1.0,1.0,280.0,1.0,1.0,25.0,0.0,0.0,0.0,0.0,1.0
1.0,1.0,1.0,69.0,1.0,0.0,34.0,0.0,0.0,0.0,1.0,1.0
1.0,1.0,1.0,71.0,1.0,1.0,35.0,0.0,0.0,0.0,0.0,1.0
1.0,1.0,1.0,56.0,1.0,1.0,48.0,0.0,0.0,0.0,1.0,1.0
1.0,1.0,1.0,84.0,1.0,1.0,36.0,0.0,0.0,0.0,1.0,1.0
1.0,1.0,1.0,44.0,0.0,1.0,30.0,0.0,0.0,0.0,0.0,0.0
1.0,1.0,1.0,72.0,1.0,1.0,32.0,0.0,0.0,1.0,0.0,1.0
1.0,1.0,1.0,52.0,1.0,1.0,20.1,0.0,0.0,0.0,0.0,1.0
1.0,0.0,1.0,71.0,0.0,1.0,55.0,0.0,1.0,0.0,1.0,0.0
1.0,1.0,1.0,39.0,0.0,1.0,20.52,1.0,0.0,1.0,0.0,0.0
1.0,1.0,1.0,60.0,1.0,1.0,31.0,0.0,0.0,0.0,0.0,1.0
1.0,1.0,1.0,143.0,1.0,1.0,41.0,0.0,0.0,0.0,0.0,1.0
1.0,1.0,1.0,100.0,1.0,1.0,26.6,0.0,0.0,1.0,1.0,1.0
1.0,1.0,1.0,168.0,0.0,1.0,36.5,0.0,0.0,0.0,1.0,0.0
2.0,1.0,0.0,85.0,0.0,1.0,34.0,0.0,0.0,0.0,1.0,0.0
1.0,0.0,0.0,32.0,0.0,1.0,28.09,0.0,0.0,0.0,1.0,0.0
1.0,1.0,1.0,67.0,0.0,1.0,25.0,0.0,0.0,0.0,0.0,0.0
1.0,0.0,0.0,45.0,0.0,1.0,36.0,0.0,0.0,0.0,0.0,0.0
1.0,1.0,1.0,51.0,1.0,1.0,38.0,0.0,0.0,0.0,0.0,1.0
1.0,1.0,1.0,50.0,1.0,1.0,32.1,0.0,0.0,0.0,1.0,1.0
1.0,1.0,1.0,75.0,1.0,1.0,30.88,0.0,0.0,0.0,1.0,1.0
1.0,1.0,0.0,37.0,0.0,1.0,45.0,0.0,0.0,0.0,0.0,0.0
1.0,0.0,1.0,38.0,1.0,1.0,32.0,0.0,0.0,0.0,0.0,1.0
1.0,1.0,1.0,96.0,1.0,1.0,29.3,0.0,0.0,1.0,1.0,1.0
1.0,1.0,1.0,99.0,1.0,1.0,31.0,0.0,0.0,1.0,0.0,1.0
1.0,1.0,1.0,59.0,0.0,1.0,39.2,0.0,0.0,1.0,0.0,0.0
1.0,1.0,1.0,53.0,1.0,1.0,28.0,1.0,1.0,1.0,0.0,1.0
1.0,0.0,1.0,140.0,1.0,1.0,37.0,0.0,0.0,0.0,0.0,1.0
1.0,1.0,1.0,48.0,1.0,1.0,38.0,0.0,0.0,0.0,0.0,1.0
1.0,1.0,1.0,139.0,1.0,1.0,31.0,0.0,0.0,0.0,0.0,1.0
1.0,0.0,0.0,31.0,0.0,1.0,32.0,0.0,0.0,1.0,1.0,0.0
1.0,1.0,0.0,111.0,1.0,1.0,21.7,0.0,0.0,0.0,0.0,1.0
1.0,1.0,0.0,732.0,0.0,0.0,12.0,0.0,0.0,0.0,1.0,0.0
1.0,0.0,1.0,81.0,1.0,1.0,32.0,0.0,0.0,0.0,0.0,1.0
1.0,0.0,1.0,41.0,0.0,1.0,39.05,0.0,0.0,0.0,0.0,0.0
1.0,1.0,0.0,192.0,1.0,1.0,35.0,0.0,0.0,0.0,0.0,1.0
1.0,1.0,0.0,33.0,0.0,1.0,29.0,0.0,0.0,0.0,0.0,0.0
1.0,1.0,1.0,51.0,0.0,1.0,27.97,0.0,0.0,1.0,1.0,0.0
1.0,1.0,1.0,42.0,1.0,1.0,33.0,0.0,0.0,1.0,1.0,1.0
1.0,1.0,1.0,125.0,1.0,1.0,30.0,0.0,0.0,0.0,0.0,1.0
1.0,1.0,1.0,48.0,1.0,1.0,10.0,0.0,0.0,0.0,0.0,1.0
1.0,1.0,1.0,999999.4,1.0,1.0,36.69,0.0,0.0,0.0,0.0,1.0
1.0,1.0,1.0,82.0,0.0,1.0,29.0,0.0,0.0,0.0,0.0,0.0
1.0,1.0,1.0,60.0,1.0,0.0,38.0,0.0,0.0,1.0,0.0,1.0
1.0,0.0,1.0,105.0,1.0,1.0,35.9,0.0,0.0,0.0,1.0,1.0
1.0,1.0,1.0,194.0,1.0,1.0,23.1,0.0,1.0,0.0,0.0,1.0
1.0,1.0,1.0,131.0,1.0,1.0,40.0,0.0,0.0,1.0,0.0,1.0
1.0,1.0,1.0,122.0,0.0,1.0,21.0,0.0,0.0,0.0,1.0,0.0
1.0,1.0,0.0,65.0,0.0,1.0,22.0,0.0,1.0,0.0,1.0,0.0
1.0,1.0,1.0,74.0,1.0,1.0,32.0,0.0,0.0,0.0,0.0,1.0
1.0,1.0,1.0,201.0,1.0,1.0,25.0,0.0,0.0,0.0,0.0,1.0
2.0,1.0,1.0,94.0,0.0,1.0,142.0,0.0,0.0,0.0,1.0,0.0
1.0,1.0,1.0,56.0,0.0,1.0,30.0,0.0,0.0,0.0,1.0,0.0
1.0,1.0,1.0,56.0,1.0,1.0,31.0,0.0,1.0,0.0,1.0,1.0
1.0,1.0,1.0,96.0,0.0,1.0,24.74,0.0,0.0,0.0,1.0,0.0
1.0,0.0,0.0,38.0,0.0,1.0,44.0,0.0,0.0,0.0,1.0,0.0
1.0,1.0,1.0,41.0,1.0,1.0,35.8,0.0,0.0,0.0,0.0,1.0
1.0,1.0,1.0,180.0,1.0,1.0,24.63,0.0,0.0,0.0,0.0,1.0
1.0,1.0,1.0,57.0,1.0,1.0,28.0,0.0,0.0,0.0,0.0,1.0
1.0,1.0,1.0,57.0,0.0,1.0,33.27,0.0,0.0,0.0,0.0,0.0
1.0,1.0,1.0,48.0,0.0,1.0,21.02,0.0,0.0,0.0,1.0,0.0
1.0,1.0,0.0,67.0,0.0,0.0,28.0,0.0,0.0,0.0,0.0,0.0
1.0,1.0,1.0,95.0,1.0,1.0,33.2,0.0,0.0,1.0,0.0,1.0
1.0,0.0,1.0,38.0,1.0,1.0,39.0,0.0,0.0,0.0,1.0,1.0
1.0,1.0,1.0,54.0,1.0,1.0,38.0,0.0,0.0,0.0,0.0,1.0
1.0,1.0,1.0,81.0,1.0,1.0,39.0,0.0,0.0,0.0,0.0,1.0
1.0,1.0,1.0,95.0,0.0,1.0,40.0,0.0,0.0,0.0,1.0,0.0
1.0,1.0,0.0,37.0,0.0,1.0,27.0,0.0,0.0,0.0,0.0,0.0
1.0,1.0,1.0,92.0,1.0,1.0,27.0,0.0,0.0,0.0,0.0,1.0
1.0,0.0,1.0,30.0,0.0,1.0,29.0,0.0,0.0,0.0,1.0,0.0
1.0,1.0,1.0,38.0,1.0,1.0,31.94,0.0,0.0,0.0,0.0,1.0
1.0,0.0,1.0,41.0,0.0,1.0,31.0,0.0,0.0,0.0,0.0,0.0
1.0,1.0,1.0,48.0,0.0,1.0,33.0,0.0,0.0,0.0,0.0,0.0
1.0,1.0,1.0,86.0,1.0,1.0,32.0,0.0,0.0,0.0,1.0,1.0
1.0,1.0,1.0,112.0,1.0,1.0,36.4,0.0,0.0,1.0,0.0,1.0
1.0,1.0,0.0,48.0,1.0,1.0,37.26,0.0,0.0,0.0,1.0,1.0
1.0,1.0,0.0,28.0,0.0,1.0,35.0,0.0,0.0,0.0,1.0,0.0
1.0,1.0,1.0,55.0,1.0,1.0,37.1,0.0,0.0,1.0,1.0,1.0
1.0,1.0,0.0,39.0,0.0,1.0,35.0,0.0,0.0,0.0,0.0,0.0
1.0,0.0,0.0,45.0,0.0,1.0,32.8,0.0,0.0,0.0,1.0,0.0
1.0,1.0,1.0,74.0,1.0,1.0,28.0,0.0,0.0,0.0,0.0,1.0
1.0,1.0,1.0,135.0,1.0,1.0,23.0,0.0,0.0,0.0,0.0,1.0
1.0,0.0,0.0,56.0,0.0,1.0,37.0,0.0,0.0,1.0,1.0,0.0
1.0,1.0,1.0,135.0,0.0,1.0,18.0,0.0,0.0,0.0,0.0,0.0
1.0,1.0,1.0,61.0,1.0,1.0,36.0,0.0,0.0,0.0,0.0,1.0
1.0,0.0,1.0,94.0,1.0,0.0,38.0,0.0,0.0,0.0,1.0,1.0
1.0,1.0,1.0,69.0,1.0,1.0,34.0,0.0,0.0,1.0,0.0,1.0
1.0,0.0,0.0,51.0,1.0,1.0,38.2,0.0,0.0,1.0,1.0,1.0
1.0,1.0,1.0,40.0,0.0,1.0,31.0,0.0,0.0,1.0,0.0,0.0
1.0,1.0,1.0,68.0,0.0,1.0,33.8,0.0,0.0,1.0,0.0,0.0
1.0,1.0,1.0,45.0,0.0,1.0,34.17,0.0,0.0,0.0,1.0,0.0
1.0,1.0,0.0,90.0,0.0,1.0,32.0,0.0,0.0,1.0,0.0,0.0
1.0,1.0,1.0,77.0,1.0,1.0,24.0,0.0,0.0,0.0,0.0,1.0
1.0,1.0,1.0,30.0,1.0,1.0,43.0,0.0,0.0,0.0,0.0,1.0
1.0,1.0,1.0,53.0,0.0,1.0,35.0,0.0,0.0,1.0,1.0,0.0
1.0,1.0,1.0,232.0,1.0,0.0,48.4,0.0,0.0,0.0,1.0,1.0
1.0,1.0,1.0,105.0,0.0,1.0,23.6,0.0,0.0,0.0,0.0,0.0
1.0,1.0,0.0,60.0,0.0,1.0,31.0,0.0,0.0,0.0,0.0,0.0
1.0,1.0,1.0,43.0,1.0,1.0,33.0,0.0,0.0,0.0,0.0,1.0
1.0,1.0,1.0,47.0,0.0,1.0,33.0,0.0,0.0,0.0,0.0,0.0
1.0,1.0,1.0,41.0,1.0,1.0,29.3,0.0,0.0,0.0,0.0,1.0
1.0,1.0,1.0,120.0,1.0,1.0,42.09,0.0,0.0,0.0,0.0,1.0
1.0,1.0,1.0,101.0,1.0,1.0,37.0,0.0,0.0,1.0,0.0,1.0
1.0,1.0,1.0,71.0,1.0,1.0,39.0,0.0,0.0,1.0,0.0,1.0
1.0,1.0,1.0,33.0,1.0,1.0,33.0,0.0,0.0,0.0,0.0,1.0
1.0,1.0,1.0,71.0,0.0,1.0,40.7,0.0,0.0,0.0,1.0,0.0
1.0,1.0,1.0,40.0,1.0,1.0,39.0,0.0,0.0,0.0,1.0,1.0
1.0,1.0,1.0,204.0,1.0,1.0,17.6,0.0,0.0,0.0,0.0,1.0
1.0,1.0,1.0,38.0,1.0,0.0,37.0,0.0,1.0,0.0,1.0,1.0
1.0,1.0,1.0,56.0,0.0,1.0,36.8,0.0,0.0,0.0,1.0,0.0
1.0,1.0,1.0,75.0,1.0,1.0,8.0,0.0,0.0,0.0,0.0,1.0
1.0,1.0,1.0,42.0,1.0,1.0,37.0,0.0,0.0,0.0,1.0,1.0
1.0,0.0,0.0,67.0,0.0,0.0,35.0,0.0,0.0,0.0,1.0,0.0
1.0,1.0,0.0,49.0,0.0,1.0,24.1,0.0,0.0,0.0,0.0,0.0
1.0,0.0,1.0,48.0,0.0,1.0,36.0,0.0,0.0,0.0,1.0,0.0
1.0,1.0,1.0,60.0,1.0,1.0,26.0,0.0,0.0,0.0,0.0,1.0
1.0,0.0,0.0,92.0,0.0,1.0,38.0,0.0,0.0,0.0,1.0,0.0
1.0,1.0,0.0,80.0,1.0,1.0,34.7,0.0,0.0,1.0,1.0,1.0
1.0,0.0,1.0,58.0,1.0,0.0,35.0,0.0,0.0,0.0,1.0,1.0
1.0,1.0,1.0,252.0,1.0,1.0,15.0,0.0,0.0,0.0,0.0,1.0
1.0,1.0,1.0,79.0,0.0,1.0,30.0,0.0,0.0,1.0,0.0,0.0
1.0,1.0,1.0,52.0,1.0,1.0,27.9,0.0,0.0,1.0,0.0,1.0
1.0,1.0,1.0,63.0,1.0,1.0,33.0,0.0,0.0,0.0,1.0,1.0
1.0,1.0,0.0,48.0,0.0,1.0,35.56,0.0,0.0,0.0,0.0,0.0
1.0,1.0,1.0,33.0,1.0,1.0,24.2,0.0,0.0,0.0,0.0,1.0
1.0,0.0,0.0,24.0,0.0,1.0,37.0,0.0,0.0,1.0,1.0,0.0
1.0,1.0,1.0,48.0,1.0,1.0,23.0,0.0,0.0,0.0,1.0,1.0
1.0,1.0,1.0,34.0,1.0,1.0,39.1,0.0,0.0,1.0,1.0,1.0
1.0,1.0,1.0,65.0,1.0,1.0,10.0,0.0,0.0,0.0,1.0,1.0
1.0,1.0,1.0,265.0,1.0,1.0,37.0,0.0,0.0,0.0,0.0,1.0
1.0,1.0,1.0,72.0,0.0,1.0,34.0,0.0,0.0,1.0,0.0,0.0
1.0,1.0,1.0,36.0,1.0,1.0,40.0,0.0,0.0,0.0,1.0,1.0
1.0,1.0,1.0,45.0,1.0,1.0,39.7,0.0,0.0,0.0,0.0,1.0
1.0,1.0,1.0,155.0,1.0,1.0,29.0,0.0,0.0,0.0,0.0,1.0
1.0,1.0,1.0,51.0,1.0,1.0,36.0,0.0,0.0,0.0,0.0,1.0
1.0,1.0,1.0,81.0,1.0,1.0,22.0,0.0,0.0,0.0,1.0,1.0
1.0,0.0,1.0,33.0,0.0,1.0,42.66,0.0,0.0,0.0,1.0,0.0
1.0,1.0,0.0,40.0,0.0,1.0,32.0,0.0,0.0,0.0,1.0,0.0
1.0,1.0,1.0,47.0,1.0,1.0,26.0,0.0,0.0,0.0,0.0,1.0
1.0,1.0,1.0,35.0,1.0,1.0,40.75,0.0,0.0,0.0,1.0,1.0
1.0,0.0,1.0,33.0,0.0,0.0,25.3,1.0,1.0,1.0,1.0,0.0
1.0,1.0,1.0,37.0,0.0,1.0,33.0,0.0,0.0,0.0,0.0,0.0
1.0,1.0,1.0,42.0,0.0,1.0,43.0,0.0,0.0,1.0,0.0,0.0
1.0,1.0,1.0,57.0,1.0,1.0,34.0,0.0,0.0,0.0,0.0,1.0
1.0,1.0,1.0,63.0,1.0,1.0,45.0,0.0,0.0,0.0,0.0,1.0
1.0,1.0,1.0,65.0,1.0,1.0,31.4,0.0,0.0,1.0,0.0,1.0
1.0,1.0,1.0,27.0,0.0,1.0,31.51,0.0,0.0,0.0,0.0,0.0
1.0,1.0,1.0,135.0,0.0,1.0,38.5,0.0,0.0,0.0,0.0,0.0
1.0,1.0,1.0,64.0,1.0,1.0,31.0,0.0,0.0,0.0,0.0,1.0
1.0,1.0,1.0,67.0,0.0,1.0,36.2,0.0,0.0,1.0,0.0,0.0
1.0,0.0,0.0,25.0,0.0,1.0,24.8,0.0,0.0,0.0,0.0,0.0
1.0,1.0,1.0,74.0,1.0,1.0,35.0,0.0,0.0,1.0,1.0,1.0
1.0,1.0,1.0,55.0,1.0,1.0,36.0,0.0,0.0,0.0,0.0,1.0
1.0,1.0,1.0,35.0,0.0,1.0,41.0,0.0,0.0,0.0,1.0,0.0
1.0,1.0,1.0,43.0,1.0,1.0,40.0,0.0,0.0,0.0,1.0,1.0
1.0,0.0,1.0,40.0,1.0,1.0,35.0,0.0,0.0,0.0,1.0,1.0
1.0,1.0,0.0,55.0,0.0,1.0,31.0,0.0,0.0,0.0,0.0,0.0
1.0,1.0,0.0,28.0,0.0,1.0,35.0,0.0,0.0,0.0,1.0,0.0
1.0,1.0,1.0,54.0,1.0,1.0,31.9,0.0,0.0,0.0,1.0,1.0
1.0,1.0,1.0,188.0,1.0,1.0,29.0,0.0,0.0,0.0,0.0,1.0
1.0,1.0,0.0,42.0,0.0,1.0,35.24,0.0,0.0,0.0,1.0,0.0
1.0,0.0,1.0,83.0,1.0,1.0,17.0,0.0,0.0,1.0,0.0,1.0
3.0,1.0,1.0,131.0,1.0,1.0,37.0,0.0,0.0,0.0,1.0,1.0
1.0,0.0,1.0,111.0,1.0,1.0,30.1,0.0,0.0,0.0,1.0,1.0
1.0,1.0,1.0,58.0,1.0,1.0,34.0,0.0,0.0,0.0,1.0,1.0
1.0,1.0,0.0,72.0,0.0,1.0,34.53,0.0,0.0,0.0,1.0,0.0
1.0,1.0,1.0,39.0,0.0,1.0,29.7,0.0,0.0,0.0,0.0,0.0
1.0,1.0,1.0,184.0,1.0,1.0,39.0,0.0,0.0,0.0,0.0,1.0
1.0,1.0,0.0,44.0,0.0,1.0,35.0,0.0,0.0,0.0,1.0,0.0
1.0,1.0,1.0,70.0,1.0,1.0,35.0,0.0,0.0,0.0,0.0,1.0
1.0,0.0,0.0,51.0,0.0,1.0,38.0,0.0,0.0,0.0,1.0,0.0
1.0,1.0,0.0,73.0,1.0,1.0,21.91,0.0,0.0,0.0,0.0,1.0
1.0,1.0,0.0,144.0,0.0,1.0,25.0,0.0,0.0,0.0,0.0,0.0
1.0,1.0,1.0,277.0,0.0,1.0,25.3,0.0,0.0,0.0,0.0,0.0
1.0,0.0,1.0,80.0,0.0,1.0,33.75,0.0,0.0,1.0,0.0,0.0
1.0,1.0,1.0,60.0,0.0,1.0,31.0,0.0,0.0,0.0,0.0,0.0
1.0,1.0,1.0,138.0,1.0,1.0,18.0,0.0,0.0,0.0,0.0,1.0
1.0,1.0,0.0,72.0,1.0,1.0,21.0,0.0,0.0,0.0,1.0,1.0
1.0,1.0,1.0,44.0,1.0,1.0,31.67,0.0,0.0,0.0,0.0,1.0
1.0,1.0,1.0,110.0,1.0,1.0,35.34,0.0,0.0,0.0,0.0,1.0
1.0,1.0,0.0,38.0,0.0,1.0,29.56,0.0,0.0,0.0,0.0,0.0
1.0,1.0,1.0,85.0,1.0,1.0,32.5,0.0,0.0,0.0,0.0,1.0
1.0,1.0,0.0,25.0,0.0,1.0,34.0,0.0,0.0,0.0,0.0,0.0
1.0,1.0,1.0,29.0,1.0,1.0,33.0,0.0,0.0,0.0,1.0,1.0
1.0,1.0,1.0,51.0,1.0,1.0,37.0,0.0,0.0,1.0,0.0,1.0
2.0,1.0,1.0,88.0,1.0,1.0,27.0,0.0,0.0,0.0,1.0,1.0
1.0,1.0,1.0,60.0,0.0,1.0,35.0,0.0,0.0,0.0,1.0,0.0
1.0,1.0,1.0,63.0,1.0,1.0,34.0,0.0,0.0,0.0,0.0,1.0
1.0,1.0,1.0,48.0,0.0,1.0,26.0,0.0,0.0,0.0,0.0,0.0
1.0,0.0,1.0,52.0,1.0,0.0,27.0,0.0,0.0,1.0,1.0,1.0
1.0,1.0,1.0,85.0,0.0,1.0,8.0,0.0,0.0,0.0,1.0,0.0
1.0,1.0,1.0,127.0,1.0,1.0,19.44,0.0,0.0,0.0,0.0,1.0
1.0,1.0,1.0,46.0,1.0,1.0,31.0,0.0,0.0,0.0,0.0,1.0
1.0,0.0,0.0,56.0,0.0,1.0,58.0,0.0,0.0,0.0,1.0,0.0
1.0,1.0,1.0,71.0,0.0,1.0,43.0,0.0,0.0,0.0,1.0,0.0
1.0,1.0,1.0,89.0,1.0,0.0,41.0,0.0,0.0,0.0,0.0,1.0
1.0,1.0,1.0,57.0,1.0,0.0,36.0,0.0,0.0,0.0,1.0,1.0
1.0,1.0,1.0,120.0,1.0,0.0,44.0,0.0,0.0,0.0,1.0,1.0
1.0,1.0,1.0,260.0,0.0,1.0,16.5,0.0,0.0,0.0,1.0,0.0
1.0,1.0,1.0,96.0,1.0,1.0,32.0,0.0,0.0,0.0,1.0,1.0
1.0,1.0,1.0,63.0,1.0,1.0,37.0,0.0,0.0,1.0,0.0,1.0
1.0,1.0,1.0,78.0,1.0,1.0,28.0,0.0,0.0,0.0,0.0,1.0
1.0,1.0,1.0,49.0,0.0,1.0,32.0,0.0,0.0,0.0,0.0,0.0
1.0,0.0,1.0,47.0,1.0,1.0,33.8,0.0,0.0,0.0,1.0,1.0
1.0,1.0,1.0,40.0,0.0,1.0,28.0,0.0,0.0,0.0,0.0,0.0
1.0,1.0,0.0,72.0,0.0,1.0,37.6,0.0,0.0,0.0,0.0,0.0
1.0,1.0,1.0,24.0,0.0,1.0,33.0,0.0,0.0,1.0,0.0,0.0
1.0,1.0,0.0,36.0,1.0,1.0,27.58,0.0,0.0,0.0,0.0,1.0
1.0,1.0,1.0,85.0,1.0,1.0,33.0,0.0,0.0,0.0,0.0,1.0
1.0,1.0,0.0,84.0,1.0,1.0,38.0,0.0,0.0,1.0,0.0,1.0
2.0,1.0,1.0,43.0,0.0,1.0,10.43,0.0,0.0,0.0,1.0,0.0
1.0,1.0,1.0,103.0,1.0,1.0,24.0,0.0,0.0,0.0,0.0,1.0
1.0,1.0,1.0,51.0,1.0,1.0,36.0,0.0,0.0,0.0,1.0,1.0
1.0,1.0,0.0,36.0,1.0,1.0,33.7,0.0,0.0,0.0,0.0,1.0
1.0,1.0,1.0,53.0,0.0,1.0,40.02,0.0,0.0,0.0,0.0,0.0
1.0,1.0,1.0,91.0,1.0,1.0,40.6,0.0,0.0,0.0,0.0,1.0
1.0,1.0,1.0,41.0,0.0,1.0,33.0,0.0,0.0,1.0,1.0,0.0
1.0,1.0,0.0,60.0,0.0,1.0,26.64,0.0,0.0,0.0,1.0,0.0
1.0,1.0,1.0,72.0,1.0,1.0,25.0,0.0,1.0,0.0,0.0,1.0
1.0,1.0,1.0,42.0,0.0,1.0,39.0,0.0,0.0,1.0,1.0,0.0
1.0,1.0,1.0,89.0,1.0,1.0,24.65,0.0,0.0,0.0,1.0,1.0
1.0,1.0,1.0,184.0,0.0,1.0,45.0,0.0,0.0,0.0,1.0,0.0
1.0,1.0,1.0,56.0,1.0,1.0,35.0,0.0,1.0,0.0,0.0,1.0
1.0,1.0,1.0,72.0,1.0,1.0,24.0,0.0,0.0,0.0,0.0,1.0
1.0,1.0,1.0,45.0,1.0,1.0,43.15,0.0,1.0,0.0,1.0,1.0
1.0,1.0,1.0,63.0,0.0,1.0,32.0,0.0,0.0,0.0,1.0,0.0
1.0,1.0,1.0,54.0,1.0,1.0,18.0,0.0,0.0,0.0,0.0,1.0
1.0,1.0,1.0,71.0,1.0,1.0,22.0,0.0,0.0,0.0,1.0,1.0
1.0,1.0,1.0,57.0,1.0,1.0,39.36,0.0,0.0,0.0,0.0,1.0
1.0,0.0,0.0,26.0,0.0,1.0,32.88,0.0,0.0,1.0,0.0,0.0
1.0,1.0,1.0,49.0,1.0,1.0,40.0,0.0,0.0,0.0,0.0,1.0
1.0,0.0,1.0,141.0,1.0,1.0,38.2,0.0,0.0,0.0,0.0,1.0
1.0,1.0,1.0,400.0,1.0,0.0,55.0,0.0,0.0,0.0,0.0,1.0
1.0,1.0,1.0,63.0,0.0,1.0,36.0,0.0,0.0,1.0,0.0,0.0
1.0,1.0,1.0,86.0,1.0,1.0,36.0,0.0,0.0,0.0,1.0,1.0
1.0,0.0,1.0,57.0,1.0,0.0,21.0,0.0,0.0,0.0,0.0,1.0
1.0,0.0,1.0,72.0,1.0,1.0,42.74,0.0,0.0,0.0,1.0,1.0
1.0,1.0,1.0,47.0,1.0,1.0,33.0,0.0,0.0,1.0,0.0,1.0
1.0,1.0,1.0,117.0,1.0,1.0,39.8,0.0,0.0,0.0,0.0,1.0
1.0,1.0,1.0,54.0,1.0,1.0,36.0,0.0,0.0,0.0,0.0,1.0
1.0,1.0,1.0,72.0,0.0,1.0,25.4,0.0,0.0,0.0,1.0,0.0
1.0,0.0,1.0,39.0,0.0,1.0,38.2,0.0,0.0,0.0,0.0,0.0
1.0,1.0,1.0,56.0,1.0,1.0,31.06,0.0,0.0,1.0,0.0,1.0
1.0,1.0,1.0,48.0,0.0,1.0,35.0,0.0,0.0,0.0,1.0,0.0
1.0,1.0,0.0,65.0,1.0,1.0,41.91,0.0,0.0,0.0,1.0,1.0
1.0,1.0,1.0,56.0,0.0,1.0,19.3,0.0,0.0,0.0,1.0,0.0
1.0,1.0,1.0,54.0,1.0,1.0,38.0,0.0,0.0,0.0,1.0,1.0
1.0,1.0,1.0,61.0,0.0,1.0,39.5,0.0,0.0,0.0,0.0,0.0
1.0,1.0,1.0,29.0,1.0,1.0,46.0,0.0,0.0,0.0,1.0,1.0
1.0,1.0,0.0,58.0,0.0,1.0,34.0,0.0,0.0,0.0,0.0,0.0
1.0,1.0,0.0,53.0,0.0,1.0,43.91,0.0,0.0,0.0,1.0,0.0
1.0,1.0,1.0,34.0,1.0,1.0,128.0,0.0,0.0,0.0,0.0,1.0
1.0,1.0,1.0,46.0,1.0,1.0,36.87,0.0,0.0,0.0,0.0,1.0
1.0,0.0,1.0,62.0,1.0,1.0,40.98,0.0,0.0,0.0,1.0,1.0
1.0,1.0,1.0,48.0,1.0,1.0,34.0,0.0,0.0,1.0,1.0,1.0
1.0,1.0,1.0,29.0,0.0,1.0,36.6,0.0,0.0,0.0,1.0,0.0
1.0,1.0,1.0,82.0,1.0,1.0,29.86,0.0,0.0,0.0,1.0,1.0
1.0,1.0,1.0,120.0,0.0,1.0,19.0,0.0,0.0,0.0,0.0,0.0
1.0,0.0,1.0,57.0,1.0,1.0,35.4,0.0,0.0,0.0,1.0,1.0
1.0,1.0,1.0,50.0,0.0,1.0,24.03,0.0,0.0,0.0,0.0,0.0
1.0,1.0,1.0,51.0,1.0,1.0,33.0,0.0,0.0,0.0,0.0,1.0
1.0,1.0,1.0,69.0,0.0,1.0,36.0,0.0,0.0,1.0,0.0,0.0
1.0,0.0,1.0,46.0,1.0,1.0,39.53,0.0,0.0,0.0,1.0,1.0
1.0,1.0,1.0,46.0,1.0,1.0,40.01,0.0,0.0,0.0,1.0,1.0
1.0,1.0,0.0,53.0,0.0,1.0,30.6,0.0,0.0,0.0,1.0,0.0
1.0,1.0,1.0,56.0,0.0,1.0,31.0,0.0,0.0,0.0,0.0,0.0
1.0,0.0,1.0,46.0,0.0,1.0,39.0,0.0,0.0,0.0,1.0,0.0
1.0,0.0,0.0,25.0,0.0,1.0,32.0,0.0,0.0,1.0,1.0,0.0
1.0,1.0,1.0,59.0,1.0,1.0,32.1,0.0,0.0,1.0,0.0,1.0
1.0,1.0,1.0,141.0,1.0,1.0,20.0,0.0,0.0,0.0,1.0,1.0
1.0,1.0,1.0,68.0,1.0,1.0,37.0,0.0,0.0,1.0,1.0,1.0
1.0,1.0,1.0,48.0,1.0,1.0,12.0,0.0,0.0,0.0,0.0,1.0
1.0,1.0,1.0,48.0,0.0,1.0,37.0,0.0,0.0,0.0,0.0,0.0
1.0,1.0,1.0,60.0,1.0,1.0,25.0,0.0,0.0,0.0,0.0,1.0
1.0,1.0,1.0,74.0,1.0,1.0,36.6,0.0,0.0,0.0,0.0,1.0
1.0,1.0,1.0,126.0,1.0,1.0,28.0,0.0,0.0,0.0,0.0,1.0
2.0,1.0,1.0,94.0,0.0,1.0,142.0,0.0,0.0,0.0,1.0,0.0
1.0,1.0,1.0,76.0,1.0,1.0,32.0,0.0,0.0,1.0,0.0,1.0
1.0,1.0,1.0,107.0,1.0,1.0,19.0,0.0,0.0,0.0,1.0,1.0
1.0,1.0,1.0,144.0,1.0,1.0,34.8,0.0,0.0,0.0,1.0,1.0
1.0,1.0,0.0,56.0,1.0,1.0,27.0,0.0,0.0,1.0,0.0,1.0
1.0,1.0,1.0,72.0,1.0,1.0,33.0,0.0,0.0,0.0,0.0,1.0
1.0,1.0,1.0,60.0,1.0,1.0,38.0,0.0,0.0,0.0,0.0,1.0
1.0,1.0,1.0,73.0,1.0,0.0,25.0,0.0,1.0,0.0,0.0,1.0
1.0,1.0,1.0,24.0,1.0,1.0,38.0,0.0,0.0,0.0,0.0,1.0
1.0,1.0,1.0,44.0,0.0,0.0,24.23,0.0,0.0,0.0,0.0,0.0
1.0,1.0,0.0,40.0,0.0,1.0,33.0,0.0,0.0,1.0,1.0,0.0
1.0,1.0,1.0,60.0,0.0,1.0,30.0,0.0,0.0,1.0,0.0,0.0
1.0,1.0,1.0,131.0,1.0,1.0,38.0,0.0,0.0,1.0,1.0,1.0
1.0,1.0,0.0,46.0,0.0,1.0,39.0,0.0,0.0,0.0,1.0,0.0
1.0,1.0,0.0,66.0,0.0,1.0,27.6,0.0,0.0,0.0,0.0,0.0
1.0,1.0,1.0,43.0,0.0,1.0,36.14,0.0,0.0,1.0,1.0,0.0
1.0,1.0,1.0,116.0,1.0,1.0,24.0,0.0,0.0,1.0,0.0,1.0
1.0,1.0,1.0,47.0,1.0,1.0,35.0,0.0,0.0,1.0,0.0,1.0
1.0,1.0,1.0,157.0,1.0,1.0,28.0,0.0,0.0,0.0,0.0,1.0
1.0,1.0,1.0,65.0,0.0,1.0,33.61,0.0,0.0,0.0,0.0,0.0
1.0,1.0,1.0,60.0,1.0,1.0,27.0,0.0,0.0,0.0,0.0,1.0
1.0,1.0,0.0,61.0,0.0,1.0,30.0,0.0,0.0,0.0,0.0,0.0
1.0,1.0,1.0,33.0,0.0,1.0,29.7,0.0,0.0,0.0,1.0,0.0
1.0,1.0,1.0,78.0,1.0,1.0,27.0,0.0,0.0,1.0,1.0,1.0
1.0,0.0,1.0,45.0,0.0,1.0,37.0,0.0,0.0,0.0,0.0,0.0
1.0,1.0,0.0,23.0,0.0,1.0,66.1,0.0,0.0,0.0,1.0,0.0
1.0,1.0,1.0,42.0,1.0,1.0,31.36,0.0,1.0,0.0,1.0,1.0
1.0,1.0,0.0,43.0,1.0,1.0,36.0,0.0,0.0,0.0,0.0,1.0
1.0,1.0,1.0,110.0,1.0,1.0,43.1,0.0,0.0,0.0,0.0,1.0
1.0,1.0,0.0,36.0,0.0,1.0,24.0,0.0,0.0,0.0,1.0,0.0
1.0,1.0,1.0,384.0,1.0,1.0,43.0,0.0,0.0,0.0,1.0,1.0
1.0,1.0,1.0,83.0,1.0,1.0,32.6,0.0,0.0,1.0,0.0,1.0
1.0,1.0,1.0,57.0,1.0,0.0,41.0,0.0,0.0,0.0,0.0,1.0
1.0,1.0,1.0,53.0,1.0,1.0,36.0,0.0,0.0,1.0,0.0,1.0
1.0,1.0,1.0,85.0,1.0,1.0,37.0,0.0,0.0,0.0,0.0,1.0
3.0,1.0,1.0,70.0,1.0,1.0,22.0,0.0,0.0,0.0,1.0,1.0
1.0,1.0,1.0,50.0,1.0,1.0,37.9,0.0,0.0,0.0,0.0,1.0
1.0,1.0,0.0,123.0,1.0,1.0,27.45,0.0,0.0,0.0,0.0,1.0
1.0,1.0,1.0,999999.4,0.0,0.0,46.0,0.0,1.0,0.0,0.0,0.0
1.0,1.0,0.0,103.0,1.0,1.0,32.0,0.0,0.0,0.0,0.0,1.0
1.0,1.0,1.0,55.0,1.0,1.0,27.0,0.0,1.0,0.0,0.0,1.0
1.0,1.0,1.0,59.0,0.0,1.0,16.0,0.0,0.0,0.0,1.0,0.0
1.0,1.0,1.0,56.0,1.0,1.0,39.9,0.0,0.0,0.0,0.0,1.0
1.0,0.0,1.0,76.0,1.0,1.0,27.0,0.0,0.0,1.0,1.0,1.0
1.0,1.0,1.0,63.0,0.0,1.0,33.0,0.0,0.0,0.0,0.0,0.0
1.0,1.0,0.0,114.0,1.0,0.0,43.0,0.0,0.0,0.0,1.0,1.0
1.0,1.0,1.0,61.0,1.0,1.0,26.0,0.0,0.0,0.0,1.0,1.0
1.0,1.0,1.0,182.0,1.0,1.0,47.0,0.0,0.0,0.0,0.0,1.0
1.0,1.0,1.0,48.0,1.0,0.0,36.0,0.0,0.0,0.0,1.0,1.0
1.0,1.0,1.0,54.0,0.0,1.0,34.0,0.0,0.0,1.0,0.0,0.0
1.0,0.0,0.0,32.0,0.0,1.0,32.0,0.0,0.0,1.0,1.0,0.0
1.0,1.0,1.0,45.0,1.0,1.0,33.4,0.0,0.0,1.0,0.0,1.0
1.0,1.0,1.0,86.0,1.0,1.0,28.0,0.0,0.0,0.0,0.0,1.0
1.0,1.0,1.0,72.0,1.0,1.0,17.6,0.0,0.0,0.0,0.0,1.0
1.0,1.0,1.0,64.0,1.0,1.0,38.0,0.0,0.0,0.0,0.0,1.0
1.0,1.0,1.0,86.0,1.0,1.0,29.0,0.0,0.0,1.0,0.0,1.0
1.0,0.0,0.0,50.0,1.0,1.0,36.5,0.0,0.0,0.0,1.0,1.0
1.0,1.0,0.0,28.0,0.0,1.0,38.0,0.0,0.0,0.0,1.0,0.0
1.0,1.0,1.0,36.0,0.0,1.0,33.0,0.0,0.0,0.0,0.0,0.0
1.0,1.0,1.0,68.0,1.0,1.0,34.0,0.0,0.0,0.0,0.0,1.0
1.0,0.0,0.0,56.0,1.0,1.0,39.0,0.0,1.0,0.0,1.0,1.0
1.0,1.0,1.0,65.0,1.0,1.0,31.0,0.0,0.0,1.0,1.0,1.0
1.0,0.0,0.0,32.0,0.0,1.0,28.0,0.0,0.0,1.0,1.0,0.0
1.0,1.0,1.0,72.0,1.0,0.0,36.0,0.0,0.0,0.0,1.0,1.0
1.0,1.0,1.0,54.0,1.0,1.0,33.57,0.0,0.0,0.0,1.0,1.0
1.0,1.0,0.0,72.0,0.0,1.0,30.22,0.0,0.0,1.0,1.0,0.0
1.0,1.0,1.0,91.0,1.0,1.0,29.0,0.0,0.0,0.0,1.0,1.0
1.0,1.0,1.0,79.0,1.0,1.0,30.33,0.0,1.0,0.0,1.0,1.0
1.0,1.0,1.0,81.0,0.0,1.0,36.0,0.0,0.0,0.0,1.0,0.0
1.0,1.0,1.0,159.0,1.0,1.0,42.0,0.0,0.0,0.0,1.0,1.0
1.0,1.0,1.0,48.0,1.0,1.0,39.0,0.0,0.0,0.0,1.0,1.0
1.0,1.0,1.0,21.0,0.0,1.0,22.0,0.0,0.0,0.0,0.0,0.0
1.0,1.0,0.0,60.0,1.0,1.0,26.0,0.0,0.0,0.0,1.0,1.0
1.0,1.0,1.0,62.0,0.0,1.0,33.0,0.0,0.0,0.0,0.0,0.0
1.0,1.0,1.0,54.0,1.0,1.0,14.0,0.0,0.0,0.0,0.0,1.0
1.0,1.0,0.0,31.0,0.0,1.0,24.0,0.0,0.0,0.0,1.0,0.0
1.0,1.0,0.0,55.0,0.0,1.0,36.0,0.0,0.0,1.0,0.0,0.0
1.0,1.0,1.0,64.0,1.0,1.0,32.62,0.0,0.0,0.0,1.0,1.0
1.0,1.0,1.0,183.0,0.0,1.0,28.0,0.0,0.0,0.0,1.0,0.0
1.0,1.0,1.0,51.0,0.0,1.0,34.5,0.0,0.0,1.0,0.0,0.0
1.0,0.0,0.0,71.0,0.0,1.0,43.0,0.0,0.0,0.0,1.0,0.0
1.0,1.0,1.0,110.0,1.0,1.0,32.0,0.0,0.0,1.0,1.0,1.0
1.0,1.0,0.0,89.0,0.0,1.0,37.0,0.0,0.0,0.0,0.0,0.0
1.0,1.0,1.0,81.0,1.0,0.0,32.0,0.0,0.0,0.0,0.0,1.0
1.0,1.0,1.0,69.0,0.0,1.0,38.0,0.0,0.0,0.0,1.0,0.0
1.0,0.0,0.0,83.0,0.0,0.0,24.0,0.0,1.0,0.0,1.0,0.0
1.0,1.0,1.0,43.0,1.0,1.0,32.0,0.0,0.0,0.0,0.0,1.0
1.0,1.0,0.0,198.0,0.0,1.0,34.0,0.0,0.0,0.0,0.0,0.0
1.0,0.0,0.0,35.0,0.0,1.0,27.6,0.0,0.0,0.0,0.0,0.0
1.0,1.0,0.0,35.0,0.0,1.0,27.0,0.0,0.0,0.0,0.0,0.0
1.0,1.0,1.0,56.0,1.0,1.0,36.87,0.0,0.0,0.0,1.0,1.0
1.0,1.0,1.0,91.0,1.0,1.0,38.17,0.0,0.0,0.0,0.0,1.0
2.0,1.0,0.0,201.0,1.0,1.0,19.0,0.0,0.0,0.0,1.0,1.0
1.0,1.0,1.0,43.0,0.0,1.0,40.0,0.0,0.0,0.0,1.0,0.0
1.0,1.0,1.0,48.0,0.0,1.0,38.0,0.0,0.0,0.0,0.0,0.0
1.0,1.0,1.0,35.0,0.0,1.0,29.0,0.0,0.0,0.0,1.0,0.0
1.0,1.0,1.0,122.0,0.0,1.0,41.0,0.0,0.0,0.0,0.0,0.0
1.0,1.0,1.0,63.0,1.0,1.0,32.0,0.0,0.0,0.0,1.0,1.0
1.0,1.0,1.0,39.0,1.0,1.0,35.0,0.0,0.0,0.0,0.0,1.0
1.0,1.0,1.0,50.0,0.0,0.0,47.2,0.0,0.0,0.0,1.0,0.0
1.0,1.0,1.0,70.0,0.0,1.0,37.0,0.0,0.0,1.0,0.0,0.0
1.0,1.0,1.0,52.0,0.0,1.0,38.0,0.0,0.0,0.0,0.0,0.0
1.0,1.0,1.0,39.0,1.0,1.0,34.0,0.0,0.0,0.0,1.0,1.0
1.0,0.0,0.0,34.0,0.0,0.0,39.03,0.0,0.0,0.0,1.0,0.0
1.0,1.0,1.0,77.0,1.0,1.0,27.0,0.0,0.0,1.0,0.0,1.0
1.0,1.0,1.0,53.0,0.0,0.0,24.0,0.0,0.0,0.0,0.0,0.0
1.0,1.0,1.0,48.0,1.0,1.0,34.0,0.0,0.0,0.0,1.0,1.0
1.0,0.0,1.0,42.0,1.0,0.0,59.0,1.0,1.0,1.0,1.0,1.0
1.0,1.0,1.0,410.0,0.0,1.0,35.9,0.0,0.0,0.0,1.0,0.0
1.0,1.0,1.0,42.0,1.0,1.0,37.0,0.0,0.0,0.0,0.0,1.0
1.0,1.0,1.0,43.0,0.0,1.0,46.8,0.0,0.0,0.0,0.0,0.0
1.0,1.0,1.0,130.0,1.0,1.0,30.0,0.0,0.0,1.0,1.0,1.0
1.0,1.0,0.0,49.0,0.0,1.0,30.94,0.0,0.0,0.0,1.0,0.0
1.0,1.0,1.0,54.0,1.0,1.0,39.0,0.0,0.0,0.0,0.0,1.0
1.0,1.0,0.0,103.0,0.0,1.0,34.0,0.0,0.0,0.0,0.0,0.0
1.0,1.0,1.0,83.0,1.0,1.0,33.0,0.0,0.0,1.0,1.0,1.0
1.0,1.0,1.0,70.0,1.0,1.0,37.0,0.0,0.0,1.0,1.0,1.0
1.0,1.0,1.0,90.0,1.0,1.0,27.79,0.0,0.0,0.0,1.0,1.0
1.0,1.0,1.0,81.0,1.0,1.0,29.0,0.0,0.0,0.0,0.0,1.0
1.0,0.0,0.0,39.0,0.0,1.0,81.42,0.0,0.0,0.0,0.0,0.0
1.0,1.0,1.0,119.0,0.0,1.0,39.0,0.0,0.0,0.0,0.0,0.0
1.0,1.0,0.0,119.0,0.0,1.0,25.0,0.0,0.0,0.0,0.0,0.0
1.0,1.0,1.0,62.0,0.0,1.0,40.0,0.0,0.0,0.0,0.0,0.0
1.0,1.0,1.0,33.0,1.0,1.0,26.0,0.0,0.0,0.0,0.0,1.0
1.0,1.0,1.0,41.0,1.0,1.0,31.3,1.0,0.0,1.0,0.0,1.0
1.0,1.0,0.0,53.0,1.0,1.0,36.0,0.0,0.0,0.0,0.0,1.0
1.0,1.0,1.0,105.0,0.0,1.0,37.0,0.0,0.0,1.0,0.0,0.0
1.0,1.0,1.0,170.0,1.0,1.0,17.0,0.0,0.0,0.0,1.0,1.0
1.0,1.0,1.0,201.0,1.0,1.0,19.27,0.0,0.0,0.0,1.0,1.0
1.0,1.0,1.0,999999.4,1.0,1.0,39.0,0.0,0.0,0.0,0.0,1.0
1.0,1.0,1.0,64.0,1.0,1.0,28.0,0.0,0.0,1.0,1.0,1.0
1.0,1.0,1.0,51.0,1.0,1.0,35.81,0.0,0.0,1.0,0.0,1.0
1.0,1.0,1.0,44.0,0.0,1.0,31.11,0.0,0.0,1.0,1.0,0.0
1.0,0.0,1.0,40.0,1.0,1.0,36.0,0.0,0.0,0.0,0.0,1.0
1.0,1.0,1.0,57.0,1.0,1.0,39.5,0.0,0.0,0.0,1.0,1.0
1.0,0.0,1.0,59.0,1.0,1.0,39.0,0.0,0.0,1.0,0.0,1.0
1.0,1.0,1.0,69.0,1.0,0.0,27.0,0.0,0.0,0.0,0.0,1.0
1.0,1.0,0.0,44.0,0.0,1.0,32.0,0.0,0.0,0.0,0.0,0.0
1.0,1.0,1.0,24.0,0.0,1.0,42.0,0.0,0.0,0.0,1.0,0.0
1.0,1.0,0.0,60.0,1.0,1.0,29.67,0.0,0.0,1.0,1.0,1.0
1.0,1.0,1.0,38.0,1.0,1.0,38.4,0.0,0.0,0.0,0.0,1.0
1.0,1.0,1.0,50.0,1.0,0.0,31.0,0.0,0.0,0.0,1.0,1.0
1.0,1.0,1.0,82.0,1.0,1.0,25.0,0.0,0.0,0.0,0.0,1.0
1.0,1.0,1.0,39.0,1.0,1.0,34.0,0.0,0.0,0.0,0.0,1.0
1.0,1.0,1.0,80.0,1.0,1.0,32.0,0.0,0.0,0.0,0.0,1.0
1.0,1.0,1.0,50.0,1.0,1.0,31.0,0.0,1.0,1.0,0.0,1.0
1.0,1.0,1.0,175.0,1.0,1.0,33.0,0.0,0.0,0.0,1.0,1.0
1.0,1.0,1.0,64.0,1.0,1.0,26.9,0.0,0.0,0.0,1.0,1.0
1.0,1.0,1.0,73.0,0.0,1.0,25.0,0.0,0.0,0.0,1.0,0.0
1.0,1.0,1.0,61.0,1.0,1.0,26.0,0.0,0.0,1.0,1.0,1.0
3.0,1.0,1.0,57.0,0.0,1.0,24.0,0.0,0.0,0.0,1.0,0.0
1.0,1.0,1.0,59.0,0.0,0.0,34.0,0.0,0.0,0.0,0.0,0.0
1.0,1.0,1.0,50.0,1.0,1.0,40.0,0.0,0.0,1.0,0.0,1.0
1.0,1.0,1.0,36.0,1.0,1.0,38.0,0.0,0.0,0.0,0.0,1.0
1.0,1.0,0.0,11.0,1.0,1.0,33.0,0.0,0.0,0.0,1.0,1.0
1.0,1.0,1.0,70.0,1.0,1.0,38.3,0.0,0.0,0.0,0.0,1.0
1.0,1.0,1.0,143.0,0.0,1.0,28.31,0.0,0.0,0.0,1.0,0.0
1.0,1.0,1.0,107.0,0.0,0.0,26.0,0.0,0.0,1.0,0.0,0.0
1.0,1.0,1.0,330.0,0.0,1.0,37.0,0.0,0.0,0.0,0.0,0.0
1.0,1.0,0.0,35.0,0.0,1.0,35.0,0.0,0.0,0.0,1.0,0.0
1.0,1.0,1.0,34.0,0.0,1.0,29.0,0.0,0.0,0.0,1.0,0.0
1.0,1.0,1.0,68.0,1.0,1.0,31.0,0.0,0.0,0.0,0.0,1.0
1.0,1.0,1.0,36.0,1.0,1.0,43.0,0.0,0.0,0.0,1.0,1.0
1.0,0.0,1.0,46.0,0.0,1.0,36.8,0.0,0.0,1.0,1.0,0.0
1.0,1.0,1.0,226.0,1.0,1.0,17.5,0.0,0.0,0.0,0.0,1.0
1.0,1.0,1.0,87.0,1.0,1.0,28.1,0.0,0.0,0.0,1.0,1.0
1.0,1.0,0.0,24.0,0.0,1.0,45.0,0.0,0.0,0.0,0.0,0.0
1.0,0.0,0.0,55.0,1.0,1.0,38.0,0.0,0.0,0.0,1.0,1.0
1.0,1.0,0.0,35.0,1.0,1.0,28.0,0.0,0.0,0.0,1.0,1.0
1.0,1.0,0.0,56.0,0.0,1.0,30.0,0.0,0.0,0.0,1.0,0.0
2.0,1.0,1.0,347.0,1.0,1.0,24.0,0.0,0.0,0.0,1.0,1.0
1.0,1.0,0.0,60.0,0.0,1.0,31.68,0.0,0.0,0.0,1.0,0.0
1.0,0.0,1.0,142.0,1.0,1.0,37.27,0.0,0.0,0.0,1.0,1.0
1.0,1.0,0.0,106.0,1.0,1.0,42.15,0.0,0.0,0.0,1.0,1.0
1.0,1.0,1.0,59.0,1.0,1.0,27.9,0.0,0.0,0.0,0.0,1.0
1.0,1.0,0.0,67.0,1.0,1.0,37.4,0.0,0.0,1.0,1.0,1.0
1.0,1.0,1.0,91.0,1.0,1.0,33.0,0.0,0.0,0.0,1.0,1.0
1.0,1.0,1.0,22.0,1.0,1.0,47.0,1.0,0.0,1.0,1.0,1.0
1.0,1.0,0.0,80.0,0.0,0.0,32.2,0.0,0.0,1.0,0.0,0.0
1.0,1.0,1.0,130.0,0.0,1.0,39.0,0.0,0.0,0.0,1.0,0.0
1.0,1.0,1.0,36.0,0.0,1.0,37.0,0.0,0.0,0.0,1.0,0.0
1.0,1.0,1.0,36.0,1.0,1.0,15.0,0.0,1.0,0.0,1.0,1.0
1.0,1.0,1.0,48.0,1.0,1.0,32.7,0.0,0.0,0.0,0.0,1.0
1.0,0.0,1.0,62.0,1.0,0.0,37.0,0.0,1.0,0.0,1.0,1.0
1.0,1.0,1.0,58.0,1.0,1.0,34.2,0.0,0.0,0.0,0.0,1.0
1.0,1.0,1.0,33.0,1.0,1.0,31.0,0.0,0.0,0.0,1.0,1.0
1.0,1.0,1.0,75.0,1.0,1.0,30.5,0.0,0.0,0.0,1.0,1.0
2.0,1.0,1.0,261.0,1.0,1.0,7.0,0.0,1.0,0.0,1.0,1.0
1.0,1.0,1.0,29.0,1.0,1.0,35.25,0.0,0.0,0.0,0.0,1.0
1.0,0.0,0.0,28.0,0.0,1.0,47.0,0.0,0.0,0.0,1.0,0.0
1.0,1.0,1.0,70.0,1.0,1.0,37.0,0.0,0.0,0.0,0.0,1.0
1.0,1.0,1.0,40.0,0.0,1.0,38.0,1.0,0.0,1.0,0.0,0.0
1.0,1.0,1.0,192.0,1.0,0.0,18.0,0.0,0.0,0.0,0.0,1.0
1.0,1.0,1.0,158.0,0.0,1.0,36.0,0.0,0.0,0.0,1.0,0.0
1.0,0.0,0.0,40.0,0.0,1.0,32.0,0.0,0.0,0.0,1.0,0.0
1.0,1.0,1.0,56.0,1.0,1.0,39.0,0.0,0.0,1.0,0.0,1.0
1.0,1.0,1.0,46.0,1.0,1.0,30.9,0.0,0.0,1.0,0.0,1.0
1.0,1.0,0.0,72.0,0.0,1.0,28.2,0.0,0.0,1.0,0.0,0.0
1.0,1.0,0.0,54.0,1.0,1.0,37.0,0.0,0.0,0.0,0.0,1.0
1.0,1.0,1.0,139.0,1.0,1.0,19.0,0.0,1.0,0.0,0.0,1.0
1.0,1.0,1.0,74.0,1.0,1.0,34.08,0.0,0.0,0.0,1.0,1.0
1.0,0.0,0.0,36.0,0.0,1.0,38.0,0.0,0.0,0.0,1.0,0.0
1.0,1.0,1.0,79.0,1.0,1.0,35.0,0.0,0.0,1.0,0.0,1.0
2.0,1.0,1.0,96.0,1.0,1.0,24.0,0.0,0.0,0.0,1.0,1.0
1.0,1.0,1.0,44.0,0.0,1.0,33.2,0.0,0.0,1.0,0.0,0.0
1.0,1.0,1.0,70.0,1.0,1.0,35.0,0.0,0.0,1.0,1.0,1.0
1.0,1.0,1.0,60.0,1.0,1.0,32.0,0.0,0.0,0.0,0.0,1.0
1.0,1.0,1.0,59.0,1.0,1.0,24.0,0.0,0.0,0.0,1.0,1.0
1.0,1.0,1.0,44.0,0.0,1.0,29.32,0.0,0.0,1.0,1.0,0.0
1.0,1.0,1.0,87.0,1.0,1.0,36.0,0.0,0.0,0.0,0.0,1.0
1.0,1.0,1.0,82.0,1.0,1.0,29.0,0.0,0.0,0.0,1.0,1.0
1.0,1.0,1.0,103.0,0.0,1.0,24.3,0.0,0.0,0.0,1.0,0.0
1.0,1.0,1.0,72.0,1.0,1.0,38.0,0.0,0.0,1.0,0.0,1.0
1.0,1.0,1.0,51.0,0.0,1.0,35.5,0.0,0.0,0.0,0.0,0.0
1.0,0.0,0.0,66.0,0.0,0.0,41.0,0.0,0.0,0.0,1.0,0.0
1.0,1.0,0.0,33.0,0.0,1.0,29.0,0.0,0.0,0.0,1.0,0.0
1.0,1.0,1.0,59.0,1.0,1.0,29.7,0.0,0.0,1.0,0.0,1.0
1.0,1.0,1.0,37.0,0.0,1.0,23.0,0.0,0.0,0.0,1.0,0.0
1.0,1.0,0.0,38.0,0.0,1.0,33.0,0.0,0.0,0.0,1.0,0.0
1.0,1.0,1.0,54.0,1.0,1.0,38.0,0.0,0.0,0.0,0.0,1.0
1.0,1.0,1.0,95.0,1.0,1.0,28.5,0.0,0.0,0.0,0.0,1.0
1.0,1.0,0.0,43.0,0.0,1.0,34.72,0.0,0.0,0.0,0.0,0.0
1.0,1.0,1.0,57.0,0.0,1.0,29.0,0.0,0.0,0.0,0.0,0.0
1.0,1.0,1.0,43.0,1.0,1.0,37.3,0.0,0.0,0.0,0.0,1.0
1.0,1.0,1.0,34.0,0.0,1.0,28.0,0.0,0.0,0.0,0.0,0.0
1.0,1.0,1.0,135.0,1.0,1.0,37.0,0.0,0.0,0.0,0.0,1.0
1.0,1.0,0.0,27.0,0.0,1.0,38.0,0.0,0.0,0.0,1.0,0.0
1.0,1.0,0.0,30.0,0.0,1.0,44.0,0.0,0.0,0.0,0.0,0.0
1.0,1.0,1.0,77.0,1.0,1.0,26.0,0.0,0.0,0.0,1.0,1.0
1.0,1.0,1.0,84.0,1.0,1.0,38.0,0.0,0.0,0.0,0.0,1.0
1.0,1.0,0.0,112.0,0.0,1.0,32.44,0.0,0.0,0.0,0.0,0.0
1.0,1.0,1.0,106.0,1.0,1.0,27.04,0.0,0.0,0.0,0.0,1.0
1.0,1.0,1.0,94.0,1.0,0.0,47.78,0.0,0.0,0.0,1.0,1.0
1.0,1.0,1.0,34.0,0.0,1.0,31.0,0.0,0.0,0.0,0.0,0.0
1.0,1.0,1.0,999999.4,1.0,1.0,37.0,0.0,0.0,1.0,0.0,1.0
1.0,1.0,1.0,67.0,0.0,1.0,34.0,0.0,0.0,0.0,1.0,0.0
1.0,0.0,1.0,34.0,0.0,1.0,31.0,0.0,0.0,0.0,1.0,0.0
1.0,1.0,0.0,37.0,0.0,1.0,83.0,0.0,1.0,0.0,1.0,0.0
1.0,1.0,1.0,120.0,1.0,1.0,28.0,0.0,0.0,0.0,0.0,1.0
1.0,1.0,1.0,112.0,1.0,1.0,26.0,0.0,0.0,0.0,1.0,1.0
1.0,1.0,1.0,42.0,1.0,1.0,27.0,0.0,0.0,1.0,0.0,1.0
1.0,1.0,1.0,123.0,0.0,1.0,32.0,0.0,0.0,0.0,1.0,0.0
1.0,1.0,1.0,86.0,1.0,1.0,19.0,0.0,0.0,0.0,0.0,1.0
1.0,1.0,1.0,32.0,1.0,1.0,28.98,0.0,0.0,0.0,0.0,1.0
1.0,1.0,0.0,35.0,1.0,1.0,32.0,0.0,0.0,0.0,1.0,1.0
1.0,1.0,1.0,103.0,1.0,1.0,29.5,0.0,0.0,1.0,0.0,1.0
1.0,1.0,1.0,61.0,1.0,1.0,32.0,0.0,0.0,0.0,0.0,1.0
2.0,1.0,1.0,270.0,0.0,1.0,17.0,0.0,0.0,0.0,1.0,0.0
1.0,1.0,0.0,42.0,1.0,1.0,18.4,0.0,0.0,0.0,0.0,1.0
1.0,1.0,1.0,90.0,1.0,1.0,31.2,0.0,0.0,0.0,0.0,1.0
1.0,0.0,1.0,51.0,1.0,1.0,36.3,0.0,0.0,0.0,1.0,1.0
1.0,1.0,1.0,46.0,1.0,1.0,31.1,0.0,0.0,1.0,1.0,1.0
2.0,1.0,1.0,50.0,0.0,1.0,26.0,0.0,0.0,0.0,0.0,0.0
1.0,0.0,0.0,58.0,0.0,1.0,41.0,0.0,0.0,0.0,0.0,0.0
2.0,1.0,1.0,999999.4,1.0,1.0,40.0,0.0,1.0,1.0,0.0,1.0
1.0,1.0,0.0,38.0,0.0,1.0,42.0,0.0,0.0,1.0,1.0,0.0
1.0,1.0,1.0,64.0,1.0,1.0,38.0,0.0,0.0,0.0,0.0,1.0
1.0,1.0,1.0,31.0,0.0,1.0,35.0,0.0,0.0,0.0,0.0,0.0
1.0,1.0,1.0,99.0,1.0,1.0,25.0,0.0,0.0,0.0,1.0,1.0
1.0,1.0,1.0,58.0,1.0,1.0,27.2,0.0,0.0,0.0,1.0,1.0
1.0,1.0,1.0,107.0,0.0,1.0,33.6,0.0,0.0,0.0,0.0,0.0
2.0,1.0,0.0,36.0,0.0,1.0,36.0,0.0,0.0,0.0,1.0,0.0
1.0,1.0,1.0,48.0,0.0,1.0,28.0,0.0,0.0,0.0,1.0,0.0
1.0,1.0,1.0,110.0,1.0,1.0,34.08,0.0,0.0,1.0,0.0,1.0
1.0,1.0,1.0,57.0,1.0,1.0,32.1,0.0,0.0,1.0,0.0,1.0
1.0,1.0,1.0,72.0,1.0,1.0,31.0,0.0,0.0,0.0,1.0,1.0
1.0,1.0,1.0,90.0,0.0,1.0,37.0,0.0,0.0,0.0,1.0,0.0
1.0,1.0,0.0,999999.4,0.0,0.0,31.0,0.0,1.0,0.0,0.0,0.0
1.0,0.0,1.0,49.0,1.0,1.0,30.0,0.0,1.0,1.0,1.0,1.0
1.0,1.0,0.0,53.0,0.0,1.0,36.0,0.0,0.0,0.0,1.0,0.0
1.0,1.0,1.0,285.0,1.0,1.0,15.5,0.0,0.0,0.0,0.0,1.0
1.0,1.0,1.0,32.0,0.0,1.0,54.0,0.0,0.0,0.0,1.0,0.0
1.0,1.0,1.0,67.0,1.0,1.0,25.0,0.0,0.0,0.0,1.0,1.0
1.0,1.0,1.0,101.0,1.0,1.0,36.4,0.0,0.0,1.0,0.0,1.0
1.0,0.0,1.0,65.0,1.0,1.0,31.0,0.0,0.0,0.0,0.0,1.0
1.0,1.0,1.0,84.0,1.0,1.0,35.14,0.0,0.0,0.0,0.0,1.0
1.0,1.0,1.0,56.0,1.0,0.0,29.2,0.0,0.0,0.0,1.0,1.0
1.0,1.0,1.0,33.0,1.0,1.0,36.0,0.0,0.0,1.0,0.0,1.0
1.0,1.0,1.0,120.0,1.0,1.0,26.8,0.0,0.0,1.0,0.0,1.0
1.0,1.0,1.0,78.0,1.0,1.0,23.0,0.0,0.0,0.0,0.0,1.0
1.0,0.0,0.0,20.0,0.0,1.0,31.0,0.0,0.0,1.0,1.0,0.0
1.0,1.0,1.0,107.0,1.0,1.0,28.0,0.0,0.0,1.0,0.0,1.0
1.0,1.0,0.0,44.0,0.0,1.0,30.6,0.0,0.0,0.0,0.0,0.0
1.0,1.0,1.0,81.0,0.0,1.0,25.0,0.0,0.0,0.0,0.0,0.0
1.0,1.0,0.0,43.0,1.0,1.0,30.0,0.0,0.0,1.0,0.0,1.0
1.0,1.0,0.0,53.0,0.0,1.0,37.0,0.0,0.0,0.0,1.0,0.0
2.0,1.0,1.0,168.0,1.0,1.0,25.0,0.0,0.0,0.0,1.0,1.0
1.0,1.0,1.0,82.0,1.0,1.0,39.0,0.0,0.0,0.0,0.0,1.0
1.0,1.0,1.0,122.0,1.0,1.0,47.0,0.0,0.0,0.0,0.0,1.0
1.0,1.0,1.0,38.0,1.0,1.0,23.0,0.0,0.0,0.0,0.0,1.0
1.0,1.0,1.0,51.0,1.0,1.0,26.0,0.0,0.0,0.0,0.0,1.0
1.0,1.0,1.0,98.0,1.0,1.0,37.8,0.0,0.0,1.0,1.0,1.0
1.0,0.0,1.0,62.0,1.0,1.0,35.0,0.0,0.0,0.0,1.0,1.0
1.0,1.0,1.0,49.0,1.0,1.0,35.3,0.0,0.0,0.0,0.0,1.0
1.0,1.0,0.0,48.0,1.0,1.0,40.0,0.0,0.0,0.0,1.0,1.0
1.0,1.0,1.0,43.0,1.0,1.0,33.1,0.0,0.0,1.0,0.0,1.0
1.0,1.0,0.0,86.0,0.0,1.0,20.0,0.0,0.0,0.0,1.0,0.0
1.0,1.0,1.0,100.0,1.0,0.0,50.5,0.0,1.0,0.0,0.0,1.0
1.0,1.0,1.0,56.0,1.0,1.0,31.0,0.0,0.0,0.0,0.0,1.0
1.0,0.0,1.0,72.0,1.0,1.0,32.0,0.0,0.0,0.0,1.0,1.0
1.0,1.0,1.0,62.0,1.0,1.0,37.0,0.0,0.0,1.0,0.0,1.0
1.0,1.0,1.0,70.0,0.0,1.0,23.0,0.0,0.0,0.0,0.0,0.0
1.0,1.0,1.0,300.0,1.0,1.0,8.0,0.0,0.0,0.0,0.0,1.0
1.0,1.0,1.0,999999.4,0.0,1.0,34.0,0.0,0.0,0.0,1.0,0.0
1.0,1.0,1.0,58.0,1.0,1.0,36.2,0.0,0.0,1.0,0.0,1.0
1.0,1.0,0.0,59.0,0.0,1.0,31.49,0.0,0.0,1.0,1.0,0.0
1.0,1.0,1.0,275.0,1.0,1.0,30.0,0.0,0.0,0.0,0.0,1.0
1.0,1.0,1.0,95.0,1.0,1.0,26.4,0.0,0.0,0.0,0.0,1.0
1.0,1.0,1.0,90.0,1.0,1.0,26.0,0.0,0.0,0.0,0.0,1.0
1.0,1.0,1.0,86.0,1.0,1.0,28.0,0.0,0.0,0.0,0.0,1.0
2.0,1.0,1.0,213.0,1.0,1.0,38.0,0.0,0.0,0.0,1.0,1.0
1.0,1.0,1.0,90.0,1.0,1.0,29.0,0.0,0.0,0.0,0.0,1.0
1.0,1.0,1.0,31.0,1.0,1.0,27.9,0.0,0.0,0.0,0.0,1.0
1.0,1.0,1.0,42.0,0.0,0.0,35.13,0.0,0.0,0.0,1.0,0.0
2.0,1.0,1.0,75.0,1.0,1.0,34.0,1.0,0.0,1.0,1.0,1.0
1.0,1.0,0.0,38.0,0.0,1.0,34.66,0.0,0.0,0.0,1.0,0.0
1.0,1.0,1.0,71.0,1.0,1.0,32.0,0.0,0.0,0.0,0.0,1.0
1.0,1.0,1.0,57.0,1.0,1.0,37.0,0.0,0.0,0.0,1.0,1.0
1.0,0.0,1.0,72.0,1.0,1.0,41.0,0.0,0.0,0.0,0.0,1.0
1.0,1.0,0.0,61.0,1.0,1.0,37.5,0.0,0.0,1.0,0.0,1.0
1.0,1.0,1.0,55.0,1.0,1.0,36.6,0.0,0.0,0.0,0.0,1.0
1.0,1.0,1.0,28.0,0.0,0.0,40.0,0.0,0.0,0.0,0.0,0.0
1.0,0.0,0.0,53.0,1.0,1.0,37.0,0.0,0.0,1.0,0.0,1.0
2.0,1.0,1.0,34.0,1.0,0.0,43.0,0.0,0.0,0.0,0.0,1.0
1.0,1.0,1.0,143.0,1.0,1.0,28.44,0.0,0.0,0.0,0.0,1.0
1.0,1.0,1.0,35.0,1.0,1.0,27.0,0.0,0.0,0.0,1.0,1.0
1.0,1.0,1.0,91.0,0.0,1.0,36.0,0.0,0.0,1.0,1.0,0.0
2.0,1.0,1.0,117.0,1.0,1.0,18.0,0.0,0.0,0.0,1.0,1.0
1.0,1.0,0.0,72.0,0.0,1.0,37.79,0.0,0.0,0.0,0.0,0.0
1.0,0.0,1.0,972.0,1.0,0.0,18.0,0.0,0.0,0.0,0.0,1.0
1.0,1.0,1.0,104.0,1.0,1.0,17.77,0.0,0.0,0.0,0.0,1.0
2.0,0.0,1.0,86.0,1.0,1.0,30.0,0.0,0.0,0.0,1.0,1.0
1.0,1.0,1.0,55.0,1.0,1.0,34.1,0.0,0.0,1.0,1.0,1.0
3.0,1.0,1.0,51.0,0.0,1.0,27.0,0.0,0.0,0.0,1.0,0.0
1.0,0.0,1.0,54.0,1.0,0.0,41.0,1.0,0.0,1.0,1.0,1.0
1.0,1.0,1.0,33.0,0.0,1.0,38.0,0.0,0.0,0.0,1.0,0.0
1.0,1.0,1.0,64.0,0.0,1.0,34.0,0.0,0.0,0.0,0.0,0.0
1.0,1.0,0.0,98.0,1.0,1.0,26.0,0.0,0.0,1.0,0.0,1.0
1.0,1.0,1.0,192.0,0.0,0.0,32.0,0.0,0.0,0.0,0.0,0.0
1.0,1.0,1.0,70.0,1.0,1.0,39.0,0.0,0.0,0.0,0.0,1.0
1.0,1.0,1.0,40.0,1.0,0.0,40.6,0.0,1.0,0.0,0.0,1.0
1.0,1.0,0.0,999999.4,1.0,1.0,16.0,0.0,0.0,0.0,1.0,1.0
1.0,1.0,0.0,34.0,0.0,1.0,35.0,0.0,0.0,0.0,0.0,0.0
1.0,1.0,1.0,31.0,0.0,1.0,40.0,0.0,0.0,1.0,1.0,0.0
1.0,1.0,1.0,74.0,1.0,0.0,39.96,0.0,0.0,0.0,0.0,1.0
1.0,0.0,1.0,999999.4,1.0,1.0,31.0,0.0,0.0,1.0,1.0,1.0
1.0,0.0,1.0,50.0,1.0,0.0,57.6,0.0,0.0,0.0,1.0,1.0
1.0,1.0,1.0,61.0,0.0,1.0,29.5,0.0,0.0,0.0,0.0,0.0
1.0,1.0,1.0,157.0,1.0,1.0,13.0,0.0,0.0,0.0,1.0,1.0
1.0,1.0,1.0,71.0,1.0,1.0,25.0,0.0,0.0,0.0,1.0,1.0
1.0,1.0,1.0,68.0,0.0,1.0,23.0,0.0,0.0,1.0,0.0,0.0
1.0,1.0,1.0,49.0,0.0,1.0,34.0,0.0,0.0,0.0,0.0,0.0
1.0,1.0,1.0,43.0,1.0,1.0,36.0,0.0,0.0,1.0,1.0,1.0
1.0,1.0,1.0,86.0,1.0,1.0,33.0,0.0,0.0,1.0,0.0,1.0
2.0,1.0,1.0,396.0,1.0,1.0,7.0,0.0,0.0,0.0,0.0,1.0
1.0,1.0,1.0,108.0,1.0,1.0,25.0,0.0,0.0,1.0,0.0,1.0
1.0,1.0,1.0,34.0,1.0,1.0,44.0,0.0,0.0,0.0,1.0,1.0
1.0,1.0,1.0,38.0,1.0,0.0,26.5,1.0,0.0,1.0,0.0,1.0
1.0,0.0,1.0,255.0,0.0,1.0,16.0,0.0,0.0,0.0,0.0,0.0
1.0,1.0,1.0,30.0,1.0,1.0,22.8,0.0,0.0,0.0,1.0,1.0
1.0,1.0,1.0,20.0,1.0,1.0,44.0,0.0,0.0,0.0,0.0,1.0
1.0,1.0,1.0,89.0,1.0,1.0,39.0,0.0,0.0,0.0,0.0,1.0
1.0,1.0,1.0,77.0,1.0,1.0,33.65,0.0,0.0,1.0,1.0,1.0
2.0,1.0,1.0,271.0,1.0,1.0,37.0,0.0,0.0,0.0,1.0,1.0
1.0,1.0,0.0,54.0,0.0,1.0,36.0,0.0,0.0,0.0,1.0,0.0
1.0,1.0,1.0,114.0,1.0,1.0,28.0,0.0,0.0,0.0,1.0,1.0
1.0,1.0,1.0,120.0,1.0,1.0,39.0,0.0,0.0,0.0,1.0,1.0
1.0,1.0,1.0,42.0,1.0,1.0,38.8,0.0,0.0,0.0,0.0,1.0
1.0,0.0,0.0,106.0,0.0,0.0,26.0,0.0,1.0,0.0,1.0,0.0
1.0,1.0,1.0,118.0,1.0,1.0,35.69,0.0,0.0,0.0,1.0,1.0
1.0,1.0,1.0,76.0,0.0,1.0,29.0,0.0,0.0,0.0,1.0,0.0
1.0,1.0,1.0,91.0,1.0,1.0,27.0,0.0,0.0,1.0,1.0,1.0
1.0,1.0,1.0,36.0,0.0,1.0,35.8,0.0,0.0,1.0,1.0,0.0
1.0,0.0,0.0,39.0,0.0,0.0,44.0,0.0,0.0,0.0,1.0,0.0
1.0,1.0,1.0,96.0,1.0,1.0,24.0,0.0,0.0,0.0,0.0,1.0
1.0,1.0,0.0,36.0,0.0,1.0,42.0,0.0,0.0,0.0,0.0,0.0
1.0,1.0,1.0,65.0,1.0,1.0,24.0,0.0,0.0,0.0,0.0,1.0
1.0,1.0,1.0,66.0,1.0,1.0,41.0,0.0,0.0,0.0,1.0,1.0
1.0,1.0,1.0,49.0,1.0,1.0,41.47,0.0,0.0,1.0,0.0,1.0
1.0,0.0,1.0,45.0,1.0,1.0,35.83,0.0,0.0,0.0,1.0,1.0
1.0,1.0,1.0,99.0,1.0,1.0,32.0,0.0,0.0,0.0,0.0,1.0
1.0,1.0,1.0,148.0,0.0,1.0,26.0,0.0,0.0,0.0,1.0,0.0
1.0,1.0,1.0,73.0,1.0,1.0,14.0,0.0,0.0,0.0,0.0,1.0
1.0,1.0,1.0,69.0,1.0,1.0,28.0,0.0,0.0,1.0,0.0,1.0
1.0,1.0,1.0,47.0,0.0,1.0,36.0,0.0,0.0,0.0,1.0,0.0
1.0,1.0,0.0,72.0,1.0,1.0,42.0,0.0,0.0,0.0,0.0,1.0
1.0,0.0,1.0,92.0,1.0,0.0,21.9,0.0,1.0,0.0,0.0,1.0
1.0,1.0,1.0,39.0,1.0,1.0,33.0,0.0,0.0,1.0,1.0,1.0
1.0,0.0,1.0,45.0,0.0,1.0,37.0,0.0,0.0,0.0,1.0,0.0
1.0,1.0,1.0,63.0,0.0,1.0,29.0,0.0,0.0,0.0,0.0,0.0
1.0,1.0,1.0,36.0,1.0,1.0,36.0,0.0,0.0,0.0,0.0,1.0
1.0,0.0,1.0,46.0,0.0,0.0,44.0,0.0,0.0,0.0,1.0,0.0
2.0,1.0,1.0,112.0,1.0,1.0,31.0,0.0,0.0,0.0,1.0,1.0
1.0,0.0,1.0,39.0,0.0,1.0,35.0,0.0,1.0,0.0,1.0,0.0
1.0,1.0,0.0,63.0,0.0,1.0,33.0,0.0,0.0,0.0,0.0,0.0
1.0,1.0,1.0,53.0,1.0,1.0,35.0,0.0,0.0,1.0,0.0,1.0
1.0,1.0,0.0,47.0,0.0,1.0,32.4,0.0,0.0,0.0,0.0,0.0
1.0,1.0,1.0,999999.4,1.0,1.0,23.0,0.0,0.0,0.0,1.0,1.0
1.0,1.0,1.0,57.0,0.0,1.0,45.0,0.0,0.0,0.0,1.0,0.0
1.0,1.0,1.0,61.0,1.0,1.0,40.0,0.0,0.0,0.0,0.0,1.0
1.0,0.0,1.0,57.0,1.0,1.0,33.0,0.0,0.0,0.0,0.0,1.0
1.0,1.0,1.0,35.0,1.0,1.0,21.0,0.0,0.0,0.0,0.0,1.0
1.0,0.0,1.0,234.0,1.0,1.0,22.0,0.0,0.0,0.0,1.0,1.0
1.0,1.0,1.0,41.0,1.0,1.0,32.07,0.0,0.0,0.0,0.0,1.0
1.0,1.0,0.0,46.0,0.0,1.0,33.0,0.0,0.0,0.0,1.0,0.0
1.0,1.0,1.0,80.0,1.0,1.0,41.0,0.0,0.0,1.0,1.0,1.0
1.0,1.0,1.0,37.0,0.0,1.0,35.0,0.0,0.0,0.0,1.0,0.0
2.0,1.0,1.0,118.0,1.0,1.0,14.0,0.0,0.0,0.0,1.0,1.0
1.0,1.0,0.0,120.0,0.0,1.0,31.0,0.0,0.0,0.0,1.0,0.0
1.0,1.0,0.0,105.0,1.0,1.0,45.0,0.0,0.0,0.0,0.0,1.0
1.0,1.0,0.0,36.0,0.0,1.0,31.0,0.0,0.0,0.0,0.0,0.0
1.0,1.0,1.0,39.0,0.0,1.0,29.0,0.0,0.0,0.0,1.0,0.0
1.0,1.0,1.0,110.0,1.0,1.0,19.56,0.0,0.0,0.0,1.0,1.0
1.0,1.0,1.0,99.0,1.0,1.0,29.0,0.0,0.0,0.0,0.0,1.0
1.0,1.0,1.0,58.0,0.0,1.0,33.0,0.0,0.0,0.0,0.0,0.0
1.0,1.0,1.0,40.0,1.0,1.0,30.23,0.0,0.0,0.0,1.0,1.0
1.0,1.0,1.0,50.0,1.0,1.0,34.66,0.0,0.0,0.0,1.0,1.0
1.0,1.0,1.0,57.0,1.0,1.0,22.0,0.0,0.0,0.0,0.0,1.0
1.0,1.0,1.0,93.0,0.0,1.0,37.77,0.0,0.0,0.0,0.0,0.0
1.0,1.0,1.0,71.0,1.0,1.0,37.0,0.0,0.0,0.0,0.0,1.0
1.0,0.0,0.0,36.0,0.0,1.0,29.0,0.0,0.0,0.0,1.0,0.0
1.0,1.0,1.0,82.0,1.0,1.0,29.0,0.0,0.0,0.0,0.0,1.0
1.0,1.0,1.0,99.0,1.0,1.0,37.2,0.0,0.0,0.0,0.0,1.0
1.0,1.0,1.0,53.0,0.0,0.0,37.0,1.0,0.0,1.0,0.0,0.0
1.0,1.0,1.0,62.0,1.0,1.0,28.0,0.0,0.0,0.0,1.0,1.0
1.0,0.0,0.0,42.0,0.0,0.0,38.2,0.0,0.0,0.0,0.0,0.0
1.0,0.0,1.0,75.0,1.0,1.0,25.0,0.0,0.0,0.0,0.0,1.0
1.0,1.0,1.0,56.0,0.0,1.0,21.0,0.0,0.0,0.0,1.0,0.0
1.0,1.0,1.0,101.0,1.0,1.0,26.0,0.0,0.0,0.0,0.0,1.0
1.0,1.0,1.0,40.0,0.0,0.0,35.0,1.0,1.0,1.0,1.0,0.0
1.0,1.0,1.0,49.0,1.0,1.0,36.9,0.0,0.0,0.0,0.0,1.0
1.0,1.0,1.0,78.0,0.0,0.0,38.0,0.0,0.0,0.0,1.0,0.0
1.0,1.0,0.0,180.0,0.0,1.0,16.0,0.0,0.0,0.0,0.0,0.0
1.0,1.0,1.0,64.0,1.0,1.0,22.0,0.0,0.0,0.0,0.0,1.0
1.0,1.0,1.0,77.0,1.0,1.0,21.0,0.0,0.0,0.0,0.0,1.0
1.0,0.0,1.0,69.0,1.0,0.0,25.42,0.0,0.0,0.0,0.0,1.0
1.0,1.0,0.0,44.0,0.0,0.0,37.9,0.0,0.0,1.0,1.0,0.0
1.0,1.0,1.0,106.0,1.0,1.0,34.58,0.0,0.0,0.0,0.0,1.0
1.0,1.0,1.0,430.0,1.0,1.0,24.5,0.0,0.0,0.0,1.0,1.0
1.0,0.0,0.0,43.0,0.0,0.0,31.0,0.0,0.0,0.0,1.0,0.0
1.0,1.0,1.0,999999.4,1.0,1.0,41.0,0.0,0.0,0.0,0.0,1.0
1.0,0.0,0.0,92.0,0.0,0.0,34.0,0.0,1.0,0.0,1.0,0.0
1.0,1.0,1.0,68.0,1.0,1.0,28.7,0.0,0.0,1.0,0.0,1.0
1.0,1.0,1.0,65.0,1.0,1.0,69.2,0.0,0.0,0.0,1.0,1.0
2.0,1.0,1.0,57.0,1.0,1.0,36.0,0.0,0.0,0.0,0.0,1.0
1.0,1.0,1.0,75.0,1.0,1.0,29.0,0.0,0.0,1.0,0.0,1.0
1.0,1.0,1.0,24.0,0.0,1.0,35.92,0.0,0.0,1.0,0.0,0.0
1.0,1.0,0.0,43.0,0.0,1.0,32.0,1.0,0.0,1.0,1.0,0.0
1.0,1.0,1.0,116.0,1.0,1.0,14.0,0.0,0.0,0.0,1.0,1.0
1.0,1.0,1.0,48.0,1.0,1.0,16.0,0.0,0.0,0.0,0.0,1.0
1.0,1.0,1.0,62.0,1.0,1.0,17.51,0.0,0.0,0.0,1.0,1.0
1.0,1.0,1.0,52.0,1.0,1.0,28.0,0.0,0.0,0.0,0.0,1.0
1.0,1.0,1.0,65.0,1.0,1.0,31.7,0.0,0.0,1.0,1.0,1.0
1.0,1.0,1.0,61.0,1.0,1.0,40.0,0.0,0.0,0.0,0.0,1.0
1.0,1.0,0.0,33.0,0.0,1.0,36.0,0.0,0.0,0.0,1.0,0.0
2.0,1.0,1.0,68.0,1.0,1.0,41.0,0.0,0.0,0.0,1.0,1.0
1.0,1.0,1.0,99.0,0.0,1.0,30.0,0.0,0.0,0.0,1.0,0.0
1.0,0.0,0.0,30.0,0.0,1.0,38.0,0.0,0.0,0.0,1.0,0.0
1.0,1.0,1.0,75.0,1.0,1.0,30.0,0.0,0.0,0.0,0.0,1.0
1.0,1.0,0.0,35.0,0.0,1.0,31.4,0.0,0.0,0.0,0.0,0.0
1.0,1.0,1.0,44.0,1.0,1.0,31.0,0.0,0.0,0.0,1.0,1.0
1.0,1.0,1.0,67.0,1.0,1.0,22.0,0.0,0.0,0.0,0.0,1.0
1.0,1.0,1.0,97.0,1.0,1.0,23.0,0.0,0.0,0.0,1.0,1.0
1.0,1.0,1.0,184.0,1.0,1.0,16.4,0.0,0.0,0.0,0.0,1.0
1.0,1.0,0.0,30.0,0.0,1.0,33.8,0.0,0.0,1.0,0.0,0.0
1.0,1.0,1.0,113.0,1.0,1.0,20.0,0.0,0.0,0.0,1.0,1.0
1.0,1.0,0.0,28.0,0.0,1.0,42.0,1.0,0.0,1.0,0.0,0.0
1.0,1.0,1.0,43.0,1.0,1.0,36.0,0.0,0.0,1.0,0.0,1.0
1.0,1.0,1.0,66.0,1.0,1.0,38.0,0.0,0.0,0.0,1.0,1.0
1.0,1.0,1.0,130.0,1.0,1.0,26.7,0.0,0.0,0.0,0.0,1.0
1.0,1.0,1.0,33.0,1.0,1.0,33.0,0.0,0.0,0.0,1.0,1.0
1.0,1.0,1.0,85.0,1.0,1.0,37.0,0.0,0.0,0.0,0.0,1.0
1.0,1.0,1.0,125.0,1.0,1.0,28.26,0.0,0.0,0.0,1.0,1.0
1.0,1.0,1.0,56.0,0.0,1.0,34.0,0.0,0.0,1.0,1.0,0.0
1.0,0.0,1.0,22.0,0.0,0.0,74.0,0.0,1.0,0.0,1.0,0.0
2.0,1.0,0.0,189.0,0.0,1.0,12.0,0.0,0.0,0.0,1.0,0.0
1.0,1.0,1.0,60.0,0.0,1.0,36.0,0.0,0.0,0.0,1.0,0.0
1.0,1.0,1.0,54.0,0.0,1.0,37.0,0.0,0.0,0.0,0.0,0.0
1.0,0.0,1.0,41.0,0.0,1.0,39.28,0.0,0.0,0.0,1.0,0.0
1.0,1.0,1.0,49.0,0.0,1.0,34.0,0.0,0.0,1.0,1.0,0.0
1.0,1.0,1.0,156.0,1.0,1.0,19.0,0.0,0.0,0.0,0.0,1.0
1.0,1.0,1.0,115.0,1.0,1.0,28.0,0.0,0.0,0.0,1.0,1.0
1.0,0.0,1.0,70.0,1.0,1.0,23.11,0.0,0.0,1.0,0.0,1.0
1.0,1.0,1.0,110.0,1.0,1.0,20.0,0.0,0.0,0.0,0.0,1.0
2.0,1.0,1.0,152.0,1.0,1.0,38.6,0.0,0.0,0.0,0.0,1.0
1.0,1.0,1.0,63.0,1.0,1.0,34.0,0.0,0.0,0.0,0.0,1.0
1.0,1.0,1.0,145.0,1.0,1.0,23.1,0.0,0.0,0.0,0.0,1.0
1.0,1.0,1.0,71.0,1.0,1.0,19.0,0.0,0.0,0.0,1.0,1.0
1.0,1.0,1.0,46.0,1.0,1.0,37.1,0.0,0.0,0.0,0.0,1.0
1.0,1.0,1.0,115.0,1.0,1.0,35.0,0.0,0.0,0.0,0.0,1.0
1.0,1.0,0.0,61.0,0.0,1.0,26.6,0.0,0.0,0.0,0.0,0.0
1.0,1.0,1.0,80.0,1.0,1.0,33.0,0.0,0.0,0.0,1.0,1.0
1.0,1.0,1.0,120.0,1.0,0.0,41.0,0.0,1.0,0.0,0.0,1.0
1.0,1.0,1.0,47.0,1.0,1.0,22.0,0.0,0.0,0.0,1.0,1.0
1.0,1.0,1.0,288.0,0.0,0.0,20.0,0.0,0.0,0.0,0.0,0.0
1.0,1.0,1.0,89.0,1.0,1.0,32.0,0.0,0.0,0.0,1.0,1.0
1.0,1.0,1.0,61.0,0.0,1.0,27.0,0.0,0.0,0.0,1.0,0.0
1.0,1.0,1.0,127.0,0.0,1.0,51.0,0.0,0.0,0.0,1.0,0.0
1.0,1.0,1.0,61.0,1.0,1.0,39.0,0.0,0.0,0.0,1.0,1.0
1.0,1.0,1.0,89.0,1.0,1.0,37.68,0.0,0.0,1.0,1.0,1.0
1.0,1.0,1.0,78.0,1.0,1.0,28.0,0.0,0.0,0.0,0.0,1.0
1.0,1.0,1.0,49.0,1.0,1.0,39.0,0.0,1.0,0.0,0.0,1.0
1.0,0.0,1.0,67.0,1.0,1.0,29.0,0.0,0.0,0.0,0.0,1.0
1.0,1.0,1.0,52.0,0.0,1.0,35.0,0.0,0.0,0.0,1.0,0.0
1.0,1.0,1.0,120.0,0.0,1.0,40.5,0.0,0.0,0.0,0.0,0.0
2.0,1.0,1.0,91.0,1.0,1.0,26.0,0.0,0.0,0.0,1.0,1.0
1.0,1.0,0.0,159.0,1.0,1.0,11.4,0.0,0.0,0.0,0.0,1.0
1.0,1.0,1.0,48.0,1.0,1.0,31.0,0.0,0.0,1.0,0.0,1.0
1.0,1.0,1.0,90.0,0.0,1.0,37.0,0.0,0.0,0.0,1.0,0.0
1.0,1.0,1.0,59.0,1.0,1.0,36.0,0.0,0.0,0.0,0.0,1.0
1.0,1.0,0.0,33.0,0.0,1.0,50.0,0.0,0.0,0.0,0.0,0.0
1.0,1.0,1.0,52.0,1.0,1.0,32.0,0.0,0.0,0.0,1.0,1.0
1.0,1.0,1.0,88.0,1.0,1.0,44.0,0.0,0.0,0.0,1.0,1.0
1.0,1.0,1.0,144.0,0.0,1.0,19.4,0.0,0.0,0.0,1.0,0.0
2.0,1.0,1.0,792.0,1.0,1.0,10.0,0.0,0.0,0.0,1.0,1.0
1.0,1.0,1.0,999999.4,0.0,1.0,36.0,0.0,0.0,0.0,0.0,0.0
1.0,1.0,0.0,31.0,0.0,1.0,34.0,0.0,0.0,0.0,1.0,0.0
1.0,1.0,1.0,66.0,1.0,1.0,38.0,0.0,0.0,0.0,0.0,1.0
2.0,1.0,1.0,36.0,1.0,1.0,21.0,0.0,0.0,0.0,1.0,1.0
1.0,1.0,1.0,39.0,1.0,1.0,37.0,0.0,0.0,0.0,1.0,1.0
1.0,1.0,1.0,55.0,1.0,1.0,10.0,0.0,0.0,0.0,0.0,1.0
1.0,1.0,1.0,47.0,1.0,1.0,39.0,0.0,0.0,0.0,1.0,1.0
1.0,1.0,1.0,32.0,0.0,1.0,39.0,0.0,0.0,0.0,1.0,0.0
1.0,1.0,0.0,41.0,0.0,1.0,30.0,0.0,0.0,0.0,0.0,0.0
1.0,1.0,1.0,60.0,1.0,1.0,14.6,0.0,0.0,0.0,1.0,1.0
1.0,0.0,0.0,43.0,0.0,1.0,31.0,0.0,0.0,1.0,1.0,0.0
1.0,1.0,1.0,64.0,0.0,1.0,34.0,0.0,0.0,0.0,0.0,0.0
1.0,1.0,1.0,101.0,1.0,1.0,39.0,0.0,0.0,0.0,0.0,1.0
1.0,1.0,1.0,36.0,0.0,1.0,32.0,0.0,0.0,1.0,0.0,0.0
1.0,1.0,1.0,46.0,1.0,1.0,29.0,0.0,0.0,0.0,0.0,1.0
1.0,1.0,0.0,234.0,1.0,1.0,28.0,0.0,0.0,0.0,0.0,1.0
1.0,1.0,1.0,54.0,1.0,1.0,31.0,0.0,0.0,0.0,0.0,1.0
1.0,1.0,1.0,69.0,0.0,1.0,28.0,0.0,0.0,1.0,0.0,0.0
1.0,1.0,1.0,120.0,1.0,1.0,49.0,0.0,0.0,0.0,1.0,1.0
1.0,1.0,0.0,47.0,0.0,0.0,49.0,0.0,0.0,0.0,0.0,0.0
1.0,1.0,1.0,72.0,1.0,1.0,35.0,0.0,0.0,0.0,1.0,1.0
1.0,1.0,0.0,33.0,0.0,1.0,33.7,0.0,0.0,0.0,0.0,0.0
1.0,1.0,1.0,49.0,1.0,1.0,33.0,0.0,0.0,0.0,1.0,1.0
1.0,1.0,0.0,48.0,0.0,1.0,38.0,0.0,0.0,0.0,0.0,0.0
1.0,1.0,1.0,64.0,1.0,1.0,34.0,0.0,0.0,1.0,1.0,1.0
1.0,1.0,1.0,999999.4,1.0,1.0,33.0,0.0,0.0,1.0,1.0,1.0
1.0,1.0,0.0,25.0,0.0,1.0,25.0,0.0,0.0,0.0,1.0,0.0
1.0,0.0,1.0,71.0,1.0,0.0,45.0,0.0,0.0,0.0,1.0,1.0
1.0,1.0,1.0,64.0,0.0,1.0,17.5,0.0,0.0,0.0,0.0,0.0
1.0,0.0,1.0,38.0,0.0,0.0,39.23,0.0,1.0,0.0,1.0,0.0
1.0,1.0,1.0,120.0,1.0,1.0,38.0,0.0,0.0,0.0,0.0,1.0
1.0,0.0,1.0,49.0,1.0,1.0,32.0,0.0,0.0,1.0,0.0,1.0
1.0,0.0,1.0,82.0,1.0,1.0,25.0,0.0,0.0,1.0,0.0,1.0
1.0,0.0,1.0,53.0,1.0,1.0,38.0,0.0,0.0,1.0,1.0,1.0
1.0,1.0,0.0,35.0,0.0,1.0,32.0,0.0,0.0,1.0,0.0,0.0
1.0,1.0,1.0,105.0,1.0,1.0,37.0,0.0,0.0,0.0,1.0,1.0
1.0,1.0,1.0,329.0,1.0,1.0,26.6,0.0,0.0,0.0,0.0,1.0
1.0,1.0,1.0,38.0,1.0,1.0,39.0,0.0,0.0,0.0,0.0,1.0
1.0,1.0,1.0,60.0,1.0,1.0,37.0,0.0,0.0,0.0,0.0,1.0
1.0,1.0,0.0,46.0,1.0,1.0,28.4,0.0,0.0,0.0,0.0,1.0
1.0,0.0,1.0,74.0,1.0,1.0,14.0,0.0,0.0,0.0,1.0,1.0
1.0,1.0,1.0,69.0,0.0,1.0,39.0,0.0,0.0,0.0,1.0,0.0
1.0,1.0,1.0,97.0,0.0,1.0,37.0,0.0,0.0,0.0,0.0,0.0
1.0,1.0,1.0,52.0,1.0,1.0,26.0,0.0,0.0,1.0,0.0,1.0
1.0,1.0,0.0,58.0,1.0,1.0,29.0,0.0,0.0,0.0,1.0,1.0
1.0,1.0,1.0,72.0,1.0,1.0,44.0,0.0,0.0,0.0,0.0,1.0
1.0,1.0,0.0,32.0,0.0,1.0,34.0,0.0,0.0,0.0,0.0,0.0
1.0,0.0,1.0,110.0,1.0,0.0,30.0,0.0,0.0,1.0,0.0,1.0
1.0,1.0,1.0,33.0,1.0,1.0,37.0,0.0,0.0,0.0,1.0,1.0
1.0,1.0,1.0,77.0,1.0,1.0,37.0,0.0,0.0,0.0,1.0,1.0
1.0,1.0,1.0,48.0,1.0,1.0,30.0,0.0,0.0,1.0,0.0,1.0
1.0,1.0,1.0,43.0,1.0,1.0,39.0,0.0,0.0,1.0,0.0,1.0
1.0,1.0,1.0,38.0,1.0,1.0,37.0,0.0,0.0,1.0,0.0,1.0
1.0,1.0,0.0,32.0,0.0,1.0,28.3,0.0,0.0,0.0,1.0,0.0
1.0,1.0,0.0,39.0,0.0,1.0,22.5,0.0,0.0,0.0,1.0,0.0
1.0,1.0,1.0,999999.4,1.0,1.0,40.99,0.0,0.0,0.0,0.0,1.0
1.0,1.0,1.0,39.0,0.0,1.0,44.0,0.0,0.0,0.0,0.0,0.0
1.0,1.0,1.0,119.0,1.0,1.0,23.5,0.0,0.0,0.0,0.0,1.0
1.0,1.0,0.0,38.0,0.0,1.0,36.0,0.0,0.0,1.0,0.0,0.0
1.0,1.0,1.0,56.0,0.0,0.0,38.0,0.0,0.0,0.0,0.0,0.0
1.0,1.0,1.0,48.0,1.0,1.0,22.0,0.0,0.0,0.0,1.0,1.0
1.0,1.0,1.0,44.0,1.0,1.0,41.0,0.0,0.0,0.0,1.0,1.0
1.0,1.0,1.0,101.0,1.0,1.0,32.0,0.0,0.0,0.0,0.0,1.0
1.0,1.0,1.0,0.0,0.0,1.0,50.0,0.0,0.0,0.0,0.0,0.0
1.0,1.0,1.0,75.0,0.0,1.0,30.0,0.0,0.0,0.0,0.0,0.0
1.0,1.0,1.0,100.0,0.0,1.0,34.0,0.0,0.0,1.0,1.0,0.0
1.0,1.0,1.0,107.0,0.0,1.0,32.4,0.0,0.0,0.0,0.0,0.0
2.0,1.0,1.0,111.0,1.0,1.0,29.0,0.0,0.0,0.0,1.0,1.0
1.0,1.0,0.0,47.0,0.0,1.0,32.0,0.0,1.0,0.0,1.0,0.0
1.0,1.0,1.0,129.0,1.0,1.0,36.0,0.0,0.0,0.0,0.0,1.0
1.0,1.0,1.0,70.0,1.0,1.0,20.0,0.0,0.0,1.0,0.0,1.0
1.0,1.0,1.0,95.0,1.0,1.0,32.3,0.0,0.0,0.0,0.0,1.0
1.0,1.0,1.0,58.0,1.0,1.0,31.91,0.0,0.0,0.0,0.0,1.0
1.0,1.0,1.0,67.0,1.0,1.0,32.0,0.0,0.0,1.0,0.0,1.0
1.0,1.0,0.0,87.0,0.0,1.0,56.0,0.0,0.0,0.0,0.0,0.0
1.0,0.0,1.0,34.0,1.0,0.0,42.0,1.0,1.0,1.0,1.0,1.0
1.0,0.0,0.0,70.0,0.0,1.0,25.0,0.0,0.0,0.0,1.0,0.0
2.0,1.0,1.0,44.0,1.0,0.0,41.0,0.0,0.0,0.0,0.0,1.0
1.0,0.0,0.0,32.0,0.0,1.0,42.0,0.0,0.0,1.0,1.0,0.0
1.0,1.0,1.0,34.0,0.0,1.0,10.0,0.0,0.0,1.0,0.0,0.0
1.0,1.0,1.0,100.0,1.0,1.0,37.0,0.0,0.0,0.0,1.0,1.0
1.0,1.0,1.0,83.0,1.0,1.0,34.0,0.0,0.0,0.0,1.0,1.0
1.0,0.0,1.0,40.0,1.0,1.0,23.0,0.0,0.0,1.0,1.0,1.0
1.0,1.0,1.0,29.0,0.0,1.0,33.0,0.0,0.0,0.0,1.0,0.0
1.0,0.0,0.0,26.0,0.0,1.0,38.0,0.0,0.0,1.0,1.0,0.0
1.0,1.0,0.0,40.0,0.0,1.0,23.0,0.0,0.0,0.0,1.0,0.0
1.0,1.0,1.0,51.0,1.0,1.0,32.0,0.0,0.0,0.0,0.0,1.0
1.0,0.0,1.0,38.0,1.0,1.0,38.0,0.0,0.0,1.0,1.0,1.0
1.0,1.0,1.0,22.0,0.0,1.0,38.86,0.0,0.0,0.0,1.0,0.0
1.0,1.0,1.0,206.0,1.0,1.0,21.0,0.0,0.0,0.0,0.0,1.0
1.0,1.0,1.0,41.0,1.0,1.0,43.0,0.0,0.0,1.0,1.0,1.0
1.0,0.0,1.0,41.0,1.0,1.0,29.3,0.0,0.0,0.0,1.0,1.0
1.0,1.0,1.0,74.0,0.0,1.0,32.0,0.0,0.0,0.0,1.0,0.0
1.0,1.0,1.0,100.0,1.0,1.0,31.7,0.0,0.0,0.0,0.0,1.0
1.0,1.0,1.0,155.0,1.0,1.0,47.0,0.0,0.0,0.0,1.0,1.0
1.0,1.0,1.0,85.0,0.0,1.0,38.4,0.0,0.0,0.0,1.0,0.0
1.0,1.0,1.0,58.0,1.0,1.0,36.4,0.0,0.0,0.0,0.0,1.0
3.0,0.0,0.0,65.0,0.0,1.0,24.0,0.0,0.0,0.0,1.0,0.0
1.0,1.0,0.0,96.0,1.0,1.0,25.0,0.0,0.0,0.0,1.0,1.0
1.0,1.0,1.0,61.0,1.0,1.0,45.7,0.0,0.0,0.0,0.0,1.0
1.0,1.0,1.0,54.0,1.0,1.0,36.0,0.0,0.0,0.0,1.0,1.0
1.0,1.0,1.0,72.0,0.0,1.0,29.0,0.0,0.0,0.0,1.0,0.0
1.0,1.0,1.0,52.0,0.0,1.0,29.0,0.0,0.0,0.0,1.0,0.0
1.0,1.0,1.0,38.0,1.0,1.0,31.84,0.0,0.0,0.0,1.0,1.0
1.0,1.0,1.0,106.0,1.0,1.0,23.0,0.0,1.0,0.0,0.0,1.0
1.0,1.0,1.0,29.0,0.0,1.0,33.0,0.0,0.0,1.0,1.0,0.0
1.0,1.0,1.0,48.0,1.0,1.0,31.9,0.0,0.0,0.0,0.0,1.0
1.0,1.0,0.0,53.0,0.0,1.0,30.4,0.0,0.0,0.0,0.0,0.0
1.0,1.0,1.0,43.0,1.0,1.0,25.0,0.0,0.0,0.0,0.0,1.0
1.0,1.0,1.0,61.0,1.0,1.0,23.0,0.0,0.0,0.0,1.0,1.0
1.0,1.0,1.0,285.0,1.0,1.0,27.0,0.0,0.0,0.0,1.0,1.0
1.0,1.0,1.0,72.0,1.0,1.0,31.9,0.0,0.0,0.0,1.0,1.0
1.0,1.0,1.0,45.0,1.0,1.0,38.0,0.0,0.0,0.0,0.0,1.0
1.0,1.0,1.0,33.0,1.0,1.0,34.0,0.0,0.0,1.0,0.0,1.0
1.0,1.0,0.0,67.0,0.0,1.0,24.0,0.0,0.0,0.0,0.0,0.0
1.0,1.0,1.0,57.0,0.0,1.0,25.0,0.0,0.0,1.0,1.0,0.0
1.0,1.0,1.0,55.0,0.0,1.0,32.0,0.0,0.0,0.0,0.0,0.0
1.0,1.0,1.0,67.0,1.0,1.0,37.0,0.0,0.0,1.0,0.0,1.0
1.0,1.0,1.0,80.0,0.0,1.0,26.0,0.0,0.0,1.0,0.0,0.0
1.0,1.0,1.0,66.0,1.0,1.0,34.0,0.0,0.0,0.0,0.0,1.0
1.0,1.0,1.0,120.0,0.0,1.0,32.0,0.0,0.0,0.0,1.0,0.0
1.0,1.0,1.0,90.0,1.0,1.0,33.0,0.0,0.0,0.0,0.0,1.0
