Default,checkingstatus1,duration,history,purpose,amount,savings,employ,installment,status,others,residence,property,age,otherplans,housing,cards,job,liable,tele,foreign
0,1,6,1,0,1169,1,1,4,0,0,4,1,67,0,0,2,0,1,1,0
1,2,48,0,0,5951,0,0,2,1,0,2,1,22,0,0,1,0,1,0,0
0,0,12,1,6,2096,0,2,2,0,0,3,1,49,0,0,1,1,2,0,0
0,1,42,0,2,7882,0,2,2,0,1,4,2,45,0,2,1,0,2,0,0
1,1,24,2,1,4870,0,0,3,0,0,4,3,53,0,2,2,0,2,0,0
0,0,36,0,6,9055,1,0,2,0,0,4,3,35,0,2,1,1,2,1,0
0,0,24,0,2,2835,3,1,3,0,0,4,2,53,0,0,1,0,1,0,0
0,2,36,0,3,6948,0,0,2,0,0,2,0,35,0,1,1,2,1,1,0
0,0,12,0,0,3059,4,2,2,3,0,4,1,61,0,0,1,1,1,0,0
1,2,30,1,1,5234,0,4,4,2,0,2,0,28,0,0,2,2,1,0,0
1,2,12,0,1,1295,0,3,3,1,0,1,0,25,0,1,1,0,1,0,0
1,1,48,0,4,4308,0,3,3,1,0,4,2,24,0,1,1,0,1,0,0
0,2,12,0,0,1567,0,0,1,1,0,1,0,22,0,0,1,0,1,1,0
1,1,24,1,1,1199,0,1,4,0,0,4,0,60,0,0,2,1,1,0,0
0,1,15,0,1,1403,0,0,2,1,0,4,0,28,0,1,1,0,1,0,0
1,1,24,0,0,1282,2,0,4,1,0,2,0,32,0,0,1,1,1,0,0
0,0,24,1,0,2424,1,1,4,0,0,4,2,53,0,0,2,0,1,0,0
0,1,30,4,4,8072,1,3,2,0,0,3,0,25,1,0,3,0,1,0,0
1,2,24,0,3,12579,0,1,4,1,0,2,3,44,0,2,1,2,1,1,0
0,0,24,0,0,3430,3,1,3,0,0,2,0,31,0,0,1,0,2,1,0
0,0,9,1,1,2134,0,0,4,0,0,4,0,48,0,0,3,0,1,1,0
0,1,6,0,0,2647,3,0,2,0,0,3,1,44,0,1,1,0,2,0,0
0,1,10,1,1,2241,0,3,1,0,0,3,1,48,0,1,2,1,2,0,1
0,2,12,1,3,1804,2,3,3,0,0,4,2,44,0,0,1,0,1,0,0
0,0,10,1,2,2069,1,0,2,2,0,1,0,26,0,0,2,0,1,0,1
0,1,6,0,2,1374,0,0,1,0,0,2,1,36,1,0,1,1,1,1,0
0,0,6,4,0,426,0,1,4,2,0,4,0,39,0,0,1,1,1,0,0
0,3,12,3,0,409,4,0,3,1,0,3,1,42,0,1,2,0,1,0,0
0,2,7,0,0,2415,0,0,3,0,1,2,1,34,0,0,1,0,1,0,0
1,1,60,2,4,6836,0,1,3,0,0,4,3,63,0,0,2,0,1,1,0
0,2,18,0,4,1913,4,3,3,2,0,3,1,36,1,0,1,0,1,1,0
0,1,24,0,2,4020,0,0,2,0,0,2,0,27,2,0,1,0,1,0,0
0,2,18,0,1,5866,2,0,2,0,0,2,0,30,0,0,2,0,1,1,0
0,0,12,1,4,1264,1,1,4,0,0,4,3,57,0,1,1,1,1,0,0
0,3,12,0,2,1474,0,3,4,1,0,1,2,33,1,0,1,2,1,1,0
1,2,45,1,0,4746,0,3,4,0,0,2,2,25,0,0,2,1,1,0,0
0,0,48,1,6,6110,0,0,1,0,0,3,3,31,1,2,1,0,1,1,0
1,3,18,0,0,2100,0,0,4,0,2,2,1,37,2,0,1,0,1,0,0
0,3,10,0,8,1225,0,0,2,0,0,2,0,37,0,0,1,0,1,1,0
0,2,9,0,0,458,0,0,4,0,0,3,1,24,0,0,1,0,1,0,0
0,0,30,0,0,2333,3,1,4,0,0,2,0,30,1,0,1,2,1,0,0
0,2,12,0,0,1158,3,0,3,3,0,1,0,26,0,0,1,0,1,1,0
0,2,18,2,7,6204,0,0,2,0,0,4,1,44,0,0,1,1,2,1,0
0,1,30,1,3,6187,2,2,1,2,0,4,0,24,0,1,2,0,1,0,0
1,1,48,1,3,6143,0,1,4,1,0,4,3,58,2,2,2,1,1,0,0
0,0,11,1,1,1393,0,3,4,1,0,4,0,35,0,0,2,2,1,0,0
0,0,36,0,0,2299,3,1,4,0,0,4,0,39,0,0,1,0,1,0,0
0,1,6,0,3,1352,3,4,1,1,0,2,2,23,0,1,1,3,1,1,0
0,0,11,1,1,7228,0,0,1,0,0,4,2,39,0,0,2,1,1,0,0
0,0,12,0,0,2073,2,0,4,1,2,2,1,28,0,0,1,0,1,0,0
0,2,24,2,2,2333,1,3,4,0,0,2,2,29,1,0,1,1,1,0,0
0,2,27,2,3,5965,0,1,1,0,0,2,0,30,0,0,2,2,1,1,0
0,0,12,0,0,1262,0,0,3,0,0,2,0,25,0,0,1,0,1,0,0
0,0,18,0,3,3378,1,0,2,0,0,1,2,31,0,0,1,0,1,1,0
1,2,36,2,1,2225,0,1,4,0,0,4,3,57,1,2,2,0,1,1,0
0,0,6,3,1,783,1,0,1,0,1,2,1,26,2,0,1,1,2,0,0
1,2,12,0,0,6468,1,4,2,0,0,1,3,52,0,0,1,2,1,1,0
0,0,36,1,0,9566,0,0,2,1,0,2,0,31,2,0,2,0,1,0,0
0,3,18,0,1,1961,0,1,3,1,0,2,0,23,0,0,1,2,1,0,0
1,1,36,1,2,6229,0,3,4,1,2,4,3,23,0,1,2,1,1,1,0
0,2,9,0,4,1391,0,0,2,2,0,1,1,27,1,0,1,0,1,1,0
0,2,15,1,0,1537,1,1,4,0,1,4,1,50,0,0,2,0,1,1,0
1,2,36,4,4,1953,0,1,4,0,0,4,3,61,0,2,1,2,1,1,0
1,2,48,4,4,14421,0,0,2,0,0,2,0,25,0,0,1,0,1,1,0
0,0,24,0,0,3181,0,3,4,1,0,4,2,26,0,0,1,0,1,1,0
0,0,27,0,7,5190,1,1,4,0,0,4,2,48,0,0,4,0,2,1,0
0,0,12,0,0,2171,0,3,2,1,0,2,0,29,1,0,1,0,1,0,0
0,2,12,0,1,1007,4,0,4,2,0,1,1,22,0,0,1,0,1,0,0
1,0,36,0,6,1819,0,0,4,0,0,4,3,37,2,2,1,0,1,1,0
0,0,36,0,0,2394,1,0,4,1,0,4,0,25,0,0,1,0,1,0,0
0,0,36,0,3,8133,0,0,1,1,0,2,2,30,1,0,1,0,1,0,0
0,0,7,1,0,730,1,1,4,0,0,2,2,46,0,1,2,1,1,1,0
0,1,8,1,9,1164,0,1,3,0,0,4,3,51,1,2,2,2,2,1,0
0,2,42,1,4,5954,0,2,2,1,0,1,1,41,1,0,2,1,1,0,0
1,1,36,0,6,1977,1,1,4,0,0,4,3,40,0,0,1,2,1,1,0
0,1,12,1,3,1526,0,1,4,0,0,4,3,66,0,2,2,2,1,0,0
1,1,42,0,0,3965,0,3,4,0,0,3,0,34,0,0,1,0,1,0,0
0,2,11,2,0,4771,0,2,2,0,0,4,2,51,0,0,1,0,1,0,0
0,0,54,4,3,9436,1,0,2,0,0,2,2,39,0,0,1,1,2,0,0
0,2,30,0,2,3832,0,3,2,2,0,1,2,22,0,0,1,0,1,0,0
1,0,24,0,0,5943,1,3,1,1,0,1,0,44,0,0,2,0,1,1,0
0,0,15,0,0,1213,3,1,4,0,0,3,2,47,2,0,1,0,1,1,0
0,0,18,0,4,1568,2,0,3,1,0,4,2,24,0,1,1,1,1,0,0
0,1,24,0,9,1755,0,1,4,1,1,4,1,58,0,0,1,1,1,1,0
0,1,10,0,0,2315,0,1,3,0,0,4,1,52,0,0,1,1,1,0,0
0,0,12,1,4,1412,0,0,4,1,1,2,1,29,0,0,2,2,1,1,0
0,2,18,1,2,1295,0,3,4,1,0,1,2,27,0,0,2,0,1,0,0
1,2,36,0,6,12612,2,0,1,0,0,4,3,47,0,2,1,0,2,1,0
0,1,18,0,1,2249,2,2,4,0,0,3,0,30,0,0,1,2,2,1,0
1,1,12,4,7,1108,0,2,4,0,0,3,1,28,0,0,2,0,1,0,0
0,0,12,1,0,618,0,1,4,0,0,4,1,56,0,0,1,0,1,0,0
0,1,12,1,3,1409,0,1,4,0,0,3,1,54,0,0,1,0,1,0,0
1,0,12,1,0,797,1,1,4,1,0,3,2,33,1,0,1,1,2,0,0
0,3,24,1,2,3617,1,1,4,0,2,4,3,20,0,1,2,0,1,0,0
0,2,12,0,1,1318,4,1,4,0,0,4,1,54,0,0,1,0,1,1,0
1,2,54,4,4,15945,0,3,3,0,0,4,3,58,0,1,1,0,1,1,0
0,0,12,1,6,2012,1,2,4,1,0,2,0,61,0,0,1,0,1,0,0
0,2,18,0,4,2622,2,0,4,0,0,4,0,34,0,0,1,0,1,0,0
0,2,36,1,0,2337,0,1,4,0,0,4,1,36,0,0,1,0,1,0,0
0,2,20,2,3,7057,1,2,3,0,0,4,2,36,1,1,2,2,2,1,0
0,0,24,0,1,1469,2,1,4,2,0,4,1,41,0,1,1,1,1,0,0
0,2,36,0,0,2323,0,2,4,0,0,4,0,24,0,1,1,0,1,0,0
0,0,6,2,0,932,0,0,3,1,0,2,1,24,0,0,1,0,1,0,0
0,2,9,1,2,1919,0,2,4,0,0,3,0,35,0,1,1,0,1,1,0
0,0,12,0,3,2445,1,3,2,2,0,4,0,26,0,1,1,0,1,1,0
1,2,24,1,9,11938,0,0,2,0,2,3,0,39,0,0,2,2,2,1,0
1,0,18,3,1,6458,0,1,2,0,0,4,3,39,1,0,2,2,2,1,0
0,2,12,0,1,6078,0,2,2,0,0,2,0,32,0,0,1,0,1,0,0
0,1,24,0,2,7721,1,3,1,1,0,2,2,30,0,0,1,0,1,1,1
0,2,14,0,4,1410,3,1,1,2,0,2,1,35,0,0,1,0,1,1,0
0,2,6,2,4,1449,2,1,1,3,0,2,0,31,1,0,2,0,2,0,0
0,3,15,0,6,392,0,3,4,1,0,4,2,23,0,1,1,0,1,1,0
0,2,18,0,1,6260,0,2,3,0,0,3,1,28,0,1,1,1,1,0,0
1,0,36,1,1,7855,0,0,4,1,0,2,1,25,2,0,2,0,1,1,0
0,1,12,0,0,1680,3,1,3,2,0,1,1,35,0,0,1,0,1,0,0
0,0,48,1,0,3578,1,1,4,0,0,1,1,47,0,0,1,0,1,1,0
1,1,42,0,0,7174,1,2,4,1,0,3,0,30,0,0,1,2,1,1,0
0,1,10,1,2,2132,1,3,2,1,2,3,1,27,0,1,2,0,1,0,1
1,1,33,1,2,4281,3,0,1,1,0,4,0,23,0,0,2,0,1,0,0
0,2,12,1,1,2366,3,2,3,3,0,3,0,36,0,0,1,2,1,1,0
1,1,21,0,0,1835,0,0,3,1,0,2,1,25,0,0,2,0,1,1,0
0,0,24,1,3,3868,0,1,4,1,0,2,0,41,0,1,2,2,1,1,0
0,0,12,0,2,1768,0,0,3,0,0,2,1,24,0,1,1,1,1,0,0
0,3,10,1,1,781,0,1,4,0,0,4,3,63,0,2,2,0,1,1,0
1,2,18,0,2,1924,1,3,4,1,0,3,1,27,0,1,1,0,1,0,0
0,1,12,1,1,2121,0,0,4,0,0,2,2,30,0,0,2,0,1,0,0
0,1,12,0,0,701,0,0,4,2,0,2,1,40,0,0,1,1,1,0,0
1,2,12,0,7,639,0,0,4,0,0,2,0,30,0,0,1,0,1,0,0
0,2,12,1,3,1860,0,4,4,0,0,2,0,34,0,0,2,2,1,1,0
1,1,12,1,1,3499,0,0,3,1,2,2,1,29,0,0,2,0,1,0,0
0,2,48,0,1,8487,1,2,1,1,0,2,0,24,0,0,1,0,1,0,0
1,1,36,2,6,6887,0,0,4,0,0,3,2,29,2,0,1,0,1,1,0
0,0,15,0,2,2708,0,3,2,0,0,3,2,27,1,0,2,1,1,0,0
0,0,18,0,2,1984,0,0,4,0,0,4,3,47,1,2,2,0,1,0,0
0,0,60,0,0,10144,2,2,2,1,0,4,1,21,0,0,1,0,1,1,0
0,0,12,1,0,1240,1,1,4,1,0,2,1,38,0,0,2,0,1,1,0
0,0,27,2,3,8613,4,0,2,0,0,2,0,27,0,0,2,0,1,0,0
1,2,12,0,0,766,3,0,4,0,0,3,1,66,0,0,1,1,1,0,0
0,2,15,1,0,2728,1,2,4,0,1,2,1,35,1,0,3,0,1,1,0
0,3,12,0,0,1881,0,0,2,1,0,2,0,44,0,1,1,1,1,1,0
0,3,6,0,1,709,4,3,2,2,0,2,1,27,0,0,1,3,1,0,1
0,2,36,0,0,4795,0,3,4,1,0,1,3,30,0,0,1,2,1,1,0
0,1,27,0,0,3416,0,0,3,0,0,2,0,27,0,0,1,2,1,0,0
1,1,18,0,2,2462,0,0,2,0,0,2,0,22,0,0,1,0,1,0,0
0,0,21,1,2,2288,0,3,4,1,0,4,2,23,0,0,1,0,1,1,0
0,2,48,3,4,3566,2,2,4,0,0,2,0,30,0,0,1,0,1,0,0
0,1,6,1,1,860,0,1,1,1,0,4,3,39,0,0,2,0,1,1,0
0,0,12,1,1,682,2,2,4,1,0,3,0,51,0,0,2,0,1,1,0
0,1,36,1,2,5371,0,0,3,0,1,2,2,28,0,0,2,0,1,0,0
0,0,18,1,0,1582,4,1,4,0,0,4,0,46,0,0,2,0,1,0,0
0,0,6,0,0,1346,2,1,2,0,0,4,3,42,1,2,1,0,2,1,0
0,0,10,0,0,1924,0,0,1,0,0,4,2,38,0,0,1,0,1,1,1
0,3,36,0,0,5848,0,0,4,0,0,1,0,24,0,0,1,0,1,0,0
0,2,24,1,3,7758,4,1,2,1,0,4,3,29,0,1,1,0,1,0,0
0,2,24,2,4,6967,2,2,4,0,0,4,0,36,0,1,1,2,1,1,0
1,1,12,0,2,1282,0,0,2,1,0,4,0,20,0,1,1,0,1,0,0
0,1,9,1,7,1288,2,1,3,0,1,4,1,48,0,0,2,0,2,0,1
0,1,12,3,10,339,0,1,4,2,0,1,0,45,1,0,1,1,1,0,0
0,2,24,0,1,3512,2,2,2,0,0,3,0,38,1,0,2,0,1,1,0
0,0,6,1,0,1898,1,0,1,0,0,2,1,34,0,0,2,1,2,0,0
0,0,24,1,0,2872,2,1,3,0,0,4,1,36,0,0,1,0,2,1,0
0,0,18,1,1,1055,0,3,4,1,0,1,2,30,0,0,2,0,1,0,0
0,0,15,0,8,1262,3,2,4,0,0,3,2,36,0,0,2,0,1,1,0
0,2,10,0,1,7308,0,4,2,0,0,4,3,70,1,2,1,2,1,1,0
0,0,36,0,1,909,3,1,4,0,0,4,2,36,0,0,1,0,1,0,0
0,0,6,0,2,2978,3,0,1,0,0,2,0,32,0,0,1,0,1,1,0
1,1,18,0,2,1131,0,4,4,1,0,2,0,33,0,0,1,0,1,0,0
0,2,11,0,2,1577,4,3,4,1,0,1,1,20,0,0,1,0,1,0,0
0,0,24,0,2,3972,0,2,2,1,0,4,2,25,0,1,1,0,1,1,0
1,2,24,1,4,1935,0,1,4,3,0,4,1,31,0,0,2,0,1,1,0
1,1,15,4,1,950,0,1,4,0,0,3,0,33,0,1,2,0,2,0,0
0,0,12,0,2,763,0,0,4,1,0,1,1,26,0,0,1,0,1,1,0
1,2,24,2,2,2064,0,4,3,1,0,2,2,34,0,0,1,2,1,1,0
0,2,8,0,0,1414,0,0,4,0,1,2,1,33,0,0,1,0,1,0,1
1,1,21,2,6,3414,0,3,2,0,0,1,2,26,0,0,2,0,1,0,0
1,0,30,3,3,7485,1,4,4,1,0,1,1,53,1,0,1,2,1,1,0
0,1,12,0,2,2577,0,0,2,3,0,1,0,42,0,0,1,0,1,0,0
0,1,6,1,0,338,3,1,4,0,0,4,0,52,0,0,2,0,1,0,0
0,0,12,0,0,1963,0,2,4,0,0,2,0,31,0,1,2,2,2,1,0
0,1,21,1,1,571,0,1,4,0,0,4,1,65,0,0,2,0,1,0,0
1,0,36,2,4,9572,0,3,1,3,0,1,0,28,0,0,2,0,1,0,0
1,2,36,2,4,4455,0,0,2,3,0,2,1,30,2,0,2,2,1,1,0
1,1,21,3,1,1647,1,0,4,0,0,2,2,40,0,0,2,1,2,0,0
0,0,24,1,2,3777,4,0,4,0,0,4,1,50,0,0,1,0,1,1,0
1,2,18,1,1,884,0,1,4,0,0,4,0,36,1,0,1,0,2,1,0
0,0,15,1,0,1360,0,0,4,0,0,2,2,31,0,0,2,0,1,0,0
1,2,9,3,3,5129,0,1,2,1,0,4,3,74,1,2,1,2,2,1,0
0,2,16,1,1,1175,0,4,2,0,0,3,0,68,0,2,3,3,1,1,0
1,1,12,0,0,674,2,2,4,2,0,1,2,20,0,0,1,0,1,0,0
0,2,18,4,2,3244,0,0,1,1,0,4,0,33,1,0,2,0,1,1,0
1,0,24,0,4,4591,4,0,2,0,0,3,2,54,0,0,3,2,1,1,0
1,2,48,4,4,3844,2,2,4,0,0,4,3,34,0,2,1,1,2,0,0
1,2,27,0,4,3915,0,0,4,0,0,2,0,36,0,0,1,0,2,1,0
0,0,6,0,0,2108,0,2,2,2,0,2,1,29,0,1,1,0,1,0,0
1,2,45,0,0,3031,2,0,4,0,1,4,2,21,0,1,1,0,1,0,0
1,2,9,1,6,1501,0,1,2,1,0,3,0,34,0,0,2,2,1,1,0
0,0,6,1,0,1382,0,0,1,1,0,1,0,28,0,0,2,0,1,1,0
1,2,12,0,2,951,2,3,4,1,0,4,0,27,1,1,4,0,1,0,0
0,2,24,0,3,2760,1,1,4,0,0,4,3,36,1,2,1,0,1,1,0
1,2,18,2,2,4297,0,1,4,3,0,3,3,40,0,0,1,2,1,1,0
0,0,9,1,6,936,3,1,4,0,0,2,0,52,0,0,2,0,1,1,0
0,1,12,0,1,1168,0,0,4,2,0,3,1,27,0,0,1,1,1,0,0
0,0,27,2,4,5117,0,2,3,0,0,4,0,26,0,0,2,0,1,0,0
1,1,12,0,10,902,0,2,4,2,0,4,2,21,0,1,1,0,1,0,0
0,0,12,1,1,1495,0,1,4,0,0,1,1,38,0,0,2,1,2,0,0
0,1,30,1,3,10623,0,1,3,0,0,4,3,38,0,2,3,2,2,1,0
0,0,12,1,2,1935,0,1,4,0,0,4,1,43,0,0,3,0,1,1,0
0,2,12,1,8,1424,0,2,4,0,0,3,2,26,0,0,1,0,1,0,0
0,1,24,0,4,6568,0,0,2,2,0,2,0,21,2,0,1,1,1,0,0
0,0,12,0,3,1413,4,2,3,0,0,2,2,55,0,0,1,0,1,0,1
0,0,9,1,0,3074,1,0,1,0,0,2,1,33,0,0,2,0,2,0,0
0,0,36,0,0,3835,1,1,2,1,0,4,1,45,0,0,1,1,1,1,0
1,1,27,4,4,5293,0,4,2,0,0,4,2,50,2,0,2,0,1,1,0
1,3,30,2,4,1908,0,1,4,0,0,4,1,66,0,0,1,2,1,1,0
0,0,36,1,0,3342,1,1,4,0,0,2,0,51,0,0,1,0,1,1,0
0,2,6,1,10,932,1,2,1,1,0,3,2,39,0,0,2,1,1,0,0
0,1,18,4,4,3104,0,2,3,0,0,1,2,31,1,0,1,0,1,1,0
0,3,36,0,0,3913,0,0,2,0,0,2,1,23,0,0,1,0,1,1,0
0,1,24,0,2,3021,0,0,2,3,0,2,1,24,0,1,1,1,1,0,0
0,0,10,0,1,1364,0,0,2,1,0,4,0,64,0,0,1,0,1,1,0
0,2,12,0,0,625,0,3,4,2,1,1,1,26,1,0,1,1,1,0,0
0,1,12,0,6,1200,1,0,4,1,0,4,2,23,1,1,1,0,1,1,0
0,0,12,0,0,707,0,0,4,0,0,2,1,30,1,0,2,0,1,0,0
0,0,24,2,4,2978,1,0,4,0,0,4,1,32,0,0,2,0,2,1,0
0,0,15,0,3,4657,0,0,3,0,0,2,0,30,0,0,1,0,1,1,0
0,0,36,4,7,2613,0,0,4,0,0,2,0,27,0,0,2,0,1,0,0
1,2,48,0,0,10961,4,2,1,0,2,2,3,27,1,0,2,0,1,1,0
1,1,12,0,2,7865,0,1,4,0,0,4,3,53,0,2,1,2,1,1,0
1,0,9,0,0,1478,0,2,4,0,0,2,0,22,0,0,1,0,1,0,0
0,1,24,0,2,3149,0,3,4,0,0,1,3,22,1,2,1,0,1,0,0
1,3,36,0,0,4210,0,0,4,0,0,2,0,26,0,0,1,0,1,0,0
0,0,9,0,1,2507,3,1,2,0,0,4,3,51,0,2,1,1,1,0,0
0,0,12,0,0,2141,2,2,3,0,0,1,3,35,0,0,1,0,1,0,0
0,2,18,0,0,866,0,0,4,2,1,2,1,25,0,0,1,1,1,0,0
0,0,4,1,0,1544,0,2,2,0,0,1,1,42,0,0,3,1,2,0,0
1,1,24,0,0,1823,0,4,4,0,0,2,0,30,2,0,1,2,2,0,0
1,2,6,0,1,14555,1,4,1,0,0,2,2,23,0,0,1,3,1,1,0
1,2,21,0,4,2767,2,1,4,3,0,2,0,61,1,1,2,1,1,0,0
0,0,12,1,0,1291,0,0,4,1,0,2,2,35,0,0,2,0,1,0,0
0,1,30,0,0,2522,0,1,1,0,1,3,2,39,0,0,1,0,2,0,0
1,1,24,0,1,915,1,1,4,1,0,2,0,29,1,0,1,0,1,0,0
0,0,6,0,0,1595,0,2,3,0,0,2,2,51,0,0,1,0,2,0,0
1,1,48,4,3,4605,0,1,3,0,0,4,3,24,0,2,2,0,2,0,0
0,0,12,1,4,1185,0,0,3,1,0,2,1,27,0,0,2,0,1,0,0
0,0,12,3,10,3447,3,0,4,1,0,3,1,35,0,0,1,1,2,0,0
0,0,24,0,4,1258,0,2,4,0,0,1,1,25,0,0,1,0,1,1,0
0,0,12,1,0,717,0,1,4,0,0,4,1,52,0,0,3,0,1,0,0
0,0,6,4,1,1204,2,0,4,0,0,1,3,35,1,1,1,0,1,0,1
0,3,24,0,2,1925,0,0,2,0,0,2,1,26,0,0,1,0,1,0,0
1,0,18,0,0,433,0,4,3,1,2,4,1,22,0,1,1,0,1,0,0
0,1,6,1,1,666,4,2,3,1,0,4,1,39,0,0,2,1,1,1,0
0,3,12,0,2,2251,0,0,1,1,0,2,0,46,0,0,1,1,1,0,0
1,2,30,0,1,2150,0,0,4,1,1,2,3,24,1,0,1,0,1,0,0
0,0,24,2,2,4151,2,0,2,0,0,3,2,35,0,0,2,0,1,0,0
0,2,9,0,2,2030,1,2,2,0,0,1,0,24,0,0,1,0,1,1,0
0,2,60,2,0,7418,1,0,1,0,0,1,1,27,0,0,1,1,1,0,0
0,0,24,1,0,2684,0,0,4,0,0,2,1,35,0,0,2,1,1,0,0
1,1,12,3,0,2149,0,0,4,3,0,1,3,29,0,2,1,0,1,0,0
0,0,15,0,3,3812,2,3,1,1,0,4,0,23,0,0,1,0,1,1,0
0,0,11,1,0,1154,2,4,4,1,0,4,1,57,0,0,3,1,1,0,0
0,1,12,0,2,1657,0,0,2,0,0,2,1,27,0,0,1,0,1,0,0
0,1,24,0,0,1603,0,1,4,1,0,4,0,55,0,0,1,0,1,0,0
0,1,18,1,1,5302,0,1,2,0,0,4,3,36,0,2,3,2,1,1,0
0,0,12,1,6,2748,0,1,2,1,0,4,3,57,1,2,3,1,1,0,0
0,0,10,1,1,1231,0,1,3,0,0,4,1,32,0,0,2,1,2,0,1
1,2,15,0,0,802,0,1,4,0,0,3,0,37,0,0,1,0,2,0,0
0,0,36,1,4,6304,1,1,4,0,0,4,1,36,0,0,2,0,1,0,0
0,0,24,0,0,1533,0,3,4,1,0,3,0,38,2,0,1,0,1,1,0
1,1,14,0,1,8978,0,1,1,3,0,4,2,45,0,0,1,2,1,1,1
0,0,24,0,0,999,1,1,4,0,0,2,0,25,0,0,2,0,1,0,0
0,0,18,0,1,2662,1,2,4,0,0,3,2,32,0,0,1,0,1,0,1
0,0,12,1,2,1402,3,2,3,1,0,4,0,37,0,1,1,0,1,1,0
0,2,48,3,1,12169,1,4,4,0,2,4,3,36,0,2,1,2,1,1,0
1,2,48,0,0,3060,0,2,4,0,0,4,1,28,0,0,2,0,1,0,0
1,1,30,0,7,11998,0,3,1,3,0,1,3,34,0,0,1,1,1,1,0
0,0,9,0,0,2697,0,0,1,0,0,2,1,32,0,0,1,0,2,0,0
0,0,18,1,0,2404,0,0,2,1,0,2,0,26,0,0,2,0,1,0,0
0,1,12,0,2,1262,1,1,2,3,0,4,2,49,0,0,1,1,1,1,0
1,0,6,0,2,4611,0,3,1,1,0,4,2,32,0,0,1,0,1,0,0
0,0,24,0,0,1901,2,0,4,0,0,4,0,29,0,1,1,2,1,1,0
0,0,15,1,3,3368,4,1,3,0,0,4,3,23,0,1,2,0,1,1,0
0,0,12,0,2,1574,0,0,4,0,0,2,1,50,0,0,1,0,1,0,0
0,3,18,3,0,1445,1,2,4,0,0,4,0,49,1,0,1,1,1,0,0
0,0,15,1,2,1520,1,1,4,0,0,4,2,63,0,0,1,0,1,0,0
0,2,24,1,1,3878,2,3,4,3,0,2,0,37,0,0,1,0,1,1,0
0,1,47,0,1,10722,0,3,1,1,0,1,1,35,0,0,1,1,1,1,0
0,1,48,0,3,4788,0,2,4,0,0,3,2,26,0,0,1,0,2,0,0
0,2,48,2,9,7582,2,4,2,0,0,4,3,31,0,2,1,2,1,1,0
0,2,12,0,0,1092,0,0,4,1,1,4,1,49,0,0,2,0,1,1,0
1,1,24,2,0,1024,0,3,4,2,0,4,1,48,2,0,1,0,1,0,0
0,0,12,0,4,1076,0,0,2,2,0,2,1,26,0,0,1,0,1,1,1
1,2,36,0,3,9398,0,3,1,2,0,4,0,28,0,1,1,2,1,1,0
0,1,24,1,3,6419,0,1,2,1,0,4,3,44,0,2,2,2,2,1,0
0,3,42,1,3,4796,0,1,4,0,0,4,3,56,0,2,1,0,1,0,0
0,0,48,1,4,7629,1,1,4,3,0,2,0,46,1,0,2,2,2,0,0
1,2,48,0,2,9960,0,3,1,1,0,2,0,26,0,0,1,0,1,1,0
0,0,12,0,3,4675,1,3,1,1,0,4,0,20,0,1,1,0,1,0,0
0,0,10,0,1,1287,1,1,4,0,2,2,2,45,0,0,1,1,1,0,1
0,0,18,0,2,2515,0,0,3,0,0,4,1,43,0,0,1,0,1,1,0
0,2,21,1,2,2745,4,2,3,0,0,2,0,32,0,0,2,0,1,1,0
0,0,6,0,1,672,0,4,1,1,0,4,1,54,0,0,1,3,1,1,0
1,2,36,4,0,3804,0,0,4,1,0,1,0,42,0,0,1,0,1,1,0
1,3,24,1,1,1344,1,2,4,0,0,2,1,37,1,0,2,1,2,0,0
0,1,10,1,1,1038,0,2,4,0,2,3,2,49,0,0,2,0,1,1,0
1,0,48,1,1,10127,3,0,2,0,0,2,3,44,1,2,1,0,1,0,0
0,0,6,0,2,1543,4,0,4,3,0,2,1,33,0,0,1,0,1,0,0
0,0,30,0,3,4811,1,2,2,1,0,4,2,24,2,1,1,1,1,0,0
1,1,12,0,0,727,2,3,4,2,0,3,3,33,0,0,1,1,1,1,0
1,2,8,0,2,1237,0,0,3,1,0,4,1,24,0,0,1,0,1,0,0
0,2,9,0,1,276,0,0,4,2,0,4,1,22,0,1,1,1,1,0,0
0,2,48,0,9,5381,1,4,3,0,0,4,3,40,1,2,1,3,1,1,0
0,0,24,0,2,5511,2,0,4,0,0,1,0,25,2,0,1,0,1,0,0
0,3,24,0,2,3749,0,3,2,1,0,4,0,26,0,0,1,0,1,0,0
1,2,12,0,1,685,0,2,2,2,0,3,0,25,1,0,1,1,1,0,0
0,3,4,0,1,1494,1,3,1,0,0,2,1,29,0,0,1,1,2,0,1
1,1,36,3,2,2746,0,1,4,0,0,4,0,31,1,0,1,0,1,0,0
0,1,12,0,2,708,0,0,2,0,1,3,2,38,0,0,1,1,2,0,0
0,2,24,0,2,4351,1,0,1,1,0,4,2,48,0,0,1,1,1,1,0
0,0,12,1,6,701,0,0,4,0,0,2,0,32,0,0,2,0,1,0,0
0,1,15,2,2,3643,0,1,1,1,0,4,2,27,0,0,2,1,1,0,0
1,2,30,1,1,4249,0,4,4,2,0,2,0,28,0,0,2,2,1,0,0
1,1,24,0,0,1938,0,3,4,3,0,3,2,32,0,0,1,0,1,0,0
0,1,24,0,3,2910,0,2,2,0,0,1,3,34,0,2,1,2,1,1,0
0,1,18,0,2,2659,4,0,4,0,0,2,0,28,0,0,1,0,1,0,0
0,0,18,1,1,1028,0,0,4,1,0,3,1,36,0,0,2,0,1,0,0
0,1,8,1,1,3398,0,2,1,0,0,4,1,39,0,0,2,1,1,0,1
0,0,12,1,2,5801,1,1,2,0,0,4,2,49,0,1,1,0,1,1,0
0,0,24,0,1,1525,4,2,4,1,0,3,0,34,0,0,1,0,2,1,0
0,3,36,0,0,4473,0,1,4,0,0,2,0,31,0,0,1,0,1,0,0
0,2,6,0,0,1068,0,1,4,0,0,4,0,28,0,0,1,0,2,0,0
0,1,24,1,3,6615,0,4,2,0,0,4,3,75,0,2,2,2,1,1,0
1,0,18,1,6,1864,2,0,4,1,0,2,1,30,0,0,2,0,1,0,0
1,2,60,0,1,7408,2,3,4,1,0,2,2,24,0,0,1,2,1,0,0
1,0,48,1,3,11590,2,0,2,1,0,4,0,24,1,1,2,1,1,0,0
1,1,24,4,2,4110,0,1,3,0,0,4,3,23,1,1,2,0,2,0,0
1,1,6,1,2,3384,0,0,1,3,0,4,1,44,0,1,1,2,1,1,0
0,2,13,0,0,2101,0,3,2,1,1,4,2,23,0,0,1,1,1,0,0
1,1,15,0,8,1275,1,0,4,1,0,2,0,24,0,1,1,0,1,0,0
0,1,24,0,2,4169,0,0,4,0,0,4,2,28,0,0,1,0,1,0,0
0,2,10,0,2,1521,0,0,4,3,0,2,0,31,0,0,1,1,1,0,0
0,2,24,1,6,5743,0,3,2,1,0,4,3,24,0,2,2,0,1,1,0
0,1,21,0,2,3599,0,2,1,1,0,4,0,26,0,1,1,1,1,0,0
0,2,18,0,0,3213,3,3,1,2,0,3,1,25,0,1,1,0,1,0,0
0,2,18,0,4,4439,0,1,1,0,2,1,1,33,1,0,1,2,1,1,0
0,3,10,0,1,3949,0,3,1,0,1,1,2,37,0,0,1,1,2,0,0
0,0,15,1,0,1459,0,0,4,1,0,2,0,43,0,0,1,1,1,0,0
0,2,13,1,0,882,0,3,4,0,1,4,1,23,0,0,2,0,1,0,0
0,2,24,0,0,3758,3,4,1,1,0,4,3,23,0,1,1,3,1,0,0
0,0,6,2,4,1743,2,0,1,0,0,2,1,34,0,0,2,1,1,0,0
1,2,9,1,6,1136,4,1,4,0,0,3,3,32,0,2,2,0,2,0,0
0,0,9,0,8,1236,0,3,1,1,0,4,1,23,0,1,1,0,1,1,0
1,2,9,0,2,959,0,0,1,1,0,2,0,29,0,0,1,0,1,0,1
0,0,18,1,3,3229,1,4,2,0,0,4,3,38,0,0,1,2,1,1,0
1,1,12,4,0,6199,0,0,4,0,0,2,2,28,0,1,2,0,1,1,0
0,0,10,0,6,727,3,1,4,0,0,4,3,46,0,2,1,0,1,1,0
1,2,24,0,1,1246,0,3,4,0,0,2,1,23,2,0,1,1,1,0,0
0,0,12,1,0,2331,1,1,1,0,2,4,1,49,0,0,1,0,1,1,0
1,0,36,2,0,4463,0,0,4,0,0,2,0,26,0,0,2,2,1,1,0
0,0,12,0,0,776,0,0,4,2,0,2,1,28,0,0,1,0,1,0,0
1,1,30,0,2,2406,0,2,4,1,0,4,1,23,0,1,1,0,1,0,0
0,2,18,0,6,1239,1,0,4,0,0,4,3,61,0,2,1,0,1,0,0
0,3,12,0,0,3399,1,1,2,0,0,3,0,37,0,0,1,2,1,0,0
0,3,12,2,1,2247,0,0,2,1,0,2,0,36,2,0,2,0,1,1,0
0,0,6,0,2,1766,0,0,1,2,0,2,2,21,0,1,1,0,1,0,0
1,1,18,0,2,2473,0,4,4,0,0,1,0,25,0,0,1,3,1,0,0
0,0,12,0,4,1542,0,2,2,0,0,4,0,36,0,0,1,0,1,1,0
0,0,18,1,3,3850,0,2,3,0,0,1,0,27,0,0,2,0,1,0,0
0,1,18,0,2,3650,0,3,1,1,0,4,0,22,0,1,1,0,1,0,0
1,1,36,0,2,3446,0,1,4,0,0,2,0,42,0,0,1,0,2,0,0
0,2,18,0,2,3001,0,2,2,1,0,4,1,40,0,1,1,0,1,0,0
0,0,36,0,1,3079,1,0,4,0,0,4,1,36,0,0,1,0,1,0,0
0,0,18,1,0,6070,0,1,3,0,0,4,0,33,0,0,2,0,1,1,0
0,0,10,1,2,2146,0,3,1,1,0,3,1,23,0,1,2,0,1,0,0
0,0,60,1,1,13756,1,1,2,0,0,4,3,63,1,2,1,2,1,1,0
1,2,60,3,9,14782,2,1,3,1,0,4,3,60,1,2,2,2,1,1,0
1,1,48,3,4,7685,0,2,2,1,1,4,0,37,0,1,1,0,1,0,0
0,0,18,2,0,2320,0,4,2,2,0,3,1,34,0,0,2,0,1,0,0
0,0,7,2,0,846,1,1,3,0,0,4,3,36,0,2,1,0,1,0,0
1,2,36,0,1,14318,0,1,4,0,0,2,3,57,0,2,1,2,1,1,0
0,0,6,1,1,362,2,0,4,1,0,4,0,52,0,0,2,1,1,0,0
0,1,20,0,2,2212,1,2,4,0,0,4,0,39,0,0,1,0,1,1,0
1,2,18,0,3,12976,0,4,3,1,0,4,3,38,0,2,1,2,1,1,0
0,0,22,0,1,1283,1,2,4,1,0,4,2,25,0,1,1,0,1,0,0
0,3,12,0,1,1330,0,3,4,0,0,1,1,26,0,0,1,0,1,0,0
0,0,30,2,4,4272,2,0,2,0,0,2,2,26,0,0,2,1,1,0,0
0,0,18,1,0,2238,0,0,2,1,0,1,0,25,0,0,2,0,1,0,0
0,0,18,0,0,1126,1,3,4,1,0,2,1,21,0,1,1,0,1,1,0
0,2,18,1,2,7374,0,4,4,0,0,4,2,40,2,0,2,2,1,1,0
0,2,15,1,4,2326,3,0,2,0,0,4,0,27,1,0,1,0,1,0,0
0,0,9,0,4,1449,0,2,3,1,0,2,0,27,0,0,2,0,1,0,0
0,0,18,0,1,1820,0,0,2,2,0,2,2,30,0,0,1,2,1,1,0
0,2,12,0,2,983,4,3,1,1,0,4,1,19,0,1,1,1,1,0,0
0,1,36,0,1,3249,0,2,2,0,0,4,3,39,1,2,1,2,2,1,0
0,1,6,1,0,1957,0,2,1,1,0,4,0,31,0,0,1,0,1,0,0
0,0,9,1,2,2406,0,4,2,0,0,3,0,31,0,0,1,2,1,0,0
0,2,39,2,6,11760,2,2,2,0,0,3,3,32,0,1,1,0,1,1,0
0,1,12,0,2,2578,0,4,3,1,0,4,3,55,0,2,1,2,1,0,0
0,1,36,1,2,2348,0,0,3,2,0,2,2,46,0,0,2,0,1,1,0
1,2,12,0,1,1223,0,1,1,3,0,1,1,46,0,1,2,0,1,0,0
0,0,24,1,0,1516,4,0,4,1,0,1,1,43,0,0,2,1,1,0,0
0,0,18,0,0,1473,0,3,3,2,0,4,1,39,0,0,1,0,1,1,0
0,2,18,1,4,1887,1,0,4,2,0,4,1,28,1,0,2,0,1,0,0
1,0,24,2,4,8648,0,3,2,0,0,2,0,27,1,0,2,0,1,1,0
0,0,14,2,1,802,0,0,4,0,0,2,0,27,0,0,2,1,1,0,0
0,2,18,2,1,2899,1,1,4,0,0,4,0,43,0,0,1,0,2,0,0
1,2,24,0,0,2039,0,3,1,2,0,1,2,22,0,0,1,0,1,1,0
0,0,24,1,3,2197,1,2,4,0,0,4,0,43,0,0,2,0,2,1,0
0,1,15,0,0,1053,0,3,4,2,0,2,1,27,0,0,1,0,1,0,1
0,0,24,0,0,3235,3,1,3,3,0,2,0,26,0,0,1,2,1,1,0
1,3,12,1,1,939,3,2,4,2,0,2,1,28,0,0,3,0,1,1,0
0,2,24,0,0,1967,0,1,4,1,0,4,0,20,0,0,1,0,1,1,0
0,0,33,1,3,7253,0,2,3,0,0,2,0,35,0,0,2,2,1,1,0
1,0,12,1,4,2292,0,4,4,0,0,2,0,42,2,0,2,2,1,1,0
0,0,10,0,1,1597,3,0,3,0,0,2,3,40,0,1,1,1,2,0,1
1,1,24,0,1,1381,1,0,4,1,0,2,2,35,0,0,1,0,1,0,0
0,0,36,1,3,5842,0,1,2,0,0,2,2,35,0,0,2,0,2,1,0
1,1,12,0,1,2579,0,3,4,0,0,1,1,33,0,0,1,1,2,0,0
0,1,18,2,6,8471,1,0,1,1,0,2,0,23,0,1,2,0,1,1,0
0,0,21,0,1,2782,3,2,1,1,0,2,0,31,1,0,1,2,1,0,0
1,2,18,0,1,1042,1,0,4,1,0,2,2,33,0,0,1,0,1,0,0
0,0,15,0,1,3186,4,2,2,1,0,3,0,20,0,1,1,0,1,0,0
0,2,12,0,3,2028,1,0,4,0,0,2,0,30,0,0,1,0,1,0,0
0,2,12,1,1,958,0,2,2,0,0,3,1,47,0,0,2,1,2,0,0
0,0,21,2,2,1591,2,2,4,0,0,3,1,34,0,0,2,2,1,0,0
1,2,12,0,2,2762,1,1,1,1,0,2,2,25,1,0,1,0,1,1,0
0,2,18,0,3,2779,0,0,1,2,0,3,0,21,0,1,1,0,1,1,0
0,0,28,1,0,2743,0,1,4,0,0,2,0,29,0,0,2,0,1,0,0
0,0,18,1,0,1149,4,0,4,0,0,3,1,46,0,0,2,0,1,0,0
0,0,9,0,2,1313,0,1,1,0,0,4,0,20,0,0,1,0,1,0,0
1,1,18,1,7,1190,0,4,2,1,0,4,3,55,0,2,3,3,2,0,0
0,0,5,0,4,3448,0,2,1,0,0,4,1,74,0,0,1,1,1,0,0
1,2,24,0,9,11328,0,0,2,0,2,3,0,29,1,0,2,2,1,1,0
0,1,6,1,2,1872,0,4,4,0,0,4,3,36,0,2,3,2,1,1,0
0,0,24,1,7,2058,0,0,4,3,0,2,1,33,0,0,2,0,1,1,0
0,1,9,0,2,2136,0,0,3,0,0,2,1,25,0,0,1,0,1,0,0
1,2,12,0,0,1484,1,0,2,2,0,1,1,25,0,0,1,0,1,1,0
0,0,6,0,7,660,3,2,2,2,0,4,1,23,0,1,1,1,1,0,0
0,0,24,1,1,1287,4,1,4,1,0,4,1,37,0,0,2,0,1,1,0
0,1,42,1,7,3394,0,4,4,0,2,4,0,65,0,0,2,3,1,0,0
1,3,12,3,4,609,0,3,4,1,0,1,1,26,0,0,1,3,1,0,0
0,0,12,0,1,1884,0,1,4,0,0,4,0,39,0,0,1,2,1,1,0
0,1,12,0,2,1620,0,0,2,1,2,3,2,30,0,0,1,0,1,0,0
0,2,20,2,9,2629,0,0,2,0,0,3,0,29,1,0,2,0,1,1,0
1,0,12,0,6,719,0,1,4,0,0,4,0,41,1,0,1,1,2,0,0
1,2,48,1,2,5096,0,0,2,1,0,3,0,30,0,0,1,2,1,1,0
0,0,9,1,6,1244,1,1,4,1,0,4,2,41,0,1,2,1,1,0,0
1,1,36,0,1,1842,0,3,4,1,0,4,0,34,0,0,1,0,1,1,0
0,2,7,0,0,2576,0,0,2,0,1,2,1,35,0,0,1,0,1,0,0
0,3,12,0,2,1424,1,1,3,1,0,4,1,55,0,0,1,2,1,1,0
1,2,15,2,7,1512,4,0,3,2,0,3,2,61,2,0,2,0,1,0,0
0,0,36,1,3,11054,1,0,4,0,0,2,0,30,0,0,1,2,1,1,0
0,0,6,0,0,518,0,0,3,1,0,1,1,29,0,0,1,0,1,0,0
0,0,12,4,2,2759,0,1,2,0,0,4,2,34,0,0,2,0,1,0,0
0,0,24,0,3,2670,0,1,4,0,0,4,0,35,0,0,1,2,1,1,0
1,1,24,0,1,4817,0,2,2,0,2,3,2,31,0,0,1,0,1,1,0
0,0,24,0,3,2679,0,3,4,1,0,1,3,29,0,0,1,2,1,1,0
0,1,11,1,1,3905,0,0,2,0,0,2,1,36,0,1,2,0,2,0,0
1,1,12,0,3,3386,0,1,3,0,0,4,3,35,0,2,1,0,1,1,0
0,1,6,0,8,343,0,3,4,1,0,1,1,27,0,0,1,0,1,0,0
0,0,18,0,0,4594,0,3,3,0,0,2,0,32,0,0,1,0,1,1,0
0,1,36,0,2,3620,0,0,1,0,1,2,2,37,0,0,1,0,2,0,0
0,1,15,0,1,1721,0,3,2,0,0,3,1,36,0,0,1,0,1,0,0
0,2,12,0,2,3017,0,3,3,1,0,1,1,34,0,1,1,2,1,0,0
0,2,12,0,10,754,1,1,4,0,0,4,2,38,0,0,2,0,1,0,0
0,0,18,0,4,1950,0,2,4,0,0,1,0,34,2,0,2,0,1,1,0
0,1,24,0,3,2924,0,0,3,0,1,4,3,63,1,0,1,0,2,1,0
1,1,24,2,0,1659,0,3,4,1,0,2,0,29,0,1,1,1,1,1,0
0,0,48,2,0,7238,1,1,3,0,0,3,0,32,1,0,2,0,2,0,0
0,0,33,2,4,2764,0,0,2,1,0,2,0,26,0,0,2,0,1,1,0
0,0,24,2,3,4679,0,2,3,0,0,3,0,35,0,0,2,1,1,1,0
1,2,24,0,0,3092,2,3,3,2,0,2,0,22,0,1,1,0,1,1,0
1,1,6,0,6,448,0,3,4,1,0,4,2,23,0,0,1,0,1,0,0
1,1,9,0,1,654,0,0,4,0,0,3,0,28,0,0,1,1,1,0,0
0,0,6,0,10,1238,1,4,4,0,0,4,2,36,0,0,1,2,2,1,0
1,2,18,1,0,1245,0,0,4,2,0,2,0,33,0,0,1,0,1,0,0
1,1,18,4,2,3114,0,3,1,1,0,4,2,26,0,1,1,0,1,0,0
0,0,39,0,3,2569,3,0,4,0,0,4,0,24,0,0,1,0,1,0,0
0,3,24,0,0,5152,0,2,4,0,0,2,0,25,1,0,1,0,1,0,0
0,2,12,0,4,1037,2,2,3,0,0,4,1,39,0,0,1,1,1,0,0
0,1,15,1,2,1478,0,1,4,0,0,4,0,44,0,0,2,0,2,1,0
0,2,12,1,0,3573,0,0,1,1,0,1,1,23,0,0,1,1,1,0,0
0,2,24,0,1,1201,0,3,4,0,0,1,2,26,0,0,1,0,1,0,0
0,1,30,0,2,3622,4,1,4,1,0,4,2,57,0,1,2,0,1,1,0
0,0,15,2,2,960,4,2,3,1,0,2,2,30,0,0,2,0,1,0,0
0,0,12,1,1,1163,3,0,4,0,0,4,1,44,0,0,1,0,1,1,0
1,2,6,2,1,1209,0,4,4,0,0,4,2,47,0,0,1,2,1,1,0
0,0,12,0,0,3077,0,0,2,0,0,4,0,52,0,0,1,0,1,1,0
0,0,24,0,1,3757,0,1,4,1,2,4,3,62,0,2,1,0,1,1,0
0,0,10,0,1,1418,2,0,3,0,0,2,1,35,0,1,1,1,1,0,1
0,0,6,0,1,3518,0,0,2,0,1,3,2,26,0,1,1,0,1,0,0
0,0,12,1,0,1934,0,1,2,0,0,2,3,26,0,0,2,0,1,0,0
1,2,27,4,4,8318,0,1,2,1,0,4,3,42,0,2,2,2,1,1,0
0,0,6,1,0,1237,2,0,1,1,0,1,2,27,0,0,2,0,1,0,0
0,2,6,0,0,368,1,1,4,0,0,4,2,38,0,0,1,0,1,0,0
0,1,12,1,1,2122,0,0,3,0,0,2,1,39,0,1,2,1,2,0,1
1,1,24,0,2,2996,1,0,2,2,0,4,0,20,0,0,1,0,1,0,0
1,2,36,0,2,9034,2,3,4,0,2,1,3,29,0,1,1,2,1,1,0
0,0,24,1,2,1585,0,2,4,0,0,3,2,40,0,0,2,0,1,0,0
0,2,18,0,0,1301,0,1,4,2,1,2,1,32,0,0,1,1,1,0,0
0,3,6,1,1,1323,2,1,2,3,0,4,0,28,0,0,2,0,2,1,0
1,1,24,0,1,3123,0,3,4,1,0,1,2,27,0,0,1,0,1,0,0
0,1,36,0,3,5493,0,1,2,0,0,4,3,42,0,2,1,0,2,0,0
0,3,9,0,0,1126,2,1,2,3,0,4,1,49,0,0,1,0,1,0,0
1,2,24,1,0,1216,2,3,4,0,0,4,3,38,1,0,2,0,2,0,0
1,1,24,0,1,1207,0,3,4,1,0,4,2,24,0,1,1,0,1,0,0
1,0,10,0,1,1309,1,0,4,0,1,4,2,27,0,0,1,1,1,0,0
0,3,15,1,3,2360,3,0,2,0,0,2,0,36,0,0,1,0,1,1,0
1,2,15,3,1,6850,2,4,1,0,0,2,2,34,0,0,1,2,2,1,0
0,0,24,0,0,1413,0,0,4,2,0,2,2,28,0,0,1,0,1,0,0
0,0,39,0,3,8588,2,1,4,0,0,2,0,45,0,0,1,2,1,1,0
1,1,12,0,1,759,0,2,4,0,0,2,1,26,0,0,1,0,1,0,0
0,0,36,0,3,4686,0,0,2,0,0,2,3,32,0,2,1,2,1,1,0
0,3,15,0,4,2687,0,2,2,0,0,4,2,26,0,1,1,0,1,1,0
0,2,12,2,0,585,0,0,4,2,2,4,1,20,0,1,2,0,1,0,0
0,0,24,0,1,2255,1,3,4,0,0,1,2,54,0,0,1,0,1,0,0
0,1,6,1,1,609,0,2,4,1,0,3,2,37,0,0,2,0,1,0,1
0,1,6,1,1,1361,0,3,2,0,0,4,1,40,0,0,1,1,2,0,1
1,0,36,1,2,7127,0,3,2,1,0,4,2,23,0,1,2,0,1,1,0
0,1,6,0,1,1203,2,1,3,0,0,2,2,43,0,0,1,0,1,1,0
0,0,6,1,0,700,1,1,4,0,0,4,3,36,0,2,2,0,1,0,0
0,0,24,1,7,5507,0,1,3,0,0,4,3,44,0,2,2,0,1,0,0
1,1,18,0,0,3190,0,0,2,1,0,2,1,24,0,0,1,0,1,0,0
1,1,48,4,2,7119,0,0,3,0,0,4,3,53,0,2,2,0,2,0,0
0,0,24,0,3,3488,2,2,3,1,0,4,0,23,0,0,1,0,1,0,0
0,2,18,0,0,1113,0,0,4,1,1,4,1,26,0,0,1,1,2,0,0
0,2,26,0,3,7966,0,3,2,0,0,3,0,30,0,0,2,0,1,0,0
0,0,15,1,6,1532,2,0,4,1,0,3,0,31,0,0,1,0,1,0,0
0,0,4,1,0,1503,0,2,2,0,0,1,1,42,0,0,2,1,2,0,0
1,1,36,0,0,2302,0,0,4,3,0,4,0,31,0,1,1,0,1,0,0
0,1,6,0,1,662,0,3,3,0,0,4,1,41,0,0,1,1,2,1,0
0,2,36,0,6,2273,0,2,3,0,0,1,0,32,0,0,2,0,2,0,0
1,2,15,0,1,2631,2,0,2,1,0,4,0,28,0,1,2,0,1,1,0
0,0,12,2,3,1503,0,0,4,2,0,4,1,41,0,1,1,0,1,0,0
0,0,24,0,0,1311,2,2,4,2,0,3,2,26,0,0,1,0,1,1,0
0,0,24,0,0,3105,1,3,4,0,0,2,0,25,0,0,2,0,1,0,0
1,3,21,1,6,2319,0,3,2,3,0,1,0,33,0,1,1,0,1,0,0
0,1,6,0,1,1374,1,4,4,1,0,3,2,75,0,0,1,2,1,1,0
0,2,18,1,2,3612,0,1,3,1,0,4,2,37,0,0,1,0,1,1,0
1,1,48,0,1,7763,0,1,4,0,0,4,3,42,1,2,1,2,1,0,0
0,3,18,0,2,3049,0,3,1,1,0,1,2,45,2,0,1,1,1,0,0
1,2,12,0,0,1534,0,3,1,2,0,1,1,23,0,1,1,0,1,0,0
0,0,24,2,1,2032,0,1,4,0,0,4,3,60,0,2,2,0,1,1,0
1,1,30,0,2,6350,1,1,4,0,0,4,2,31,0,0,1,0,1,0,0
1,3,18,0,2,2864,0,0,2,0,0,1,1,34,0,0,1,1,2,0,0
0,0,12,1,1,1255,0,1,4,0,0,4,1,61,0,0,2,1,1,0,0
1,1,24,2,1,1333,0,4,4,0,0,2,1,43,0,2,2,0,2,0,0
0,0,24,1,1,2022,0,0,4,1,0,4,0,37,0,0,1,0,1,1,0
0,0,24,0,0,1552,0,2,3,0,0,1,0,32,1,0,1,0,2,0,0
1,1,12,3,0,626,0,0,4,1,0,4,1,24,1,0,1,1,1,0,0
0,0,48,1,3,8858,1,2,2,0,0,1,3,35,0,2,2,0,1,1,0
0,0,12,1,7,996,1,2,4,1,0,4,1,23,0,0,2,0,1,0,0
0,0,6,3,0,1750,3,1,2,0,0,4,2,45,1,0,1,1,2,0,0
1,1,48,0,0,6999,0,2,1,2,1,1,1,34,0,0,2,0,1,1,0
0,2,12,1,1,1995,2,3,4,0,0,1,0,27,0,0,1,0,1,0,0
0,2,9,0,6,1199,0,2,4,1,0,4,2,67,0,0,2,2,1,1,0
1,2,12,0,0,1331,0,3,2,0,0,1,0,22,2,0,1,0,1,0,0
1,2,18,4,1,2278,2,3,3,1,0,3,0,28,0,0,2,0,1,0,0
1,0,21,4,1,5003,1,0,1,1,0,4,2,29,1,0,2,0,1,1,0
1,1,24,3,2,3552,0,2,3,0,0,4,0,27,1,0,1,0,1,0,0
1,2,18,1,2,1928,0,3,2,0,0,2,1,31,0,0,2,1,1,0,0
0,1,24,0,3,2964,1,1,4,0,0,4,3,49,1,2,1,0,2,1,0
1,1,24,3,0,1546,0,2,4,0,1,4,0,24,1,1,1,1,1,0,0
0,3,6,2,0,683,0,3,2,1,0,1,2,29,1,0,1,0,1,0,0
1,2,36,0,1,12389,1,0,1,0,0,4,3,37,0,2,1,0,1,1,0
0,2,24,2,4,4712,1,0,4,0,0,2,2,37,1,0,2,2,1,1,0
0,2,24,2,0,1553,2,2,3,1,0,2,2,23,0,1,2,0,1,1,0
1,1,12,0,1,1372,0,2,2,3,0,3,0,36,0,0,1,0,1,0,0
0,0,24,1,0,2578,4,1,2,0,0,2,0,34,0,0,1,0,1,0,0
0,2,48,0,0,3979,1,2,4,0,0,1,0,41,0,0,2,0,2,1,0
1,1,48,0,0,6758,0,0,3,1,0,2,0,31,0,0,1,0,1,1,0
1,1,24,0,2,3234,0,3,4,1,0,4,1,23,0,1,1,1,1,1,0
0,0,30,1,0,5954,0,2,3,0,2,2,0,38,0,0,1,0,1,0,0
0,0,24,0,3,5433,1,4,2,1,0,4,2,26,0,1,1,2,1,1,0
0,1,15,0,4,806,0,0,4,1,0,4,2,22,0,0,1,1,1,0,0
0,2,9,0,0,1082,0,1,4,0,0,4,0,27,0,0,2,1,1,0,0
0,0,15,1,2,2788,0,2,2,1,2,3,0,24,1,0,2,0,1,0,0
0,2,12,0,0,2930,0,2,2,1,0,1,1,27,0,0,1,0,1,0,0
0,0,24,1,6,1927,1,0,3,1,0,2,0,33,0,0,2,0,1,1,0
1,2,36,1,1,2820,0,3,4,3,0,4,0,27,0,0,2,0,1,0,0
0,0,24,0,10,937,0,3,4,2,0,3,0,27,0,0,2,1,1,0,0
1,2,18,1,1,1056,0,1,3,0,1,3,1,30,1,0,2,0,1,0,0
0,2,12,1,1,3124,0,3,1,0,0,3,1,49,1,0,2,1,2,0,0
0,0,9,0,2,1388,0,0,4,1,0,2,1,26,0,1,1,0,1,0,0
1,2,36,0,7,2384,0,3,4,0,0,1,3,33,0,1,1,1,1,0,0
0,0,12,0,1,2133,1,1,4,1,0,4,3,52,0,2,1,2,1,1,0
1,1,18,0,2,2039,0,0,1,1,0,4,1,20,1,1,1,0,1,0,0
0,1,9,1,1,2799,0,0,2,0,0,2,1,36,0,1,2,0,2,0,0
0,1,12,0,2,1289,0,0,4,0,1,1,2,21,0,0,1,1,1,0,0
1,1,18,0,8,1217,0,0,4,2,0,3,1,47,0,0,1,1,1,1,0
1,1,12,1,2,2246,0,1,3,0,0,3,2,60,0,0,2,0,1,0,0
0,1,12,1,0,385,0,2,4,1,0,3,1,58,0,0,4,1,1,1,0
0,2,24,2,1,1965,1,0,4,1,0,4,0,42,0,1,2,0,1,1,0
0,0,21,0,4,1572,4,1,4,1,0,4,1,36,1,0,1,1,1,0,0
1,2,24,0,1,2718,0,0,3,1,0,4,2,20,0,1,1,1,1,1,0
1,1,24,3,9,1358,1,1,4,0,0,3,0,40,2,0,1,2,1,1,0
1,2,6,3,1,931,2,3,1,1,0,1,2,32,2,0,1,1,1,0,0
1,1,24,0,1,1442,0,2,4,1,0,4,0,23,0,1,2,0,1,0,0
1,2,24,4,4,4241,0,0,1,0,0,4,1,36,0,0,3,1,1,1,0
1,0,18,1,1,2775,0,2,2,0,0,2,2,31,1,0,2,0,1,0,0
0,0,24,2,4,3863,0,0,1,0,0,2,3,32,0,2,1,0,1,0,0
0,2,7,0,0,2329,0,3,1,1,1,1,1,45,0,0,1,0,1,0,0
1,2,9,0,2,918,0,0,4,1,0,1,2,30,0,0,1,0,1,0,0
1,2,24,3,6,1837,0,2,4,1,0,4,3,34,1,2,1,1,1,0,0
1,0,36,0,2,3349,0,0,4,1,0,2,0,28,0,0,1,2,1,1,0
0,3,10,0,2,1275,0,3,4,1,0,2,2,23,0,0,1,0,1,0,0
0,1,24,3,2,2828,3,0,4,0,0,4,1,22,2,0,1,0,1,1,0
0,0,24,1,4,4526,0,0,3,0,0,2,1,74,0,0,1,2,1,1,0
1,2,36,0,0,2671,2,0,4,1,2,4,3,50,0,2,1,0,1,0,0
0,0,18,0,0,2051,0,3,4,0,0,1,1,33,0,0,1,0,1,0,0
0,0,15,0,3,1300,1,1,4,0,0,4,3,45,1,2,1,0,2,0,0
1,1,12,0,8,741,2,4,4,1,0,3,2,22,0,0,1,0,1,0,0
1,3,10,0,1,1240,2,1,1,1,0,4,3,48,0,2,1,1,2,0,0
0,1,21,0,0,3357,4,3,4,1,0,2,0,29,1,0,1,0,1,0,0
0,1,24,3,3,3632,0,0,1,1,1,4,0,22,1,1,1,0,1,0,1
1,0,18,2,2,1808,0,2,4,1,0,1,1,22,0,0,1,0,1,0,0
0,2,48,4,4,12204,1,0,2,0,0,2,0,48,1,0,1,2,1,1,0
0,2,60,2,0,9157,1,0,2,0,0,2,3,27,0,2,1,2,1,0,0
0,1,6,1,1,3676,0,0,1,0,0,3,1,37,0,1,3,0,2,0,0
1,2,30,0,2,3441,2,0,2,1,2,4,0,21,0,1,1,0,1,0,0
0,0,12,0,1,640,0,0,4,3,0,2,1,49,0,0,1,1,1,0,0
0,2,21,1,4,3652,0,2,2,0,0,3,2,27,0,0,2,0,1,0,0
1,0,18,1,1,1530,0,0,3,0,0,2,2,32,1,0,2,0,1,0,0
1,0,48,0,4,3914,1,0,4,3,0,2,1,38,1,0,1,0,1,0,0
0,1,12,0,2,1858,0,3,4,1,0,1,0,22,0,1,1,0,1,0,0
1,1,18,0,0,2600,0,0,4,0,0,4,3,65,0,2,2,0,1,0,0
0,0,15,0,0,1979,1,1,4,0,0,2,0,35,0,0,1,0,1,0,0
0,3,6,0,2,2116,0,0,2,0,0,2,1,41,0,0,1,0,1,1,0
1,2,9,3,1,1437,2,2,2,0,0,3,3,29,0,0,1,0,1,0,0
0,0,42,1,2,4042,3,0,4,0,0,4,1,36,0,0,2,0,1,1,0
0,0,9,0,6,3832,1,1,1,0,0,4,1,64,0,0,1,1,1,0,0
0,1,24,0,0,3660,0,0,2,1,0,4,0,28,0,0,1,0,1,0,0
1,1,18,3,2,1553,0,0,4,0,0,3,0,44,1,0,1,0,1,0,0
0,2,15,0,0,1444,1,3,4,0,0,1,2,23,0,0,1,0,1,0,0
1,0,9,0,2,1980,0,3,2,1,2,2,0,19,0,1,2,0,1,0,0
1,2,24,0,1,1355,0,3,3,1,0,4,0,25,0,0,1,1,1,1,0
0,0,12,0,6,1393,0,1,4,0,0,4,2,47,1,0,3,0,2,1,0
0,0,24,0,0,1376,3,2,4,1,0,1,0,28,0,0,1,0,1,0,0
0,0,60,2,0,15653,0,2,2,0,0,4,0,21,0,0,2,0,1,1,0
0,0,12,0,0,1493,0,3,4,1,0,3,0,34,0,0,1,0,2,0,0
1,1,42,2,0,4370,0,2,3,0,0,2,2,26,1,0,2,0,2,1,0
1,1,18,0,6,750,0,4,4,1,0,1,1,27,0,0,1,3,1,0,0
0,2,15,0,7,1308,0,1,4,0,0,4,0,38,0,0,2,1,1,0,0
1,0,15,0,6,4623,2,0,3,0,0,2,2,40,0,0,1,2,1,1,0
0,0,24,1,0,1851,0,2,4,2,1,2,0,33,0,0,2,0,1,1,0
0,1,18,1,0,1880,0,2,4,2,0,1,2,32,0,0,2,2,1,1,0
1,0,36,2,4,7980,1,3,4,0,0,4,0,27,0,1,2,0,1,1,0
0,1,30,4,2,4583,0,0,2,3,1,2,1,32,0,0,2,0,1,0,0
1,0,12,0,1,1386,3,0,2,1,0,2,2,26,0,0,1,0,1,0,0
1,3,24,0,1,947,0,2,4,0,0,3,3,38,1,2,1,0,2,0,0
1,1,12,0,6,684,0,0,4,0,0,4,0,40,0,1,1,1,2,0,0
0,1,48,0,6,7476,0,2,4,0,0,1,3,50,0,2,1,2,1,1,0
1,2,12,0,2,1922,0,0,4,0,0,2,2,37,0,0,1,1,1,0,0
1,1,24,0,1,2303,0,1,4,0,2,1,1,45,0,0,1,0,1,0,0
1,2,36,2,1,8086,2,1,2,0,0,4,0,42,0,0,4,2,1,1,0
0,0,24,1,3,2346,0,2,4,0,0,3,0,35,0,0,2,0,1,1,0
0,1,14,0,1,3973,0,4,1,0,0,4,3,22,0,2,1,0,1,0,0
1,2,12,0,1,888,0,1,4,0,0,4,0,41,1,0,1,1,2,0,0
0,0,48,0,0,10222,1,2,4,0,0,3,0,37,2,0,1,0,1,1,0
0,2,30,4,4,4221,0,0,2,1,0,1,0,28,0,0,2,0,1,0,0
0,2,18,1,2,6361,0,1,2,0,0,1,3,41,0,0,1,0,1,1,0
0,3,12,0,0,1297,0,0,3,2,0,4,1,23,0,1,1,0,1,0,0
1,1,12,0,1,900,1,0,4,2,0,2,0,23,0,0,1,0,1,0,0
0,0,21,0,2,2241,0,1,4,0,0,2,1,50,0,0,2,0,1,0,0
0,2,6,2,2,1050,0,4,4,0,0,1,2,35,2,0,2,2,1,1,0
0,3,6,1,6,1047,0,0,2,1,0,4,2,50,0,0,1,1,1,0,0
0,0,24,1,9,6314,0,4,4,0,2,2,3,27,1,0,2,2,1,1,0
0,2,30,3,2,3496,4,0,4,0,0,2,0,34,2,0,1,0,2,1,0
0,0,48,3,4,3609,0,0,1,1,0,1,1,27,2,0,1,0,1,0,0
1,1,12,1,1,4843,0,1,3,0,2,4,2,43,0,1,2,0,1,1,0
0,3,30,1,0,3017,0,1,4,0,0,4,2,47,0,0,1,0,1,0,0
0,0,24,1,4,4139,2,0,3,0,0,3,2,27,0,0,2,1,1,1,0
0,0,36,0,4,5742,2,2,2,0,0,2,0,31,0,0,2,0,1,1,0
0,0,60,0,1,10366,0,1,2,0,0,4,2,42,0,0,1,2,1,1,0
0,0,6,1,1,2080,3,0,1,2,0,2,0,24,0,0,1,0,1,0,0
1,0,21,2,4,2580,3,3,4,0,0,2,1,41,1,0,1,1,2,0,0
0,0,30,1,0,4530,0,2,4,1,0,4,0,26,0,1,1,2,1,1,0
0,0,24,1,2,5150,0,1,4,0,0,4,0,33,0,0,1,0,1,1,0
1,2,72,0,0,5595,2,0,2,2,0,2,0,24,0,0,1,0,1,0,0
0,1,24,0,0,2384,0,1,4,0,0,4,1,64,1,1,1,1,1,0,0
0,0,18,0,0,1453,0,3,3,1,0,1,1,26,0,0,1,0,1,0,0
0,0,6,0,6,1538,0,3,1,1,0,2,3,56,0,0,1,0,1,0,0
0,0,12,0,0,2279,1,0,4,0,0,4,3,37,0,2,1,0,1,1,0
0,0,15,2,0,1478,0,0,4,2,0,3,1,33,1,0,2,0,1,0,0
0,0,24,1,0,5103,0,3,3,2,0,3,3,47,0,2,3,0,1,1,0
0,2,36,2,4,9857,2,2,1,0,0,3,2,31,0,0,2,1,2,1,0
0,0,60,0,1,6527,1,0,4,0,0,4,3,34,0,2,1,0,2,1,0
0,3,10,1,0,1347,1,2,4,0,0,2,2,27,0,0,2,0,1,1,0
0,2,36,2,1,2862,2,1,4,0,0,3,3,30,0,2,1,0,1,0,0
0,0,9,0,0,2753,2,1,3,0,2,4,0,35,0,0,1,0,1,1,0
0,1,12,0,1,3651,4,0,1,0,0,3,2,31,0,0,1,0,2,0,0
0,1,15,1,2,975,0,0,2,3,0,3,2,25,0,0,2,0,1,0,0
0,2,15,0,7,2631,2,0,3,1,0,2,1,25,0,0,1,1,1,0,0
0,2,24,0,0,2896,2,3,2,0,0,1,0,29,0,0,1,0,1,0,0
0,1,6,1,1,4716,1,3,1,0,0,3,1,44,0,0,2,1,2,0,0
0,0,24,0,0,2284,0,2,4,0,0,2,0,28,0,0,1,0,1,1,0
0,0,6,0,3,1236,3,0,2,0,0,4,2,50,0,1,1,0,1,0,0
0,2,12,0,0,1103,0,2,4,0,1,3,1,29,0,0,2,0,1,0,1
0,0,12,1,1,926,0,4,1,1,0,2,2,38,0,0,1,3,1,0,0
0,0,18,1,0,1800,0,0,4,0,0,2,0,24,0,0,2,0,1,0,0
0,3,15,0,6,1905,0,1,4,0,0,4,0,40,0,1,1,2,1,1,0
1,0,12,0,2,1123,3,0,4,1,0,4,0,29,0,1,1,1,1,0,0
1,1,48,1,3,6331,0,1,4,0,0,4,3,46,0,2,2,0,1,1,0
0,3,24,0,0,1377,2,1,4,1,0,2,3,47,0,2,1,0,1,1,0
0,2,30,2,4,2503,2,1,4,0,0,2,2,41,2,0,2,0,1,0,0
0,2,27,0,4,2528,0,3,4,1,0,1,2,32,0,0,1,0,2,1,0
0,0,15,0,1,5324,3,1,1,1,0,4,3,35,0,2,1,0,1,0,0
1,2,48,0,1,6560,2,2,3,0,0,2,2,24,0,0,1,0,1,0,0
1,2,12,4,2,2969,0,3,4,1,0,3,2,25,0,1,2,0,1,0,0
0,2,9,0,0,1206,0,1,4,1,0,4,1,25,0,0,1,0,1,0,0
0,2,9,0,0,2118,0,0,2,0,0,2,1,37,0,0,1,1,2,0,0
0,0,18,1,0,629,3,1,4,0,0,3,2,32,1,0,2,2,1,1,0
1,1,6,3,6,1198,0,1,4,1,0,4,3,35,0,2,1,0,1,0,0
0,0,21,0,3,2476,1,1,4,0,0,4,1,46,0,0,1,2,1,1,0
0,1,9,1,0,1138,0,0,4,0,0,4,1,25,0,0,2,1,1,0,0
1,2,60,0,1,14027,0,2,4,0,0,2,3,27,0,0,1,2,1,1,0
0,0,30,1,3,7596,1,1,1,0,0,4,0,63,0,0,2,0,1,0,0
0,0,30,1,0,3077,1,1,3,0,0,2,0,40,0,0,2,0,2,1,0
0,0,18,0,0,1505,0,0,4,0,0,2,3,32,0,2,1,2,1,1,0
0,3,24,1,0,3148,1,0,3,0,0,2,0,31,0,0,2,0,1,1,0
0,2,20,4,3,6148,2,1,3,2,0,4,0,31,1,0,2,0,1,1,0
1,3,9,4,0,1337,0,3,4,0,0,2,0,34,0,0,2,2,1,1,0
1,2,6,3,6,433,4,3,4,1,0,2,2,24,1,1,1,0,2,0,0
1,1,12,0,1,1228,0,0,4,1,0,2,1,24,0,0,1,1,1,0,0
0,2,9,0,0,790,3,0,4,1,0,3,1,66,0,0,1,1,1,0,0
1,0,27,0,1,2570,0,0,3,1,0,3,1,21,0,1,1,0,1,0,0
0,0,6,1,1,250,4,0,2,1,0,2,1,41,1,0,2,1,1,0,0
0,0,15,1,0,1316,3,0,2,2,0,2,2,47,0,0,2,1,1,0,0
1,1,18,0,0,1882,0,0,4,1,0,4,0,25,1,1,2,0,1,0,0
1,2,48,3,4,6416,0,1,4,1,0,3,3,59,0,1,1,0,1,0,0
0,3,24,1,4,1275,4,0,2,3,0,4,1,36,0,0,2,0,1,1,0
0,2,24,2,0,6403,0,3,1,0,0,2,0,33,0,0,1,0,1,0,0
1,1,24,0,0,1987,0,0,2,0,0,4,1,21,0,1,1,1,2,0,0
0,2,8,0,0,760,0,2,4,1,1,2,1,44,0,0,1,1,1,0,0
0,0,24,0,3,2603,4,0,2,1,0,4,0,28,0,1,1,0,1,1,0
0,0,4,1,1,3380,0,2,1,1,0,1,1,37,0,0,1,0,2,0,0
0,2,36,3,8,3990,1,3,3,1,0,2,3,29,1,0,1,3,1,0,0
1,2,24,0,3,11560,0,0,1,1,0,4,0,23,0,1,2,2,1,0,0
0,1,18,0,1,4380,2,0,3,0,0,4,0,35,0,0,1,1,2,1,0
0,0,6,1,1,6761,0,2,1,0,0,3,3,45,0,0,2,2,2,1,0
1,2,30,4,4,4280,2,0,4,1,0,4,0,26,0,1,2,1,1,0,0
0,1,24,3,1,2325,2,2,2,0,0,3,0,32,1,0,1,0,1,0,0
0,2,10,3,0,1048,0,0,4,0,0,4,1,23,2,0,1,1,1,0,0
0,0,21,0,0,3160,1,1,4,0,0,3,2,41,0,0,1,0,1,1,0
0,1,24,3,2,2483,3,0,4,0,0,4,1,22,2,0,1,0,1,1,0
0,1,39,1,2,14179,1,2,4,0,0,4,2,30,0,0,2,2,1,1,0
0,1,13,1,4,1797,0,3,3,0,0,1,2,28,1,0,2,1,1,0,0
0,1,15,0,1,2511,0,4,1,1,0,4,0,23,0,1,1,0,1,0,0
1,1,12,0,1,1274,0,3,3,1,0,1,1,37,0,0,1,1,1,0,0
0,0,21,0,3,5248,1,0,1,0,0,3,0,26,0,0,1,0,1,0,0
0,0,15,0,3,3029,0,2,2,0,0,2,0,33,0,0,1,0,1,0,0
0,1,6,0,2,428,0,1,2,1,0,1,2,49,1,0,1,0,1,1,0
1,1,18,0,1,976,0,3,1,1,0,2,0,23,0,0,1,1,1,0,0
0,2,12,0,4,841,2,2,2,1,0,4,1,23,0,1,1,1,1,0,0
0,0,30,1,0,5771,0,2,4,1,0,2,0,25,0,0,2,0,1,0,0
1,0,12,2,7,1555,4,1,4,0,0,4,3,55,0,2,2,0,2,0,0
1,1,24,0,1,1285,1,2,4,1,0,4,3,32,0,1,1,0,1,0,0
0,3,6,1,1,1299,0,0,1,0,0,1,1,74,0,0,3,3,2,0,1
1,3,15,1,0,1271,1,0,3,0,0,4,3,39,0,2,2,0,1,1,0
0,0,24,0,1,1393,0,0,2,0,1,2,1,31,0,0,1,0,1,1,0
1,1,12,1,1,691,0,1,4,0,0,3,2,35,0,0,2,0,1,0,0
0,0,15,1,1,5045,1,1,1,1,0,4,0,59,0,0,1,0,1,1,0
1,1,18,1,2,2124,0,0,4,1,0,4,1,24,0,1,2,0,1,0,0
0,1,12,0,0,2214,0,0,4,0,0,3,2,24,0,0,1,1,1,0,0
1,0,21,1,1,12680,1,1,4,0,0,4,3,30,0,2,1,2,1,1,0
0,0,24,1,1,2463,2,2,4,2,0,3,2,27,0,0,2,0,1,1,0
0,2,12,0,0,1155,0,1,3,2,1,3,1,40,1,0,2,1,1,0,0
1,1,30,0,2,3108,0,3,2,3,0,4,2,31,0,0,1,1,1,0,0
0,0,10,0,3,2901,1,3,1,1,0,4,1,31,0,1,1,0,1,0,0
0,2,12,1,2,3617,0,1,1,0,0,4,0,28,0,1,3,0,1,1,0
0,0,12,1,0,1655,0,1,2,0,0,4,1,63,0,0,2,1,1,1,0
0,1,24,0,3,2812,1,1,2,1,0,4,1,26,0,1,1,0,1,0,0
1,1,36,1,6,8065,0,0,3,1,0,2,3,25,0,0,2,2,1,1,0
0,0,21,1,3,3275,0,1,1,0,0,4,0,36,0,0,1,2,1,1,0
0,0,24,1,0,2223,2,1,4,0,0,4,2,52,1,0,2,0,1,0,0
0,3,12,1,1,1480,3,4,2,0,0,4,3,66,1,2,3,3,1,0,0
1,1,24,0,1,1371,1,0,4,1,0,4,1,25,0,1,1,0,1,0,0
0,0,36,1,1,3535,0,2,4,0,0,4,0,37,0,0,2,0,1,1,0
0,1,18,0,0,3509,0,2,4,1,1,1,1,25,0,0,1,0,1,0,0
0,0,36,1,3,5711,4,1,4,0,0,2,0,38,0,0,2,2,1,1,0
0,2,18,0,7,3872,0,4,2,1,0,4,0,67,0,0,1,0,1,1,0
1,2,39,1,0,4933,0,2,2,0,1,2,1,25,0,0,2,0,1,0,0
0,0,24,1,1,1940,4,1,4,0,0,4,1,60,0,0,1,0,1,1,0
0,2,12,4,10,1410,0,0,2,0,0,2,1,31,0,0,1,1,1,1,0
1,2,12,0,1,836,2,3,4,1,0,2,2,23,1,0,1,1,1,0,0
0,2,20,0,3,6468,1,4,1,3,0,4,1,60,0,0,1,2,1,1,0
0,2,18,0,4,1941,4,0,4,0,0,2,2,35,0,0,1,1,1,1,0
0,0,22,0,0,2675,3,1,3,0,0,4,0,40,0,0,1,0,1,0,0
0,0,48,1,3,2751,1,1,4,0,0,3,0,38,0,0,2,0,2,1,0
1,2,48,2,6,6224,0,1,4,0,0,4,3,50,0,2,1,0,1,0,0
1,1,40,1,6,5998,0,0,4,0,0,3,3,27,1,0,1,0,1,1,0
1,2,21,0,4,1188,0,1,2,1,0,4,2,39,0,0,1,0,2,0,0
0,0,24,0,3,6313,1,1,3,0,0,4,0,41,0,0,1,2,2,1,0
0,0,6,1,2,1221,1,0,1,2,0,2,2,27,0,0,2,0,1,0,0
0,3,24,0,2,2892,0,1,3,3,0,4,3,51,0,2,1,0,1,0,0
0,0,24,0,2,3062,3,1,4,0,0,3,3,32,0,1,1,0,1,1,0
0,0,9,0,2,2301,2,3,2,1,0,4,2,22,0,1,1,0,1,0,0
1,1,18,0,3,7511,1,1,1,0,0,4,2,51,0,2,1,0,2,1,0
0,0,12,1,2,1258,0,3,2,1,0,4,2,22,0,1,2,1,1,0,0
0,0,24,2,1,717,1,1,4,2,0,4,0,54,0,0,2,0,1,1,0
0,2,9,0,1,1549,1,3,4,0,0,2,1,35,0,0,1,3,1,0,0
0,0,24,1,6,1597,0,1,4,0,0,4,3,54,0,2,2,0,2,0,0
0,2,18,1,0,1795,0,1,3,1,1,4,1,48,1,1,2,1,1,1,0
0,1,20,1,2,4272,0,1,1,1,0,4,2,24,0,0,2,0,1,0,0
0,0,12,1,0,976,1,1,4,0,0,4,0,35,0,0,2,0,1,0,0
0,2,12,0,1,7472,1,4,1,1,0,2,1,24,0,1,1,3,1,0,0
1,1,36,0,1,9271,0,2,2,0,0,1,0,24,0,0,1,0,1,1,0
0,2,6,0,0,590,0,3,3,2,0,3,1,26,0,0,1,1,1,0,1
0,0,12,1,0,930,1,1,4,0,0,4,1,65,0,0,4,0,1,0,0
0,2,42,3,3,9283,0,4,1,0,0,2,3,55,1,2,1,2,1,1,0
1,2,15,4,1,1778,0,3,2,1,0,1,1,26,0,1,2,3,1,0,0
0,2,8,0,4,907,0,3,3,2,0,2,1,26,0,0,1,0,1,1,0
0,2,6,0,0,484,0,2,3,2,1,3,1,28,1,0,1,1,1,0,0
1,1,36,1,3,9629,0,2,4,0,0,4,0,24,0,0,2,0,1,1,0
1,1,48,0,8,3051,0,0,3,0,0,4,0,54,0,0,1,0,1,0,0
1,1,48,0,1,3931,0,2,4,0,0,4,3,46,0,2,1,0,2,0,0
0,2,36,2,1,7432,0,0,2,1,0,2,2,54,0,1,1,0,1,0,0
0,0,6,0,8,1338,3,0,1,3,0,4,1,62,0,0,1,0,1,0,0
0,0,6,1,0,1554,0,2,1,1,0,2,0,24,0,1,2,0,1,1,0
0,1,36,0,9,15857,0,4,2,3,2,3,0,43,0,0,1,2,1,0,0
1,1,18,0,0,1345,0,0,4,2,0,3,1,26,1,0,1,0,1,0,0
0,0,12,0,1,1101,0,0,3,2,0,2,1,27,0,0,2,0,1,1,0
0,3,12,0,0,3016,0,0,3,2,0,1,0,24,0,0,1,0,1,0,0
1,1,36,0,2,2712,0,1,2,0,0,2,2,41,1,0,1,0,2,0,0
0,1,8,1,1,731,0,1,4,0,0,4,1,47,0,0,2,1,1,0,0
0,0,18,1,2,3780,0,3,3,3,0,2,0,35,0,0,2,2,1,1,0
0,1,21,1,1,1602,0,1,4,2,0,3,0,30,0,0,2,0,1,1,0
1,1,18,1,1,3966,0,1,1,1,0,4,1,33,1,1,3,0,1,1,0
1,0,18,4,4,4165,0,0,2,0,0,2,0,36,2,0,2,0,2,0,0
1,1,36,0,3,8335,1,1,3,0,0,4,3,47,0,2,1,0,1,0,0
0,2,48,2,4,6681,1,0,4,0,0,4,3,38,0,2,1,0,2,1,0
0,0,24,2,4,2375,3,0,4,0,0,2,0,44,0,0,2,0,2,1,0
1,1,18,0,1,1216,0,3,4,1,0,3,0,23,0,1,1,0,1,1,0
1,1,45,4,4,11816,0,1,2,0,0,4,0,29,0,1,2,0,1,0,0
0,2,24,0,0,5084,1,1,2,1,0,4,0,42,0,0,1,0,1,1,0
1,3,15,0,0,2327,0,3,2,1,0,3,1,25,0,0,1,1,1,0,0
1,1,12,4,1,1082,0,0,4,0,0,4,0,48,1,0,2,0,1,0,0
0,0,12,0,0,886,1,0,4,1,0,2,0,21,0,0,1,0,1,0,0
0,0,4,0,2,601,0,3,1,1,0,3,1,23,0,1,1,1,2,0,0
0,1,24,1,3,2957,0,1,4,0,0,4,2,63,0,0,2,0,1,1,0
0,0,24,1,0,2611,0,1,4,2,2,3,1,46,0,0,2,0,1,0,0
1,1,36,0,2,5179,0,2,4,0,0,2,2,29,0,0,1,0,1,0,0
0,0,21,2,3,2993,0,0,3,0,0,2,1,28,2,0,2,1,1,0,0
1,0,18,0,7,1943,0,3,4,1,0,4,1,23,0,0,1,0,1,0,0
0,0,24,3,4,1559,0,2,4,0,0,4,0,50,1,0,1,0,1,1,0
0,0,18,0,2,3422,0,1,4,0,0,4,2,47,1,0,3,0,2,1,0
0,2,21,0,2,3976,1,2,2,0,0,3,0,35,0,0,1,0,1,1,0
1,0,18,0,1,6761,1,0,2,0,0,4,0,68,0,1,2,0,1,0,0
0,0,24,0,1,1249,0,3,4,2,0,2,1,28,0,0,1,0,1,0,0
0,1,9,0,0,1364,0,2,3,0,0,4,1,59,0,0,1,0,1,0,0
1,1,12,0,0,709,0,1,4,0,0,4,1,57,2,0,1,1,1,0,0
1,1,20,1,1,2235,0,0,4,2,1,2,2,33,1,1,2,0,1,0,1
0,0,24,1,3,4042,1,2,3,0,0,4,2,43,0,0,2,0,1,1,0
0,0,15,1,0,1471,0,0,4,0,0,4,3,35,0,2,2,0,1,1,0
1,1,18,3,1,1442,0,2,4,0,0,4,3,32,0,2,2,1,2,0,0
0,0,36,2,1,10875,0,1,2,0,0,2,0,45,0,0,2,0,2,1,0
0,0,24,0,1,1474,2,3,4,2,0,3,1,33,0,0,1,0,1,1,0
0,0,10,0,10,894,1,2,4,1,0,3,2,40,0,0,1,0,1,1,0
0,0,15,1,2,3343,0,0,4,0,0,2,3,28,0,2,1,0,1,1,0
1,1,15,0,1,3959,0,0,3,1,0,2,2,29,0,0,1,0,1,1,0
0,0,9,0,1,3577,2,0,1,0,1,2,1,26,0,1,1,0,2,0,1
0,0,24,1,3,5804,4,0,4,0,0,2,1,27,0,0,2,0,1,0,0
1,0,18,2,4,2169,0,0,4,2,0,2,0,28,0,0,1,0,1,1,0
1,1,24,0,0,2439,0,3,4,1,0,4,1,35,0,0,1,0,1,1,0
0,0,27,1,2,4526,4,3,4,0,0,2,1,32,2,0,2,1,2,1,0
1,0,10,0,2,2210,0,0,2,0,0,2,1,25,1,1,1,1,1,0,0
0,0,15,0,2,2221,3,0,2,1,0,4,0,20,0,1,1,0,1,0,0
0,1,18,0,0,2389,0,3,4,1,0,1,0,27,2,0,1,0,1,0,0
0,0,12,1,2,3331,0,1,2,0,0,4,2,42,2,0,1,0,1,0,0
0,0,36,0,4,7409,1,1,3,0,0,2,2,37,0,0,2,0,1,0,0
0,1,12,0,2,652,0,1,4,1,0,4,2,24,0,1,1,0,1,0,0
0,0,36,2,2,7678,3,2,2,1,0,4,0,40,0,0,2,0,1,1,0
0,3,6,1,1,1343,0,1,1,0,0,4,1,46,0,0,2,0,2,0,1
0,1,24,1,4,1382,2,2,4,0,0,1,1,26,0,0,2,0,1,1,0
0,0,15,0,8,874,1,3,4,1,0,1,1,24,0,0,1,0,1,0,0
0,1,12,0,2,3590,0,0,2,0,2,2,2,29,0,0,1,1,2,0,0
0,2,11,1,1,1322,4,0,4,1,0,4,0,40,0,0,2,0,1,0,0
0,1,18,3,0,1940,0,3,3,0,2,4,3,36,1,2,1,2,1,1,0
0,0,36,0,0,3595,0,1,4,0,0,2,0,28,0,0,1,0,1,0,0
1,1,9,0,1,1422,0,3,3,0,0,2,3,27,0,2,1,2,1,1,0
0,0,30,1,0,6742,1,2,2,0,0,3,2,36,0,0,2,0,1,0,0
0,0,24,0,3,7814,0,2,3,0,0,3,0,38,0,0,1,2,1,1,0
0,0,24,0,3,9277,1,0,2,3,0,4,3,48,0,2,1,0,1,1,0
0,2,30,1,1,2181,1,1,4,0,0,4,1,36,0,0,2,0,1,0,0
0,0,18,1,0,1098,0,4,4,1,0,4,0,65,0,0,2,3,1,0,0
1,2,24,0,2,4057,0,2,3,3,0,3,0,43,0,0,1,0,1,1,0
1,1,12,0,6,795,0,3,4,1,0,4,2,53,0,0,1,0,1,0,0
0,2,24,1,4,2825,1,2,4,0,0,3,3,34,0,0,2,0,2,1,0
1,2,48,0,4,15672,0,0,2,0,0,2,0,23,0,0,1,0,1,1,0
0,0,36,1,1,6614,0,1,4,0,0,4,0,34,0,0,2,2,1,1,0
0,0,28,3,3,7824,1,3,3,0,1,4,1,40,1,1,2,0,2,1,0
0,1,27,1,4,2442,0,1,4,0,0,4,0,43,2,0,4,2,2,1,0
0,0,15,1,0,1829,0,1,4,0,0,4,0,46,0,0,2,0,1,1,0
0,1,12,1,1,2171,0,0,4,0,0,4,2,38,1,0,2,1,1,0,1
0,2,36,1,3,5800,0,0,3,0,0,4,0,34,0,0,2,0,1,1,0
0,0,18,1,0,1169,1,0,4,0,0,3,2,29,0,0,2,0,1,1,0
0,0,36,2,3,8947,1,2,3,0,0,2,0,31,2,0,1,2,2,1,0
0,1,21,0,0,2606,0,3,4,1,0,4,2,28,0,1,1,2,1,1,0
0,0,12,1,2,1592,4,2,3,1,0,2,2,35,0,0,1,0,1,0,1
0,0,15,0,2,2186,1,2,1,1,0,4,1,33,1,1,1,1,1,0,0
1,1,18,0,2,4153,0,0,2,0,2,3,0,42,0,0,1,0,1,0,0
1,1,16,1,1,2625,0,1,2,0,1,4,2,43,1,1,1,0,1,1,0
0,0,20,1,1,3485,1,3,2,3,0,4,1,44,0,0,2,0,1,1,0
0,0,36,1,3,10477,1,1,2,0,0,4,3,42,0,2,2,0,1,0,0
0,0,15,0,0,1386,1,0,4,2,0,2,1,40,0,1,1,0,1,1,0
0,0,24,0,0,1278,0,1,4,0,0,1,1,36,0,0,1,2,1,1,0
0,1,12,0,0,1107,0,0,2,0,0,2,1,20,0,1,1,2,2,1,0
0,1,21,0,1,3763,1,2,2,0,2,2,1,24,0,0,1,1,1,0,1
0,2,36,0,6,3711,1,0,2,2,0,2,0,27,0,0,1,0,1,0,0
0,0,15,2,3,3594,0,3,1,1,0,2,2,46,0,0,2,1,1,0,0
0,2,9,0,1,3195,1,0,1,1,0,2,1,33,0,0,1,1,1,0,0
0,0,36,2,0,4454,0,0,4,1,0,4,1,34,0,0,2,0,1,0,0
1,2,24,1,2,4736,0,3,2,1,0,4,0,25,1,0,1,1,1,0,0
0,2,30,0,0,2991,1,1,2,1,0,4,0,25,0,0,1,0,1,0,0
0,0,11,0,4,2142,4,1,1,3,0,2,1,28,0,0,1,0,1,1,0
1,1,24,3,4,3161,0,0,4,0,0,2,2,31,0,1,1,0,1,1,0
1,2,48,4,9,18424,0,0,1,1,0,2,2,32,1,0,1,2,1,1,1
0,0,10,0,3,2848,2,0,1,0,2,2,1,32,0,0,1,0,2,0,0
1,1,6,0,1,14896,0,1,1,0,0,4,3,68,1,0,1,2,1,1,0
1,1,24,0,2,2359,2,4,1,3,0,1,2,33,0,0,1,0,1,0,0
1,1,24,0,2,3345,0,1,4,0,0,2,2,39,0,1,1,2,1,1,0
0,0,18,1,2,1817,0,0,4,1,0,2,3,28,0,0,2,0,1,0,0
0,0,48,2,0,12749,3,2,4,0,0,1,0,37,0,0,1,2,1,1,0
1,1,9,0,0,1366,0,3,3,1,0,4,2,22,0,1,1,0,1,0,0
0,2,12,0,1,2002,0,2,3,0,0,4,2,30,0,1,1,0,2,1,0
1,1,24,3,2,6872,0,3,2,3,0,1,2,55,1,0,1,0,1,1,0
1,1,12,3,1,697,0,3,4,0,0,2,0,46,1,0,2,0,1,1,0
0,1,18,1,2,1049,0,3,4,1,0,4,2,21,0,1,1,0,1,0,0
1,1,48,0,3,10297,0,2,4,0,0,4,3,39,2,2,3,0,2,1,0
0,0,30,0,0,1867,1,1,4,0,0,4,0,58,0,0,1,0,1,1,0
0,1,12,2,1,1344,0,0,4,0,0,2,1,43,0,0,2,1,2,0,0
0,1,24,0,2,1747,0,3,4,0,2,1,2,24,0,0,1,1,1,0,1
1,2,9,0,0,1670,0,3,4,1,0,2,0,22,0,0,1,0,1,1,0
0,0,9,1,1,1224,0,0,3,0,0,1,1,30,0,0,2,0,1,0,0
0,0,12,1,0,522,3,1,4,0,0,4,2,42,0,0,2,0,2,1,0
0,1,12,0,0,1498,0,0,4,1,0,1,0,23,1,0,1,0,1,0,0
1,2,30,2,0,1919,2,3,4,0,0,3,3,30,2,0,2,2,1,0,0
1,3,9,0,0,745,0,0,3,1,0,2,1,28,0,0,1,1,1,0,0
0,2,6,0,0,2063,0,3,4,2,0,3,0,30,0,1,1,2,1,1,0
1,2,60,0,6,6288,0,0,4,0,0,4,3,42,0,2,1,0,1,0,0
0,0,24,1,3,6842,1,0,2,0,0,4,2,46,0,0,2,2,2,1,0
0,0,12,0,1,3527,1,3,2,0,0,3,2,45,0,0,1,2,2,1,0
0,0,10,0,1,1546,0,0,3,0,0,2,1,31,0,0,1,1,2,0,1
0,0,24,0,2,929,1,2,4,0,0,2,0,31,2,0,1,0,1,1,0
0,0,4,1,1,1455,0,2,2,0,0,1,1,42,0,0,3,1,2,0,0
0,1,15,0,2,1845,0,3,4,1,1,1,2,46,0,1,1,0,1,0,0
0,2,48,4,1,8358,3,3,1,1,0,1,0,30,0,0,2,0,1,0,0
1,1,24,3,2,3349,3,3,4,0,0,4,3,30,0,2,1,0,2,1,0
0,0,12,0,1,2859,1,4,4,0,0,4,3,38,0,0,1,2,1,1,0
1,0,18,0,2,1533,0,3,4,2,2,1,2,43,0,0,1,1,2,0,0
1,0,24,0,0,3621,2,1,2,0,0,4,0,31,0,0,2,0,1,0,0
0,2,18,1,4,3590,0,4,3,2,0,3,0,40,0,0,3,3,2,1,0
1,1,36,2,4,2145,0,2,2,0,0,1,0,24,0,0,2,0,1,1,0
1,2,24,0,3,4113,3,3,3,1,0,4,0,28,0,1,1,0,1,0,0
1,0,36,0,2,10974,0,4,4,1,0,2,0,26,0,0,2,2,1,1,0
0,1,12,0,1,1893,0,0,4,1,1,4,2,29,0,0,1,0,1,1,0
0,1,24,1,0,1231,4,1,4,1,0,4,2,57,0,1,2,2,1,1,0
0,3,30,1,0,3656,1,1,4,0,0,4,2,49,2,0,2,1,1,0,0
0,2,9,1,0,1154,0,1,2,0,0,4,1,37,0,0,3,1,1,0,0
1,1,28,0,1,4006,0,0,3,0,0,2,0,45,0,0,1,1,1,0,0
0,2,24,0,2,3069,2,1,4,0,0,4,3,30,0,2,1,0,1,0,0
0,0,6,1,0,1740,0,1,2,2,0,2,1,30,0,1,2,0,1,0,0
0,2,21,2,1,2353,0,0,1,3,0,4,2,47,0,0,2,0,1,0,0
0,0,15,0,1,3556,1,0,3,0,0,2,3,29,0,0,1,0,1,0,0
1,0,24,0,0,2397,3,1,3,0,0,2,0,35,1,0,2,0,1,1,0
0,2,6,0,7,454,0,3,3,2,0,1,2,22,0,0,1,1,1,0,0
0,2,30,0,0,1715,1,0,4,1,0,1,0,26,0,0,1,0,1,0,0
1,2,27,1,0,2520,3,0,4,0,0,2,2,23,0,0,2,1,1,0,0
0,0,15,0,0,3568,0,1,4,1,0,2,0,54,1,1,1,2,1,1,0
0,0,42,0,0,7166,1,2,2,2,0,4,2,29,0,1,1,0,1,1,0
0,1,11,1,1,3939,0,0,1,0,0,2,1,40,0,0,2,1,2,0,0
0,2,15,0,7,1514,2,0,4,0,1,2,1,22,0,0,1,0,1,0,0
0,0,24,0,1,7393,0,0,1,0,0,4,2,43,0,0,1,1,2,0,0
1,1,24,3,1,1193,0,4,1,1,2,4,3,29,0,1,2,3,1,0,0
1,1,60,0,4,7297,0,1,4,0,2,4,3,36,0,1,1,0,1,0,0
0,0,30,1,0,2831,0,0,4,1,0,2,0,33,0,0,1,0,1,1,0
0,3,24,0,0,1258,3,0,3,1,0,3,0,57,0,0,1,1,1,0,0
0,2,6,0,0,753,0,0,2,1,1,3,1,64,0,0,1,0,1,0,0
0,2,18,2,4,2427,1,1,4,0,0,2,2,42,0,0,2,0,1,0,0
1,0,24,2,1,2538,0,1,4,0,0,4,0,47,0,0,2,1,2,0,0
1,2,15,3,1,1264,2,0,2,2,0,2,2,25,0,1,1,0,1,0,0
1,2,30,1,2,8386,0,2,2,0,0,2,2,49,0,0,1,0,1,0,0
1,0,48,0,4,4844,0,4,3,0,0,2,0,33,1,1,1,2,1,1,0
0,3,21,0,1,2923,2,0,1,1,0,1,0,28,1,0,1,2,1,1,0
1,1,36,0,3,8229,0,0,2,0,0,2,2,26,0,0,1,0,2,0,0
0,0,24,1,2,2028,0,2,2,0,0,2,2,30,0,0,2,1,1,0,0
0,1,15,1,2,1433,0,0,4,1,0,3,2,25,0,1,2,0,1,0,0
0,3,42,4,4,6289,0,3,2,3,0,1,2,33,0,0,2,0,1,0,0
0,0,13,0,0,1409,2,4,2,1,0,4,1,64,0,0,1,0,1,0,0
0,1,24,0,3,6579,0,4,4,0,0,2,3,29,0,2,1,2,1,1,0
0,2,24,1,0,1743,0,1,4,0,0,2,2,48,0,0,2,1,1,0,0
0,0,12,1,6,3565,1,3,2,0,0,1,2,37,0,0,2,1,2,0,0
0,0,15,3,0,1569,2,1,4,0,0,4,0,34,1,0,1,1,2,0,0
0,1,18,0,0,1936,1,2,2,2,0,4,0,23,0,1,2,1,1,0,0
0,1,36,0,2,3959,0,4,4,0,0,3,2,30,0,0,1,2,1,1,0
0,0,12,0,1,2390,1,1,4,0,0,3,0,50,0,0,1,0,1,1,0
0,0,12,0,2,1736,0,2,3,1,0,4,1,31,0,0,1,1,1,0,0
0,1,30,0,3,3857,0,0,4,3,0,4,2,40,0,0,1,2,1,1,0
0,0,12,0,0,804,0,1,4,0,0,4,0,38,0,0,1,0,1,0,0
1,1,45,0,0,1845,0,0,4,0,0,4,3,23,0,2,1,0,1,1,0
0,2,45,1,3,4576,2,4,3,0,0,4,0,27,0,0,1,0,1,0,0
