occupancy,race,sex,income,married,credit_history,di_ratio,pmi_denied,unverifiable,pmi_sought,debt_to_expense,chpr,chcp,pmi_sought,vr
2,1,1,55.0,1,1,37.0,0,0,0,17.0,0,1,0,0
1,1,1,51.0,1,1,38.0,0,0,0,29.0,1,6,0,0
1,1,1,63.0,1,1,37.0,0,0,1,23.0,0,2,1,0
2,1,1,159.0,1,1,27.0,0,0,0,20.0,0,1,0,1
1,0,1,29.0,1,1,31.0,0,0,1,22.0,0,1,1,1
1,1,1,90.0,1,1,29.0,0,0,0,23.0,0,2,0,1
1,1,1,29.0,1,1,35.25,0,0,0,26.34,0,2,0,0
1,1,1,54.0,1,1,32.0,0,0,0,28.0,0,1,0,1
1,1,1,66.0,0,1,32.0,0,0,0,23.0,0,5,0,0
1,1,1,348.0,0,1,7.0,0,0,0,4.0,0,1,0,1
2,1,1,271.0,1,1,37.0,0,0,0,27.0,0,2,0,1
1,1,1,48.0,0,1,34.0,0,0,0,18.0,0,1,0,1
1,0,0,35.0,0,0,36.0,0,1,0,26.0,1,5,0,1
1,0,1,51.0,1,1,38.0,0,0,0,33.0,0,3,0,0
1,1,1,54.0,0,1,29.0,0,1,0,29.0,0,1,0,1
1,0,1,66.0,1,1,28.5,0,0,0,26.0,0,1,0,1
1,1,1,46.0,0,1,35.0,0,0,0,28.0,0,1,0,0
1,1,1,96.0,1,1,29.0,0,0,0,27.0,0,1,0,0
1,1,1,57.0,1,1,27.0,0,0,0,27.0,0,2,0,0
1,0,1,105.0,1,1,35.9,0,0,0,28.0,0,3,0,1
1,1,1,46.0,1,1,31.1,0,0,1,30.6,0,1,1,1
1,1,1,72.0,1,1,33.0,0,0,0,26.0,0,2,0,0
1,1,1,131.0,1,1,19.0,0,0,0,19.0,0,3,0,0
1,1,1,73.0,1,0,54.0,0,0,0,47.0,1,6,0,0
1,1,0,32.0,0,1,28.3,0,0,0,28.3,0,4,0,1
1,1,0,198.0,0,1,34.0,0,0,0,27.0,0,1,0,0
1,0,1,62.0,1,1,35.0,0,0,0,27.0,0,1,0,1
1,0,1,65.0,1,1,34.75,0,0,0,22.09,0,2,0,0
1,1,0,84.0,0,1,32.0,0,0,0,23.0,0,3,0,0
1,1,0,69.0,0,1,31.9,0,0,0,31.16,0,6,0,0
1,1,1,37.0,0,1,37.0,1,0,1,31.0,0,2,1,1
1,1,0,49.0,0,1,24.1,0,0,0,23.6,0,1,0,0
1,1,1,54.0,1,1,31.0,0,0,0,28.0,0,1,0,0
1,1,1,44.0,0,1,31.11,0,0,1,30.08,0,2,1,1
1,1,1,143.0,1,1,41.0,0,0,0,32.0,0,2,0,0
1,1,1,65.0,1,1,35.1,0,0,0,33.7,0,4,0,1
1,1,0,48.0,0,1,29.0,0,0,0,29.0,0,4,0,1
1,1,1,63.0,0,1,32.0,0,0,0,23.0,0,3,0,1
1,1,1,72.0,1,1,25.0,0,0,1,20.0,0,6,1,1
1,1,0,48.0,0,1,35.83,0,0,0,23.39,0,2,0,0
1,1,1,88.0,1,1,44.0,0,0,0,20.0,0,1,0,1
1,1,1,47.0,1,1,34.0,0,0,0,23.0,0,1,0,0
1,1,1,43.0,1,1,23.0,0,0,1,22.0,0,1,1,0
1,1,1,53.0,0,0,37.0,1,0,1,29.0,0,3,1,0
1,1,1,44.0,0,1,19.0,0,0,0,16.0,0,2,0,0
1,1,1,321.0,1,1,28.0,0,0,0,18.0,0,6,0,1
1,1,1,107.0,0,1,33.6,0,0,0,18.6,0,6,0,0
1,1,1,70.0,1,1,27.0,0,0,0,22.0,0,1,0,1
1,1,1,70.0,1,1,38.0,0,0,0,25.0,0,1,0,0
1,1,1,48.0,1,1,32.7,0,0,0,28.4,0,2,0,0
1,0,1,288.0,1,1,34.0,0,0,0,32.0,0,1,0,0
1,1,1,44.0,1,1,36.0,0,0,1,29.0,1,1,1,1
1,1,1,48.0,0,1,38.0,0,0,0,31.0,0,2,0,0
1,1,1,177.0,1,1,40.4,0,0,0,17.9,0,1,0,0
1,1,1,141.0,1,1,20.0,0,0,0,19.0,0,6,0,1
1,1,1,96.0,1,1,31.0,0,0,0,25.0,0,1,0,1
1,1,1,120.0,1,1,28.0,0,0,0,26.0,1,1,0,0
1,1,1,400.0,1,0,55.0,0,0,0,24.0,0,3,0,0
1,1,0,11.0,1,1,33.0,0,0,0,29.0,1,2,0,1
1,1,1,72.0,1,1,26.0,0,1,0,25.0,0,1,0,0
1,1,1,62.0,1,1,27.0,0,0,0,23.0,0,2,0,0
1,1,1,120.0,1,1,42.09,0,0,0,30.15,0,1,0,0
1,1,1,107.0,1,1,39.0,0,0,1,33.0,0,1,1,0
1,1,1,63.0,1,1,30.71,0,0,0,24.0,0,5,0,0
1,1,1,61.0,0,1,27.0,0,0,0,20.0,0,1,0,1
1,0,1,28.0,1,1,25.0,0,0,1,22.0,0,1,1,1
1,1,1,128.0,1,1,26.22,0,0,0,25.58,0,1,0,1
1,1,0,27.0,0,1,31.0,0,0,0,29.0,0,1,0,0
2,1,1,347.0,1,1,24.0,0,0,0,22.0,0,1,0,1
1,1,1,106.0,1,1,35.0,0,0,0,31.0,0,2,0,1
1,1,1,115.0,1,1,35.0,0,0,0,24.4,0,1,0,0
1,1,1,43.0,1,1,36.6,0,0,0,28.2,0,1,0,1
1,1,1,87.0,1,1,39.45,0,0,0,33.23,0,1,0,1
1,1,1,73.0,1,1,33.12,0,0,0,17.25,0,2,0,0
1,1,1,54.0,1,1,33.57,0,0,0,32.46,0,1,0,1
1,1,1,36.0,1,1,43.0,0,0,0,27.0,0,1,0,1
1,1,1,92.0,1,1,38.0,0,0,0,31.0,0,2,0,0
1,1,1,999999.4,1,1,11.0,0,0,0,9.0,0,1,0,0
1,0,0,34.0,0,1,31.0,0,0,1,19.0,0,2,1,1
1,1,1,155.0,1,1,47.0,0,0,0,36.0,0,5,0,1
1,1,1,110.0,1,1,35.34,0,0,0,27.44,1,3,0,0
1,1,1,33.0,0,1,38.0,0,0,0,33.0,0,5,0,1
1,1,1,75.0,0,1,38.0,0,0,0,23.0,0,2,0,0
1,1,1,71.0,0,1,43.0,0,0,0,30.0,1,2,0,1
2,1,0,189.0,0,1,12.0,0,0,0,7.0,0,1,0,1
1,0,0,44.0,0,0,21.0,0,0,0,21.0,0,3,0,1
1,1,1,116.0,1,1,36.0,0,0,0,34.0,0,1,0,0
2,1,1,96.0,1,1,24.0,0,0,0,17.0,0,1,0,1
1,1,1,72.0,1,1,38.0,0,0,1,34.0,0,2,1,0
1,1,1,67.0,0,1,29.0,0,0,0,24.0,0,1,0,0
1,1,1,5.0,1,1,38.0,0,0,0,34.0,0,1,0,0
2,1,1,79.0,1,1,27.52,0,0,0,20.33,0,1,0,0
1,1,1,34.0,0,1,20.0,0,0,0,20.0,0,1,0,0
1,1,1,85.0,1,0,46.0,0,0,0,43.0,0,5,0,0
1,1,1,29.0,0,1,39.0,0,0,0,27.0,0,1,0,1
1,1,1,48.0,1,1,38.0,0,0,1,31.0,0,5,1,0
1,1,1,59.0,1,1,35.0,0,0,1,26.0,0,1,1,0
1,0,1,66.0,1,1,25.0,0,0,0,22.0,0,3,0,1
1,1,1,50.0,0,1,21.9,0,0,0,21.4,0,1,0,0
1,1,1,48.0,1,1,38.0,0,0,0,33.0,1,2,0,1
1,0,1,33.0,0,1,42.66,0,0,0,29.92,0,1,0,1
1,1,0,234.0,1,1,28.0,0,0,0,28.0,0,1,0,0
1,0,1,22.0,0,1,46.0,0,0,0,33.0,0,4,0,1
1,1,1,131.0,1,1,38.0,0,0,1,27.0,0,2,1,1
1,1,0,71.0,0,1,36.0,0,0,0,32.2,0,5,0,1
1,1,1,54.0,1,1,14.0,0,0,0,9.0,0,1,0,0
1,0,1,49.0,1,1,32.0,0,0,1,29.0,0,5,1,0
1,1,1,153.0,1,1,49.0,0,0,0,34.0,0,1,0,0
1,1,1,330.0,1,1,29.0,0,0,0,15.0,0,2,0,0
1,1,1,107.0,1,1,30.08,0,0,1,28.64,0,1,1,0
1,1,1,69.0,1,1,31.0,1,1,1,24.0,0,2,1,0
1,1,1,42.0,1,1,32.0,0,0,0,26.0,0,3,0,0
1,1,0,47.0,0,1,33.0,0,0,0,26.0,0,2,0,1
1,0,1,32.0,0,1,32.0,0,0,1,32.0,0,4,1,1
1,1,1,40.0,0,0,35.0,1,1,1,33.0,0,1,1,1
2,1,1,57.0,1,1,36.0,0,0,0,36.0,0,1,0,0
1,1,1,60.0,1,1,36.0,0,0,0,26.0,0,1,0,0
1,1,1,288.0,0,0,20.0,0,0,0,7.0,0,6,0,0
1,1,1,41.0,1,1,36.5,0,0,0,28.0,1,1,0,0
1,1,1,69.0,1,1,34.0,0,0,1,23.0,0,1,1,0
1,1,1,33.0,0,1,35.0,0,0,0,35.0,0,1,0,1
1,1,1,35.0,0,1,38.4,0,0,0,28.0,0,2,0,0
1,0,1,47.0,1,0,39.0,0,0,1,29.0,1,6,1,1
1,0,1,350.0,0,1,20.0,0,0,0,11.0,0,1,0,1
1,1,1,143.0,0,1,28.31,0,0,0,15.1,0,2,0,1
1,1,0,28.0,1,1,29.8,0,0,0,25.9,0,1,0,0
1,1,1,108.0,1,1,28.0,0,0,0,25.0,0,2,0,0
1,1,0,39.0,1,1,17.0,0,0,0,17.0,0,1,0,0
1,1,1,84.0,1,1,55.0,0,0,0,23.0,0,3,0,0
1,1,0,144.0,0,1,25.0,0,0,0,14.5,0,1,0,0
1,1,1,37.0,0,1,23.0,0,0,0,21.0,0,1,0,1
1,1,1,42.0,1,1,21.0,0,0,0,19.0,0,2,0,0
1,1,1,45.0,0,1,36.0,0,0,1,34.0,0,1,1,0
1,1,1,56.0,1,1,31.0,0,0,0,29.0,0,1,0,0
1,1,1,75.0,0,1,41.69,1,0,1,21.09,0,2,1,1
1,1,0,26.0,0,1,32.0,0,0,1,32.0,0,1,1,1
1,1,0,43.0,0,1,32.0,1,0,1,24.0,0,1,1,1
1,1,1,48.0,0,1,27.0,0,0,0,23.0,1,3,0,1
1,1,1,68.0,0,0,47.0,0,0,0,32.0,0,5,0,0
1,1,1,284.0,1,0,29.0,0,0,0,23.0,0,6,0,1
1,0,0,24.0,1,0,22.0,1,0,1,19.0,0,2,1,1
1,1,1,70.0,0,1,23.0,0,0,0,21.0,0,1,0,0
1,1,1,40.0,1,1,35.0,0,0,0,35.0,0,2,0,0
1,0,1,43.0,1,1,40.0,0,0,0,34.0,0,1,0,1
1,1,1,85.0,1,1,32.5,0,0,0,27.79,0,5,0,0
1,1,1,29.0,0,1,39.24,0,0,0,24.79,0,1,0,0
1,1,1,33.0,1,1,36.0,0,0,1,22.0,0,2,1,0
1,1,1,75.0,1,1,44.47,0,0,0,36.07,0,2,0,1
1,1,0,85.0,1,1,34.1,0,0,1,25.1,0,1,1,0
1,1,0,43.0,0,1,28.0,0,0,0,25.0,0,1,0,0
1,1,1,38.0,1,1,34.4,0,0,1,25.1,0,1,1,0
1,1,1,59.0,1,1,27.9,0,0,0,20.8,0,1,0,0
1,1,0,53.0,0,1,43.91,0,0,0,42.61,0,6,0,1
1,1,1,420.0,1,1,49.0,0,0,0,12.0,0,5,0,0
1,1,1,37.0,0,1,33.0,0,0,0,31.0,0,1,0,0
1,1,0,89.0,0,1,35.0,0,0,0,30.0,0,1,0,1
1,1,1,88.0,1,1,33.0,0,0,0,32.0,0,1,0,1
1,1,1,34.0,0,1,10.0,0,0,1,8.0,0,1,1,0
1,1,1,35.0,1,1,26.0,0,0,0,26.0,0,1,0,1
1,1,1,48.0,1,1,34.0,0,0,1,30.0,0,1,1,1
1,1,1,88.0,1,1,22.0,0,0,1,21.0,0,1,1,0
1,1,1,101.0,1,1,37.0,0,0,1,28.0,0,1,1,0
1,0,0,38.0,1,1,33.59,0,0,0,21.94,0,1,0,1
1,1,0,71.0,1,1,29.4,0,0,1,25.3,0,1,1,0
1,1,1,105.0,1,0,50.0,0,0,0,29.0,0,2,0,0
1,1,1,44.0,1,1,31.67,0,0,0,20.89,0,1,0,0
1,0,0,67.0,0,0,35.0,0,0,0,26.0,1,6,0,1
1,1,0,31.0,0,1,34.0,0,0,0,20.0,0,1,0,1
1,1,1,48.0,0,1,38.0,0,0,1,24.0,0,1,1,1
1,0,0,32.0,0,1,42.0,0,0,1,32.0,0,1,1,1
1,1,1,45.0,1,1,32.0,0,0,1,22.1,0,1,1,0
1,0,1,81.0,1,1,37.45,0,0,1,26.3,0,2,1,0
1,1,1,63.0,1,1,36.0,0,0,1,22.0,0,2,1,0
1,1,1,101.0,1,1,32.0,0,0,0,29.0,0,2,0,0
1,1,0,68.0,0,1,36.0,0,0,1,35.0,0,1,1,1
2,1,1,68.0,1,1,41.0,0,0,0,12.0,0,1,0,1
1,1,1,47.0,1,1,39.0,0,0,0,34.0,0,1,0,1
1,1,1,37.0,1,1,40.0,0,0,0,32.0,0,1,0,1
1,1,1,33.0,0,1,39.9,0,0,0,27.2,0,1,0,1
1,1,1,56.0,0,0,43.0,0,0,0,34.0,0,6,0,0
1,1,1,85.0,1,1,39.0,0,0,0,20.0,0,1,0,0
1,0,1,41.0,0,1,39.28,0,0,0,30.38,0,6,0,1
2,1,1,44.0,1,1,52.0,0,0,0,31.0,0,1,0,1
1,0,0,56.0,1,0,28.66,0,0,0,19.92,1,6,0,1
1,1,1,430.0,1,1,24.5,0,0,0,21.3,0,1,0,1
1,1,1,70.0,1,1,38.21,0,0,0,33.09,0,1,0,0
1,1,1,49.0,0,1,37.0,0,0,0,30.0,0,1,0,1
1,1,1,65.0,1,1,32.4,0,0,0,15.6,0,1,0,1
1,1,0,120.0,0,1,13.0,0,0,0,11.0,0,1,0,1
1,1,1,91.0,0,1,36.0,0,0,1,20.0,1,6,1,1
1,1,1,53.0,0,1,37.0,0,0,1,33.0,0,2,1,0
1,1,0,48.0,1,1,37.0,0,0,0,29.0,0,1,0,0
1,1,1,43.0,1,1,33.1,0,0,1,25.4,0,3,1,0
1,1,1,58.0,1,1,36.4,0,0,0,24.9,0,1,0,0
1,1,1,40.0,0,1,38.0,1,0,1,31.0,0,1,1,0
1,1,0,69.0,0,1,32.0,0,0,0,26.0,0,2,0,0
1,1,1,59.0,1,0,37.0,1,0,1,22.0,1,6,1,0
1,1,1,82.0,1,1,29.0,0,0,0,28.0,0,2,0,1
1,0,1,49.0,1,1,34.0,0,0,0,32.0,1,6,0,0
1,0,0,66.0,0,0,41.0,0,0,0,27.0,1,5,0,1
1,1,1,108.0,1,1,43.0,0,0,0,24.0,0,2,0,0
1,1,1,204.0,1,1,15.0,0,0,0,7.0,0,1,0,1
1,1,1,64.0,1,1,22.0,0,0,0,21.0,0,2,0,0
1,1,1,52.0,0,0,35.9,0,0,1,28.9,0,2,1,0
1,1,0,80.0,0,0,32.2,0,0,1,23.1,0,6,1,0
1,1,1,7.0,1,0,300.0,0,1,0,300.0,0,1,0,1
1,1,1,54.0,0,1,37.0,0,0,0,27.0,0,2,0,0
1,0,1,38.0,1,1,38.0,0,0,1,31.0,0,1,1,1
1,1,1,48.0,1,1,31.9,0,0,0,27.8,0,2,0,0
1,0,1,57.0,1,1,33.0,0,0,0,24.0,0,1,0,0
2,1,1,261.0,1,1,7.0,0,1,0,2.0,0,1,0,1
1,1,1,101.0,1,1,36.0,0,0,0,24.0,0,5,0,0
1,1,0,32.0,0,1,57.0,0,0,0,36.0,0,1,0,1
2,1,1,82.0,1,1,24.0,0,0,0,8.0,0,3,0,1
1,1,1,42.0,0,1,39.0,0,0,1,30.0,0,2,1,0
1,1,0,51.0,0,1,35.0,0,0,0,28.0,0,1,0,0
1,1,1,108.0,1,1,31.58,0,0,0,16.91,0,1,0,1
1,1,0,38.0,1,1,37.67,0,0,0,31.24,0,1,0,1
1,1,1,33.0,1,1,24.2,0,0,0,17.7,0,1,0,0
1,1,1,38.0,1,0,26.5,1,0,1,26.5,1,2,1,0
1,1,1,999999.4,1,0,42.0,0,0,0,29.0,1,6,0,1
1,1,1,93.0,0,1,35.0,0,0,0,26.0,0,3,0,0
1,1,1,113.0,1,1,32.0,0,0,0,31.0,0,1,0,0
1,1,0,41.0,0,1,41.0,0,0,0,29.0,0,1,0,1
1,1,1,67.0,0,1,25.0,0,0,0,24.0,0,2,0,0
1,0,1,30.0,0,1,29.0,0,0,0,27.0,0,1,0,1
1,1,1,72.0,0,1,40.01,0,0,0,27.88,0,1,0,0
1,1,1,79.0,0,1,29.0,0,0,0,29.0,0,1,0,0
1,1,1,120.0,1,1,49.0,0,0,0,27.0,0,1,0,1
1,1,1,34.0,1,1,31.0,0,0,0,19.0,0,5,0,0
1,1,1,43.0,1,1,37.3,0,0,0,31.5,0,1,0,0
1,1,1,99.0,0,1,33.0,0,0,0,25.0,0,2,0,0
1,1,0,51.0,0,1,37.5,0,0,0,26.97,0,1,0,1
1,1,1,44.0,1,1,31.0,0,0,0,26.0,0,1,0,1
1,1,1,63.0,1,1,40.0,0,0,0,32.0,0,1,0,0
1,1,1,141.0,1,1,27.0,0,0,1,27.0,0,6,1,1
1,1,1,195.0,0,0,32.0,0,0,0,12.0,1,3,0,0
1,1,1,92.0,1,0,16.0,0,0,0,14.0,0,6,0,0
1,1,1,72.0,0,1,29.0,0,0,0,26.0,0,1,0,1
1,1,0,54.0,0,1,37.0,0,0,0,28.0,0,1,0,0
1,1,1,123.0,1,1,39.0,0,0,0,19.0,0,1,0,0
1,1,1,52.0,1,1,27.9,0,0,1,27.5,0,1,1,0
1,1,1,55.0,1,1,26.6,0,0,1,21.2,0,1,1,1
2,1,1,70.0,1,1,34.0,0,0,0,27.0,0,2,0,0
1,1,1,277.0,0,1,25.3,0,0,0,16.8,0,6,0,0
1,1,1,66.0,1,1,27.0,0,0,0,23.0,0,1,0,1
2,1,1,47.0,1,1,45.0,0,0,0,21.0,0,2,0,0
1,0,1,34.0,1,0,42.0,1,1,1,27.0,0,3,1,1
1,1,0,72.0,0,1,28.2,0,0,1,25.12,0,2,1,0
1,1,1,36.0,1,1,15.0,0,1,0,13.0,0,1,0,1
1,0,0,39.0,0,1,81.42,0,0,0,39.33,1,3,0,0
1,1,1,47.0,1,0,95.0,0,0,0,44.0,0,6,0,0
1,1,1,71.0,0,1,32.0,0,0,0,22.0,0,1,0,0
1,1,1,63.0,1,1,33.0,0,0,0,27.0,0,1,0,1
1,1,1,122.0,1,1,35.77,0,0,0,14.12,0,1,0,0
1,1,1,46.0,0,1,36.0,0,1,0,23.0,0,1,0,1
1,1,1,72.0,1,1,24.0,0,0,0,24.0,0,1,0,0
1,0,1,60.0,0,1,35.0,0,0,0,22.0,0,3,0,1
1,1,1,30.0,0,1,31.0,0,0,0,31.0,0,4,0,0
1,1,1,37.0,0,1,27.0,0,0,0,27.0,0,1,0,1
1,1,0,47.0,0,1,28.0,0,0,0,20.0,0,1,0,1
1,1,1,151.0,1,1,31.9,0,0,0,31.5,0,1,0,0
1,1,1,130.0,1,1,32.0,0,0,0,25.0,0,1,0,1
1,1,1,71.0,1,1,39.0,0,0,1,25.0,0,2,1,0
1,0,1,75.0,0,1,29.0,0,0,1,27.0,0,1,1,0
1,1,1,56.0,1,1,31.06,0,0,1,30.15,0,1,1,0
1,1,1,120.0,1,1,38.0,0,0,0,33.0,0,2,0,0
1,1,1,56.0,1,1,35.0,0,1,0,21.0,0,2,0,0
1,1,1,37.0,0,1,35.0,0,0,0,30.0,1,1,0,1
1,1,1,75.0,1,1,29.0,0,0,1,19.0,0,2,1,0
1,1,1,49.0,1,1,37.31,0,0,1,28.38,1,6,1,0
1,1,1,100.0,1,1,11.0,0,0,0,6.0,0,1,0,1
1,1,1,108.0,1,1,35.51,0,0,0,19.98,0,3,0,0
1,1,1,122.0,1,1,36.0,0,0,0,27.0,0,2,0,1
1,1,1,477.0,1,1,27.7,0,0,0,20.5,0,2,0,1
1,1,1,101.0,1,1,36.4,0,0,1,20.3,0,1,1,0
1,1,1,56.0,0,1,36.8,0,0,0,28.28,0,1,0,1
1,1,0,56.0,1,1,35.0,0,0,1,30.3,0,5,1,0
1,1,1,49.0,0,1,34.0,0,0,1,29.0,0,3,1,1
1,1,1,55.0,1,1,27.0,0,1,0,23.0,0,1,0,0
1,1,1,87.0,0,1,33.4,0,0,1,26.9,0,1,1,0
1,1,1,119.0,1,1,23.5,0,0,0,22.6,0,1,0,0
1,1,1,213.0,1,1,24.0,0,0,0,20.0,0,1,0,0
1,1,1,59.0,0,1,39.2,0,0,1,26.8,0,1,1,0
1,1,1,471.0,1,1,28.0,0,1,0,26.0,0,3,0,0
1,1,1,72.0,1,1,25.0,0,1,0,9.0,1,1,0,0
1,1,1,74.0,1,1,36.0,0,0,1,27.0,0,2,1,0
1,1,0,55.0,0,1,36.0,0,0,1,29.0,0,1,1,0
1,1,0,46.0,1,1,28.4,0,0,0,28.14,0,1,0,0
1,1,1,132.0,1,1,33.0,0,0,0,20.0,0,1,0,0
1,1,0,45.0,0,1,29.0,0,0,0,28.0,0,1,0,1
1,1,1,63.0,0,1,36.0,0,0,1,25.0,1,5,1,0
1,1,0,122.0,0,1,57.0,0,0,0,38.0,0,1,0,0
1,0,0,56.0,0,1,39.0,0,0,0,28.0,0,1,0,0
1,0,1,46.0,0,1,36.8,0,0,1,28.1,0,2,1,1
1,1,1,66.0,1,1,37.0,0,0,0,30.0,0,1,0,0
1,1,1,84.0,1,1,29.9,0,0,0,26.7,0,1,0,0
1,1,1,39.0,1,1,39.0,0,0,0,33.0,0,2,0,0
1,1,1,128.0,1,1,21.7,0,0,0,21.3,0,1,0,0
1,1,1,54.0,1,1,41.0,0,0,0,30.0,0,1,0,0
1,0,1,80.0,0,0,8.0,0,0,0,8.0,0,4,0,1
1,1,1,50.0,1,1,34.66,0,0,0,31.58,0,2,0,1
1,1,1,138.0,1,1,18.0,0,0,0,18.0,0,1,0,0
1,0,1,60.0,1,1,30.0,0,1,0,25.0,0,6,0,0
1,1,1,157.0,1,1,23.0,0,0,0,14.0,0,1,0,1
1,1,0,48.0,0,1,31.6,0,0,1,28.89,0,1,1,1
1,1,0,39.0,0,1,30.0,0,0,0,26.0,0,1,0,0
1,1,0,45.0,0,1,25.0,0,0,0,18.0,0,1,0,1
1,1,1,56.0,1,1,31.0,0,1,0,31.0,0,1,0,1
1,1,1,50.0,0,0,47.0,0,0,0,13.0,1,3,0,1
1,1,0,58.0,1,1,29.0,0,0,0,22.0,0,2,0,1
1,1,1,242.0,0,1,32.05,0,0,0,31.7,0,1,0,1
1,1,1,169.0,1,1,20.0,0,0,0,8.0,0,1,0,0
1,1,1,41.0,1,1,43.0,0,0,1,32.0,0,1,1,1
1,1,1,54.0,0,1,40.0,0,0,0,18.0,0,1,0,0
1,0,1,65.0,1,1,34.0,0,0,0,31.0,0,3,0,1
1,1,1,66.0,1,1,42.0,0,0,0,32.0,0,1,0,0
1,0,1,70.0,1,1,23.11,0,0,1,20.72,0,1,1,0
1,1,1,34.0,0,1,31.0,0,0,0,30.0,0,1,0,0
1,1,1,83.0,1,1,39.05,0,0,0,36.52,0,1,0,0
1,0,0,56.0,0,1,58.0,0,0,0,51.0,1,1,0,1
1,1,1,60.0,1,1,38.0,0,0,0,31.0,0,5,0,0
1,1,0,53.0,0,1,30.4,0,0,0,27.5,0,2,0,0
1,1,1,86.0,1,1,34.0,0,0,0,24.0,1,1,0,0
1,1,1,118.0,1,1,34.0,0,0,0,30.0,0,1,0,1
1,0,0,31.0,0,0,83.0,0,1,0,49.0,0,5,0,1
1,1,1,45.0,0,1,38.0,0,0,0,28.0,0,1,0,0
1,1,1,67.0,1,1,22.0,0,0,0,21.0,0,1,0,0
1,1,0,60.0,0,1,31.68,0,0,0,23.88,0,1,0,1
1,1,1,96.0,1,1,24.0,0,0,0,24.0,0,1,0,0
1,1,1,57.0,0,1,33.27,0,0,0,26.77,0,1,0,0
1,0,1,51.0,1,0,33.0,0,0,0,33.0,0,5,0,1
1,1,1,130.0,0,1,39.0,0,0,0,27.9,0,1,0,1
1,1,1,73.0,1,1,14.0,0,0,0,9.0,0,1,0,0
1,1,1,19.0,0,1,35.0,0,0,1,26.0,0,2,1,1
1,0,0,34.0,0,1,43.0,0,0,0,34.0,0,1,0,0
1,1,1,180.0,1,1,19.0,0,0,0,13.0,0,1,0,1
1,0,1,104.0,1,1,35.0,0,0,1,22.0,0,2,1,1
1,1,1,44.0,0,1,23.0,0,0,0,23.0,0,1,0,0
1,1,1,123.0,0,1,32.0,0,0,0,29.0,0,1,0,1
1,1,0,53.0,0,1,36.0,0,0,0,31.0,0,1,0,1
1,0,0,26.0,0,1,32.88,0,0,1,30.24,0,1,1,0
1,0,1,71.0,0,1,30.83,0,0,0,18.85,0,2,0,1
1,1,1,53.0,0,1,37.0,0,0,1,34.0,0,1,1,0
1,0,0,26.0,0,0,47.9,0,0,0,47.5,0,6,0,1
1,0,0,55.0,1,1,38.0,0,0,0,27.0,0,1,0,1
1,1,0,60.0,1,1,26.0,0,0,0,22.0,0,2,0,1
1,1,1,72.0,1,1,37.0,0,0,1,28.0,0,2,1,0
1,1,1,47.0,1,1,33.0,0,0,1,30.0,0,1,1,0
1,1,1,106.0,1,1,23.0,0,1,0,13.0,0,1,0,0
1,1,0,72.0,0,1,37.79,0,0,0,22.86,0,1,0,0
1,1,0,48.0,0,1,35.56,0,0,0,25.04,0,1,0,0
1,1,1,46.0,0,1,28.8,0,0,0,28.8,0,4,0,0
1,0,1,111.0,1,1,30.1,0,0,0,27.8,0,2,0,1
1,0,1,101.0,0,1,34.0,0,0,0,17.0,0,6,0,0
1,1,1,76.0,1,1,32.0,0,0,1,29.0,0,1,1,0
1,1,1,45.0,1,1,38.0,0,0,0,28.0,0,5,0,0
1,1,1,184.0,1,1,39.0,0,0,0,30.0,1,1,0,0
2,1,1,43.0,0,1,10.43,0,0,0,9.64,0,4,0,1
1,1,1,48.0,1,0,36.0,0,0,0,26.0,1,6,0,1
1,1,1,77.0,1,1,42.0,0,0,0,23.0,0,2,0,0
1,1,1,115.0,1,1,35.0,0,0,0,34.0,0,1,0,0
1,1,1,70.0,1,1,30.4,0,0,0,28.8,0,1,0,0
1,1,1,43.0,0,1,36.14,0,0,1,33.7,0,1,1,1
1,1,1,64.0,0,1,34.0,0,0,0,29.0,0,1,0,0
1,1,1,51.0,1,1,26.0,0,0,0,23.0,0,1,0,0
1,1,1,57.0,0,1,37.0,0,0,1,26.0,0,5,1,0
1,1,1,78.0,1,1,27.0,0,0,1,22.0,0,3,1,1
1,0,1,141.0,1,1,38.2,0,0,0,26.6,0,6,0,0
1,1,0,63.0,0,1,35.0,0,0,0,21.0,0,1,0,0
1,1,1,84.0,1,1,38.0,0,0,0,30.0,0,2,0,0
1,1,1,64.0,1,1,28.0,0,0,1,26.0,0,1,1,0
1,0,1,63.0,0,1,37.14,0,0,1,31.89,0,2,1,0
1,1,1,83.0,1,1,36.4,0,0,1,27.6,0,1,1,0
1,1,1,31.0,1,1,27.9,0,0,0,27.9,0,5,0,0
1,1,1,65.0,1,1,34.0,0,0,0,33.0,1,1,0,0
1,1,0,37.0,0,1,83.0,0,1,0,72.0,0,3,0,1
1,1,0,67.0,0,0,28.0,0,0,0,23.0,0,3,0,0
1,1,1,72.0,1,1,44.0,0,0,0,37.0,0,2,0,0
1,1,1,56.0,1,1,36.0,0,0,1,28.0,0,5,1,1
1,1,1,64.0,0,1,39.0,0,0,1,28.0,0,1,1,0
1,0,1,32.0,1,1,24.0,0,0,1,24.0,0,3,1,1
1,1,1,204.0,1,1,17.6,0,0,0,12.0,0,2,0,0
1,1,0,53.0,0,1,37.0,0,0,0,33.0,0,1,0,1
1,1,1,117.0,1,1,31.0,0,0,0,20.0,0,6,0,0
1,1,1,82.0,0,1,29.0,0,0,0,21.0,0,1,0,0
1,1,1,54.0,1,1,36.0,0,0,0,31.0,0,1,0,1
1,1,1,139.0,1,1,31.0,0,0,0,22.0,0,5,0,0
1,1,1,77.0,0,1,39.0,0,0,0,30.0,0,1,0,1
1,1,1,54.0,1,1,31.9,0,0,0,28.2,0,1,0,1
1,0,1,51.0,1,1,38.0,0,0,0,29.0,0,6,0,0
1,0,0,67.0,0,1,39.0,0,0,1,34.0,0,1,1,0
1,1,1,72.0,0,1,25.4,0,0,0,24.3,0,1,0,1
1,1,0,24.0,0,1,45.0,0,0,0,45.0,0,1,0,0
1,1,1,71.0,1,1,36.61,0,0,1,24.9,0,6,1,0
1,1,1,71.0,1,1,36.29,0,0,0,30.15,0,1,0,1
1,1,1,76.0,0,1,29.0,0,0,0,24.0,0,1,0,1
1,1,1,69.0,1,1,35.6,0,0,0,30.7,0,2,0,0
1,1,1,21.0,0,1,25.38,0,0,0,25.38,0,4,0,1
1,0,1,77.0,1,0,41.67,0,0,0,26.51,0,5,0,0
1,1,0,61.0,1,1,37.5,0,0,1,29.2,0,1,1,0
1,1,0,21.0,0,1,33.0,0,0,1,27.0,0,3,1,1
1,1,1,74.0,1,0,39.96,0,0,0,26.58,1,2,0,0
1,1,0,27.0,0,1,38.0,0,0,0,28.0,0,1,0,1
1,1,1,46.0,1,1,32.0,0,0,0,32.0,0,1,0,0
1,0,0,55.0,0,1,25.0,0,0,0,18.0,0,2,0,1
1,1,1,69.0,1,1,36.0,0,0,0,27.0,0,5,0,1
1,1,1,147.0,1,1,24.0,0,1,0,12.0,0,1,0,0
1,1,1,49.0,0,1,33.27,0,0,0,32.19,1,6,0,0
1,1,1,110.0,0,1,31.1,0,0,0,27.0,0,2,0,0
1,1,1,122.0,1,1,35.0,0,0,0,30.0,0,1,0,1
1,1,1,52.0,1,1,33.97,0,1,0,17.82,0,2,0,1
1,1,1,23.0,1,1,78.0,0,1,0,72.0,0,1,0,0
1,1,1,59.0,1,1,29.7,0,0,1,26.3,0,2,1,0
1,1,0,34.0,0,1,33.0,0,0,0,33.0,0,1,0,0
1,1,0,28.0,0,1,38.0,0,0,0,36.0,0,1,0,1
1,1,1,66.0,1,0,36.0,0,0,0,27.0,0,3,0,0
1,1,1,50.0,1,1,40.0,0,0,1,35.0,0,1,1,0
1,1,1,100.0,1,1,20.0,0,0,0,20.0,0,1,0,0
2,1,1,72.0,0,1,61.0,0,0,0,26.0,0,1,0,1
1,1,1,47.0,1,1,47.0,0,0,0,47.0,0,1,0,0
1,1,1,749.0,1,1,65.0,0,0,0,44.0,1,1,0,1
1,1,0,34.0,0,1,34.0,0,0,0,32.0,0,1,0,0
1,1,1,39.0,1,1,35.0,0,0,0,29.0,0,1,0,1
1,1,1,45.0,1,1,25.75,0,0,0,21.45,0,1,0,0
1,1,1,107.0,1,1,21.9,0,0,0,16.9,0,1,0,0
1,1,1,77.0,1,1,37.0,0,0,0,23.0,0,1,0,1
1,1,1,77.0,0,1,21.0,0,0,0,21.0,0,1,0,1
1,1,1,57.0,0,1,30.0,0,0,0,26.0,0,4,0,0
1,1,1,43.0,1,1,36.0,0,0,1,30.0,0,2,1,0
1,1,1,54.0,1,1,30.0,0,0,1,26.5,0,2,1,0
1,1,1,56.0,1,1,38.0,0,0,0,23.0,0,2,0,1
1,1,1,48.0,1,1,38.0,0,0,0,35.0,1,6,0,0
1,1,1,71.0,0,1,40.7,0,0,0,33.7,0,1,0,1
1,1,1,84.0,1,1,33.0,0,0,0,16.0,0,5,0,1
1,1,1,99.0,1,1,37.2,0,0,0,24.8,0,1,0,0
1,1,0,28.0,0,1,35.0,0,0,0,28.0,0,2,0,1
1,0,1,56.0,0,1,49.97,0,0,0,35.53,0,1,0,0
2,1,0,85.0,0,1,34.0,0,0,0,16.0,0,2,0,1
1,1,1,114.0,1,1,28.0,0,0,0,22.0,0,1,0,1
1,1,1,42.0,1,1,31.36,0,1,0,28.76,0,2,0,1
1,1,1,99.0,1,1,29.0,0,0,0,26.0,0,1,0,0
1,1,1,47.0,0,1,37.0,0,0,1,30.0,0,1,1,1
1,1,0,999999.4,0,0,31.0,0,1,0,26.0,0,5,0,0
2,1,1,32.0,0,1,38.0,0,0,0,0.0,0,1,0,1
1,1,1,194.0,1,1,23.1,0,1,0,23.1,0,4,0,0
1,1,0,255.0,0,1,20.0,0,0,0,4.0,0,3,0,0
1,0,1,46.0,1,1,38.1,0,0,1,29.6,0,1,1,0
1,1,1,43.0,0,1,40.0,0,0,0,24.0,0,1,0,1
1,1,1,35.0,0,1,29.0,0,0,0,28.0,0,1,0,1
1,1,0,47.0,0,1,22.0,0,0,0,17.0,0,2,0,0
1,1,1,51.0,1,1,25.0,0,0,0,25.0,0,1,0,1
1,1,1,63.0,0,1,33.0,0,0,0,21.0,0,6,0,0
1,1,1,63.0,1,1,21.9,0,0,0,21.0,0,5,0,0
1,1,1,106.0,1,1,30.0,0,0,0,24.0,0,3,0,0
1,1,1,63.0,0,1,36.0,0,0,0,26.0,0,2,0,0
1,1,0,40.0,0,1,23.0,0,0,0,23.0,0,5,0,1
1,1,1,44.0,0,1,73.0,0,0,0,71.0,0,1,0,1
1,1,0,48.0,1,1,40.0,0,0,0,27.0,0,2,0,1
1,1,1,68.0,1,1,25.0,0,0,0,25.0,0,4,0,0
1,1,0,49.0,0,1,26.0,0,0,0,25.0,0,2,0,0
1,0,0,23.0,0,1,35.0,0,0,1,23.0,0,2,1,1
1,1,1,34.0,1,1,39.1,0,0,1,32.5,0,1,1,1
1,1,1,122.0,0,1,41.0,0,0,0,23.0,0,1,0,0
3,1,1,70.0,1,1,22.0,0,0,0,22.0,0,2,0,1
1,1,1,62.0,1,1,36.0,0,0,0,28.0,1,1,0,0
1,1,1,78.0,1,1,23.0,0,0,0,23.0,0,1,0,0
1,1,1,48.0,1,1,23.0,0,0,0,19.0,0,1,0,1
1,1,1,75.0,1,1,30.88,0,0,0,22.56,0,1,0,1
1,1,0,31.0,0,1,24.0,0,0,0,21.0,0,1,0,1
1,1,0,64.0,0,1,29.6,0,0,0,27.0,0,6,0,0
1,1,1,70.0,1,1,53.0,0,0,0,30.0,0,2,0,0
1,1,1,205.0,1,1,41.0,0,0,0,7.0,0,2,0,1
1,1,1,39.0,1,1,29.0,0,1,0,29.0,0,1,0,0
1,1,0,43.0,0,1,30.0,0,0,0,29.0,0,2,0,0
1,0,1,44.0,1,0,44.0,0,1,0,39.0,1,6,0,0
1,1,1,55.0,1,1,38.6,0,0,1,30.1,0,1,1,0
1,0,1,27.0,0,0,43.0,0,0,0,36.0,0,4,0,1
1,0,1,21.0,1,0,18.4,0,0,0,16.4,1,2,0,1
1,1,1,35.0,1,1,21.0,0,0,0,16.0,0,1,0,0
1,1,1,44.0,1,1,40.0,0,0,1,31.0,0,5,1,1
1,1,1,56.0,0,0,38.0,0,0,0,37.0,0,3,0,0
2,1,1,36.0,1,1,21.0,0,0,0,18.0,0,1,0,1
1,0,1,79.0,0,1,33.0,0,0,0,27.0,0,1,0,1
1,1,0,54.0,0,1,36.0,0,0,0,33.0,0,2,0,1
1,1,0,105.0,1,1,45.0,0,0,0,23.8,0,6,0,0
1,0,1,45.0,0,1,36.0,0,0,0,28.0,0,6,0,1
1,1,1,73.0,1,0,35.0,0,0,0,26.0,0,4,0,0
1,0,1,33.0,1,1,37.1,0,0,1,24.5,0,1,1,1
1,1,1,76.0,1,1,34.0,0,0,0,26.0,0,1,0,1
1,1,1,33.0,1,1,31.0,0,0,0,31.0,0,1,0,1
1,1,1,69.0,1,0,34.0,0,0,0,28.0,0,6,0,1
1,0,0,26.0,0,0,39.0,1,1,1,28.0,1,5,1,1
1,0,1,49.0,1,1,30.0,0,1,1,19.7,0,1,1,1
1,1,1,621.0,1,1,21.6,0,0,0,13.3,0,3,0,0
1,1,1,999999.4,1,1,39.0,0,0,0,31.0,0,2,0,0
1,1,1,92.0,1,1,28.1,0,0,0,27.1,0,1,0,0
1,1,1,54.0,0,1,29.0,0,0,0,16.0,0,1,0,1
1,1,1,69.0,0,1,28.0,0,0,1,22.0,0,4,1,0
1,0,1,75.0,1,1,25.0,0,0,0,13.0,0,2,0,0
1,1,1,78.0,0,0,18.0,0,0,0,18.0,1,6,0,1
1,1,1,52.0,0,1,38.4,0,0,1,26.4,0,1,1,0
1,1,1,71.0,1,1,19.0,0,0,0,17.0,0,1,0,1
1,0,1,62.0,1,0,34.0,0,0,0,27.0,0,4,0,1
1,1,1,68.0,0,1,27.0,0,0,1,21.0,0,1,1,1
1,1,0,112.0,0,1,32.44,0,0,0,29.18,0,1,0,0
1,0,1,72.0,1,1,32.0,0,0,0,13.0,0,2,0,1
1,1,1,180.0,0,0,58.4,0,0,0,44.7,0,6,0,1
1,0,1,39.0,0,0,29.0,0,1,0,25.0,0,4,0,0
1,1,0,67.0,1,1,27.0,0,0,0,22.0,0,1,0,1
1,0,1,80.0,0,1,33.75,0,0,1,22.75,0,1,1,0
1,1,1,71.0,1,1,35.0,0,0,0,22.0,0,1,0,0
1,0,1,67.0,1,1,29.0,0,0,0,28.0,0,1,0,0
1,1,1,58.0,0,1,30.0,0,0,1,33.0,0,1,1,0
1,0,1,39.0,0,1,38.2,0,0,0,27.7,0,6,0,0
1,1,1,130.0,1,1,30.0,0,0,0,24.0,1,1,0,0
1,1,0,52.0,0,1,34.4,0,0,0,34.4,0,1,0,0
1,1,1,48.0,1,1,16.0,0,0,0,16.0,0,1,0,0
1,0,0,32.0,0,1,27.0,0,0,1,20.0,0,1,1,1
1,1,1,34.0,1,1,128.0,0,0,0,73.0,0,1,0,0
1,1,1,999999.4,1,1,29.0,0,0,0,23.0,0,1,0,0
1,0,1,74.0,1,1,20.05,0,0,0,14.6,0,1,0,1
1,1,1,55.0,0,1,27.0,0,0,0,27.0,0,1,0,1
1,1,1,74.0,1,0,37.0,0,0,0,16.0,0,6,0,1
1,1,1,57.0,0,1,36.0,0,0,1,31.0,0,1,1,1
1,1,1,52.0,1,1,32.0,0,0,0,25.0,0,1,0,0
1,1,1,112.0,0,1,37.8,0,0,0,21.4,0,1,0,1
1,1,1,55.0,1,1,36.0,0,0,1,27.0,0,2,1,0
1,1,1,33.0,1,1,26.0,0,0,0,17.0,0,1,0,0
1,1,1,49.0,1,1,34.0,0,0,0,27.0,0,1,0,1
1,1,1,130.0,1,1,26.7,0,0,0,18.5,0,1,0,0
1,1,1,52.0,1,1,37.0,0,0,0,23.2,0,3,0,0
1,0,0,51.0,0,1,38.0,0,0,0,21.0,0,6,0,1
1,1,1,38.0,1,1,31.84,0,0,0,23.56,0,1,0,1
1,1,1,69.0,1,1,36.0,0,0,0,34.0,0,1,0,0
1,1,1,32.0,1,1,28.98,0,0,0,28.2,0,1,0,0
1,1,1,63.0,1,1,37.0,0,0,0,28.0,0,1,0,1
1,1,1,49.0,1,1,35.3,0,0,0,31.0,0,3,0,0
1,1,1,107.0,1,1,19.0,0,0,0,17.0,0,1,0,1
1,0,1,163.0,1,1,26.4,0,0,0,17.5,0,1,0,1
1,1,1,48.0,1,1,31.0,0,0,0,28.0,0,1,0,1
1,1,1,41.0,1,1,29.3,0,0,0,25.0,0,1,0,0
1,1,1,105.0,0,1,23.6,0,0,0,21.1,0,1,0,0
1,1,1,109.0,1,1,37.0,0,0,0,27.0,0,1,0,0
1,0,1,55.0,1,1,38.0,0,0,1,29.0,0,2,1,1
1,1,1,101.0,1,1,57.7,0,0,0,23.0,0,1,0,0
1,1,1,47.0,1,1,24.0,0,0,0,29.0,0,1,0,1
1,1,0,35.0,1,1,28.0,0,0,0,27.0,0,1,0,1
1,1,1,87.0,1,1,36.0,0,0,0,15.0,0,2,0,0
1,1,1,82.0,1,1,29.52,0,0,0,27.16,1,3,0,0
1,0,1,49.0,0,0,32.0,0,0,0,26.0,1,6,0,1
1,1,1,69.0,1,0,28.0,0,0,0,23.0,0,6,0,0
1,0,0,26.0,0,1,43.0,0,0,0,43.0,0,5,0,0
1,1,1,89.0,1,1,39.0,0,0,0,18.0,0,1,0,0
1,0,0,28.0,0,0,39.0,0,1,0,34.0,0,5,0,1
1,1,1,91.0,1,1,29.0,0,0,0,28.0,0,1,0,1
1,1,1,33.0,1,1,37.0,0,0,0,36.0,0,1,0,1
1,1,1,59.0,1,1,35.9,0,0,1,34.2,0,2,1,1
1,1,0,35.0,0,1,31.4,0,0,0,31.4,0,5,0,0
1,1,1,63.0,1,1,34.0,0,0,0,21.0,0,5,0,0
1,1,1,60.0,0,1,31.0,0,0,0,22.0,0,2,0,1
1,1,1,54.0,1,1,38.0,0,0,0,25.0,0,2,0,0
1,0,0,24.0,0,1,31.0,0,0,1,28.0,0,1,1,1
1,1,1,45.0,1,1,34.0,0,0,0,28.0,0,1,0,0
1,1,1,70.0,0,1,37.0,0,0,1,26.0,0,1,1,0
1,1,1,73.0,0,1,32.0,0,0,0,24.0,0,1,0,0
1,1,1,50.0,0,1,36.0,0,0,1,28.0,0,2,1,0
1,1,0,36.0,0,1,33.0,0,0,0,30.0,0,2,0,0
1,1,1,55.0,1,1,38.1,0,0,0,29.7,0,1,0,0
1,1,1,48.0,0,1,28.0,0,0,0,28.0,0,1,0,1
1,0,0,32.0,0,1,32.0,0,0,1,27.0,0,1,1,1
1,1,1,63.0,1,1,35.0,0,0,0,29.0,0,3,0,0
1,1,1,29.0,1,1,36.9,0,0,0,29.9,0,1,0,0
1,1,0,43.0,0,1,32.0,0,0,0,31.0,0,1,0,0
1,0,1,29.0,0,1,38.0,0,0,1,32.0,0,5,1,0
1,0,1,46.0,0,0,44.0,0,0,0,28.0,0,3,0,1
1,1,1,63.0,0,1,44.2,0,1,0,27.13,0,6,0,0
1,1,1,61.0,1,1,26.0,0,0,0,20.0,0,2,0,1
1,1,1,80.0,1,1,33.0,0,0,0,31.0,0,1,0,1
1,1,1,330.0,0,1,37.0,0,0,0,25.0,0,1,0,0
1,1,0,45.0,0,1,33.0,0,1,0,32.0,0,1,0,0
1,1,1,79.0,1,1,30.33,0,1,0,23.8,0,2,0,1
1,1,1,117.0,1,1,37.0,0,0,1,25.0,0,5,1,1
1,1,1,61.0,1,1,35.0,0,0,0,20.0,0,1,0,0
1,0,0,37.0,0,0,52.0,1,0,1,51.0,0,4,1,1
1,0,0,28.0,1,1,29.31,0,0,0,12.54,0,1,0,1
1,1,1,86.0,1,1,33.0,0,0,0,16.0,0,5,0,0
1,0,0,36.0,0,1,39.0,0,0,0,28.0,0,4,0,1
1,1,1,63.0,1,1,30.8,0,0,0,28.0,0,6,0,0
1,0,0,52.0,0,0,44.0,0,0,0,27.0,1,2,0,0
1,1,1,91.0,1,1,40.6,0,0,0,29.0,0,1,0,0
1,1,1,72.0,1,1,27.0,0,0,0,19.0,0,1,0,0
1,0,1,33.0,0,0,25.3,1,1,1,23.7,1,6,1,1
1,1,1,52.0,1,1,34.0,0,0,0,33.0,0,2,0,0
1,1,1,53.0,0,1,32.5,0,0,1,27.2,0,1,1,0
2,1,1,124.0,1,1,33.0,1,0,1,27.0,0,2,1,1
1,1,1,79.0,0,1,36.0,0,0,0,30.0,0,1,0,1
1,1,1,75.0,1,0,33.83,1,0,1,26.9,1,6,1,0
1,1,1,144.0,1,1,48.99,0,0,0,26.51,0,1,0,1
1,1,1,45.0,1,1,28.73,0,0,0,25.14,0,1,0,0
1,1,1,49.0,1,1,29.0,0,0,0,23.0,0,1,0,0
2,1,1,94.0,0,1,142.0,0,0,0,110.0,1,1,0,1
1,1,1,78.0,1,1,28.0,0,0,0,22.0,0,2,0,0
1,1,1,61.0,1,1,36.0,0,0,0,28.0,0,2,0,0
1,0,1,89.0,0,1,30.47,0,0,0,23.9,0,1,0,0
1,1,0,30.0,0,1,29.96,0,0,0,27.64,0,1,0,1
1,1,1,64.0,1,1,33.87,0,0,0,29.36,0,2,0,1
1,1,0,41.0,0,1,37.0,0,0,1,28.0,0,1,1,0
1,0,1,42.0,1,0,39.0,0,0,0,33.0,0,4,0,1
1,1,0,48.0,0,1,38.0,0,0,0,23.0,0,1,0,0
1,1,1,69.0,1,1,35.0,0,0,0,20.0,0,3,0,1
1,1,1,114.0,0,1,42.0,0,0,1,21.0,0,1,1,1
1,1,1,100.0,1,1,37.0,0,0,0,33.0,0,1,0,1
1,1,1,134.0,1,1,17.0,0,0,0,13.0,0,1,0,0
1,0,1,48.0,0,1,36.0,0,0,0,24.0,0,1,0,1
1,1,1,44.0,1,1,41.0,0,0,0,10.0,0,1,0,1
1,0,1,74.0,1,1,14.0,0,0,0,14.0,0,1,0,1
1,1,1,73.0,1,1,32.11,0,0,0,20.18,0,1,0,0
1,1,1,64.0,1,1,34.0,0,0,1,23.0,0,1,1,1
1,1,1,999999.4,1,1,23.0,0,0,0,20.0,0,1,0,1
1,1,1,44.0,0,1,30.0,0,0,0,30.0,0,1,0,0
1,1,1,83.0,1,1,34.0,0,0,0,31.0,0,1,0,0
1,1,0,23.0,0,1,41.0,0,0,0,34.0,0,1,0,1
1,1,1,74.0,0,1,32.0,0,0,0,29.0,0,5,0,1
1,1,1,73.0,0,1,40.0,0,0,0,12.0,0,6,0,1
1,1,1,59.0,0,1,32.58,0,0,0,26.58,0,2,0,0
1,1,1,52.0,1,1,32.0,0,0,0,27.0,0,1,0,1
1,1,1,53.0,1,1,35.24,0,0,1,29.33,0,1,1,1
1,1,1,75.0,1,1,41.0,0,0,1,28.0,0,6,1,0
1,1,1,49.0,0,1,32.0,0,0,0,31.0,0,5,0,0
1,1,1,90.0,1,1,40.3,0,0,0,34.4,0,1,0,0
1,1,1,42.0,1,1,33.0,0,0,1,25.0,0,1,1,1
1,1,1,81.0,0,1,37.0,0,0,1,24.6,0,1,1,1
1,1,0,38.0,0,1,33.0,0,0,0,33.0,0,1,0,1
1,1,1,95.0,1,1,32.3,0,0,0,26.4,0,2,0,0
1,1,1,200.0,1,1,27.0,0,0,0,19.0,0,1,0,1
1,1,1,100.0,1,0,50.5,0,1,0,20.7,0,6,0,0
1,1,0,33.0,0,1,35.6,0,0,0,26.4,0,6,0,0
1,1,1,60.0,0,1,37.0,0,0,1,26.0,0,1,1,0
1,1,0,32.0,0,1,32.17,0,0,0,31.53,0,1,0,0
1,1,1,55.0,1,1,27.8,0,0,0,16.7,0,1,0,1
1,0,0,25.0,0,1,32.0,0,0,1,29.0,0,6,1,1
1,1,1,0.0,0,1,50.0,0,0,0,23.0,1,3,0,0
1,1,1,54.0,1,1,38.0,0,0,0,29.0,0,6,0,0
1,1,1,64.0,0,1,17.5,0,0,0,12.0,0,1,0,0
1,0,1,29.0,1,1,34.0,0,0,1,23.0,0,2,1,1
1,1,1,88.0,1,1,37.7,0,0,0,28.9,0,1,0,0
1,1,1,38.0,1,0,43.0,0,0,0,38.0,0,5,0,0
1,1,1,30.0,1,1,43.0,0,0,0,32.0,0,1,0,0
1,1,0,46.0,0,1,39.0,0,0,0,33.0,0,1,0,1
1,1,1,34.0,0,1,28.0,0,0,0,28.0,0,1,0,0
1,1,1,158.0,0,1,36.0,0,0,0,25.0,0,1,0,1
1,1,1,82.0,0,1,36.0,0,0,0,22.0,0,2,0,1
1,0,1,65.0,0,1,35.9,0,0,0,26.7,0,1,0,0
1,1,1,33.0,0,1,29.7,0,0,0,28.5,0,1,0,1
1,1,1,70.0,1,1,33.93,0,0,0,21.18,0,2,0,0
1,0,0,122.0,0,0,42.0,0,0,0,15.0,0,6,0,0
1,0,1,40.0,1,1,36.0,0,0,0,30.0,0,1,0,0
1,1,0,37.0,0,1,32.0,0,0,0,32.0,0,1,0,0
1,1,1,48.0,0,1,34.0,0,0,1,28.0,0,1,1,1
1,1,0,30.0,0,1,35.0,0,0,0,29.0,0,1,0,0
1,0,1,48.0,0,1,38.0,0,0,0,31.0,0,2,0,0
1,1,1,65.0,1,1,31.0,0,0,1,26.0,1,5,1,1
1,1,1,39.0,0,1,26.0,0,0,0,24.0,0,1,0,0
1,1,1,59.0,1,1,33.3,0,0,0,26.8,0,1,0,0
1,1,1,120.0,0,1,40.5,0,0,0,27.6,0,1,0,0
1,1,1,32.0,0,1,39.0,0,0,0,27.0,0,1,0,1
1,0,1,56.0,1,1,28.6,0,0,0,25.5,0,5,0,1
1,1,1,36.0,1,1,33.8,0,0,1,27.0,0,1,1,1
1,1,1,99.0,1,1,40.0,0,0,0,27.0,0,2,0,0
1,1,1,35.0,0,1,41.0,0,0,0,38.0,0,1,0,1
1,1,1,79.0,1,1,35.0,0,0,1,23.7,0,1,1,0
1,1,1,69.0,1,1,34.0,0,0,0,29.0,0,1,0,0
1,1,0,39.0,0,1,42.0,0,0,0,32.0,0,2,0,1
1,1,1,39.0,0,1,44.0,0,0,0,23.0,0,1,0,0
1,1,1,59.0,1,1,46.45,0,0,0,34.7,0,1,0,0
1,1,1,82.0,1,1,39.0,0,0,0,25.0,0,2,0,0
1,1,1,157.0,0,1,28.0,0,0,0,15.0,0,2,0,0
1,1,1,52.0,1,0,26.0,0,1,0,26.0,0,4,0,0
1,0,0,32.0,0,1,39.0,0,0,1,24.0,0,6,1,1
1,1,1,80.0,1,0,43.0,0,1,0,43.0,1,2,0,0
1,1,1,83.0,0,1,35.1,0,0,0,34.6,0,1,0,0
1,1,0,732.0,0,0,12.0,0,0,0,12.0,1,3,0,1
1,1,1,85.0,1,1,37.0,0,0,0,28.0,0,5,0,0
1,1,1,38.0,1,1,39.0,0,0,0,31.0,0,1,0,0
1,1,0,75.0,1,1,27.0,0,0,0,20.0,0,1,0,1
1,0,0,81.0,1,1,38.0,0,0,0,20.0,0,6,0,1
1,0,1,92.0,1,0,21.9,0,1,0,21.3,0,2,0,0
1,1,1,136.0,1,1,26.0,0,0,1,18.0,0,1,1,0
1,1,0,34.0,0,1,35.0,0,0,1,32.0,0,1,1,0
1,1,1,62.0,0,1,33.0,0,0,0,32.0,0,3,0,0
1,1,1,61.0,1,1,36.0,0,0,1,26.0,0,5,1,1
1,1,1,82.0,1,1,38.6,1,0,1,28.0,0,1,1,0
1,1,1,102.0,1,1,36.0,0,0,0,36.0,0,1,0,0
1,1,0,35.0,0,1,33.0,0,0,0,15.0,0,1,0,0
1,1,1,999999.4,0,0,46.0,0,1,0,31.0,0,2,0,0
1,1,1,120.0,0,1,19.0,0,0,0,8.0,0,1,0,0
1,1,1,48.0,0,1,27.0,0,0,0,24.0,0,1,0,0
1,1,1,119.0,0,1,39.0,0,0,0,26.0,0,1,0,0
1,1,1,48.0,0,1,20.0,0,0,0,13.0,0,1,0,1
1,1,1,41.0,0,1,36.0,0,0,0,35.0,0,1,0,1
1,1,1,75.0,1,1,27.0,0,0,0,27.0,0,1,0,0
1,1,1,48.0,1,0,36.0,0,0,0,22.0,0,6,0,1
1,1,0,35.0,1,1,32.0,0,0,0,27.0,0,2,0,1
1,1,1,71.0,1,1,32.0,0,0,0,22.0,0,3,0,0
1,1,0,180.0,0,1,16.0,0,0,0,13.0,1,5,0,0
1,1,1,44.0,1,1,32.0,0,0,1,31.0,0,1,1,1
1,1,1,32.0,1,1,34.0,0,0,1,31.0,0,1,1,0
1,0,1,61.0,1,0,45.0,0,0,0,27.0,1,6,0,1
1,1,1,43.0,1,1,33.0,0,0,0,31.0,0,1,0,0
1,1,1,105.0,1,1,37.0,0,0,0,20.0,0,5,0,1
1,0,0,42.0,0,0,38.2,0,0,0,22.3,0,6,0,0
1,1,1,60.0,1,1,34.0,0,0,1,27.0,0,5,1,0
1,1,1,59.0,1,1,27.0,0,0,1,24.0,0,1,1,0
1,0,0,32.0,0,1,33.69,0,0,1,32.14,0,1,1,1
1,0,0,92.0,0,1,38.0,0,0,0,18.0,0,1,0,1
1,1,1,69.0,1,1,33.0,0,0,0,32.0,0,1,0,0
1,1,0,114.0,1,0,43.0,0,0,0,32.0,0,6,0,1
1,1,1,58.0,1,1,35.62,0,0,1,26.43,0,1,1,0
2,1,1,37.0,1,1,39.6,0,0,0,16.0,0,1,0,0
1,1,1,67.0,1,1,40.0,0,0,0,26.0,1,1,0,1
1,1,1,80.0,1,1,36.0,0,0,1,27.0,1,1,1,0
1,0,1,31.0,0,1,40.9,0,0,1,31.5,0,6,1,1
1,1,1,42.0,1,1,37.0,0,0,0,29.0,0,1,0,1
1,1,1,85.0,1,1,21.0,0,0,0,21.0,1,2,0,1
1,1,0,50.0,0,1,34.0,0,0,0,27.0,0,1,0,0
1,1,1,52.0,1,1,26.0,0,0,1,26.0,0,1,1,0
1,1,1,74.0,1,1,31.0,0,0,0,20.0,0,1,0,0
1,0,0,45.0,0,1,32.8,0,0,0,32.8,0,1,0,1
1,1,1,49.0,0,1,30.0,0,0,0,28.0,0,1,0,1
1,0,1,27.0,0,0,37.0,0,1,0,29.0,1,6,0,0
1,0,1,41.0,0,1,31.0,0,0,0,26.0,0,1,0,0
1,1,1,42.0,1,1,35.0,0,0,1,26.0,0,1,1,1
2,1,1,70.0,1,0,29.0,0,0,0,10.0,0,2,0,1
1,0,1,65.0,1,1,25.0,0,0,0,25.0,0,1,0,0
1,1,1,50.0,0,1,35.7,0,0,0,29.9,0,1,0,0
1,1,1,38.0,1,1,31.94,0,0,0,29.36,0,1,0,0
1,1,1,45.0,1,1,23.0,0,0,0,18.0,0,1,0,1
1,1,1,59.0,1,1,38.0,0,0,0,33.0,0,2,0,0
1,1,1,29.0,0,1,32.87,0,0,0,28.89,0,1,0,1
1,1,0,60.0,0,1,37.0,0,0,0,26.0,0,2,0,0
1,1,1,999999.4,1,1,41.0,0,0,0,34.0,0,5,0,0
1,1,0,83.0,1,1,38.52,0,0,1,21.92,0,1,1,1
1,1,1,39.0,1,1,30.0,0,0,1,30.0,0,1,1,0
1,1,1,106.0,1,1,34.58,0,0,0,26.84,0,2,0,0
1,1,1,60.0,1,1,14.6,0,0,0,13.1,0,1,0,1
1,1,1,228.0,1,1,16.93,0,0,0,9.53,0,1,0,1
1,1,1,47.0,1,1,22.0,0,0,0,21.0,0,1,0,1
1,1,1,94.0,1,1,40.0,0,0,0,32.0,0,1,0,1
1,0,0,55.0,1,1,33.0,0,0,0,28.0,0,6,0,0
1,0,1,53.0,1,0,41.0,0,0,0,26.0,1,6,0,1
1,1,1,35.0,0,1,26.4,0,0,0,18.8,0,2,0,0
1,1,0,57.0,1,1,15.0,0,0,0,15.0,0,1,0,0
1,1,1,44.0,1,1,37.0,0,0,1,34.0,0,1,1,1
1,1,1,36.0,0,1,32.0,0,0,1,19.0,0,2,1,0
1,1,1,51.0,1,1,33.0,0,0,0,6.2,1,6,0,0
1,1,1,54.0,1,1,32.95,0,0,1,26.81,0,1,1,0
1,1,0,59.0,0,1,31.49,0,0,1,25.79,0,1,1,1
1,1,0,36.0,0,1,42.0,0,0,0,28.0,0,1,0,0
1,1,1,36.0,0,1,37.0,0,0,0,24.0,1,6,0,1
1,0,0,59.0,0,1,34.0,0,0,1,28.0,0,1,1,0
1,1,0,44.0,0,1,38.0,0,0,0,31.0,0,1,0,0
1,0,0,31.0,0,1,40.1,0,0,0,27.6,1,6,0,1
1,1,1,74.0,1,1,34.08,0,0,0,22.54,0,2,0,1
1,1,1,45.0,1,1,32.21,0,0,0,27.55,0,2,0,1
1,1,1,58.0,0,0,46.0,0,0,0,27.0,0,5,0,0
1,1,1,69.0,0,1,37.0,0,0,0,23.0,0,1,0,1
1,1,1,135.0,0,1,18.0,0,0,0,12.0,0,1,0,0
1,1,1,127.0,0,1,51.0,0,0,0,50.0,0,2,0,1
1,1,1,80.0,0,1,27.0,0,0,0,17.0,0,1,0,0
1,1,1,23.0,1,0,41.0,1,0,1,34.0,0,5,1,1
1,0,0,26.0,0,1,38.0,0,0,1,30.0,0,1,1,1
1,1,1,57.0,0,1,25.0,0,0,1,24.0,0,2,1,1
1,1,1,84.0,0,1,26.0,0,0,0,24.0,0,1,0,0
1,1,1,91.0,1,1,37.0,0,0,0,31.0,0,1,0,0
1,1,1,61.0,1,1,14.3,0,0,0,11.9,0,1,0,0
2,1,1,172.0,1,0,19.0,0,0,0,12.0,1,1,0,0
1,1,0,44.0,0,1,26.0,0,0,1,22.0,0,1,1,1
1,1,1,101.0,1,1,41.0,0,0,0,33.0,0,1,0,1
1,1,1,50.0,1,1,37.9,0,0,0,31.9,0,1,0,0
1,1,1,57.0,1,1,28.2,0,0,0,21.3,0,5,0,1
1,1,0,41.0,0,1,34.0,0,0,0,31.0,0,2,0,0
1,1,1,46.0,1,1,26.0,0,0,0,24.0,0,1,0,0
1,1,1,85.0,1,1,33.0,0,0,0,20.0,0,1,0,0
1,1,1,84.0,1,1,34.0,0,0,0,22.0,0,1,0,0
1,1,1,66.0,1,1,36.0,0,0,0,27.0,0,1,0,0
1,1,1,64.0,1,1,31.0,0,0,0,29.0,0,1,0,0
1,1,0,41.0,0,1,38.0,0,0,0,33.0,0,2,0,0
1,1,0,50.0,0,0,37.0,0,0,0,31.0,1,3,0,1
1,1,1,84.0,0,1,23.43,0,0,0,22.93,0,1,0,1
1,1,1,61.0,0,1,39.5,0,0,0,30.6,0,2,0,0
1,1,0,192.0,1,1,35.0,0,0,0,25.0,0,1,0,0
1,1,1,74.0,1,1,36.0,0,0,1,26.0,0,1,1,0
1,1,1,150.0,1,1,42.0,0,0,0,19.6,0,1,0,1
1,1,0,47.0,0,1,32.4,0,0,0,22.31,0,1,0,0
1,1,1,61.0,0,1,29.5,0,0,0,29.1,0,1,0,0
1,1,1,77.0,0,1,17.0,0,0,0,16.0,0,1,0,1
2,1,1,45.0,1,1,37.0,0,0,0,9.0,0,1,0,1
1,1,1,96.0,1,1,29.3,0,0,1,20.3,0,1,1,1
1,1,1,79.0,1,1,36.0,0,0,1,31.0,0,1,1,0
1,1,1,122.0,1,1,35.0,0,0,0,33.0,0,5,0,0
1,1,0,54.0,0,1,32.81,0,0,0,30.75,0,1,0,0
1,1,1,999999.4,0,0,30.0,0,0,0,30.0,1,6,0,0
1,1,0,30.0,0,1,28.0,0,0,0,27.0,0,1,0,1
1,1,1,64.0,0,1,22.0,0,0,0,22.0,0,1,0,0
1,1,1,76.0,1,1,26.0,0,0,0,21.0,0,1,0,1
1,1,1,60.0,1,1,30.0,0,0,0,13.0,0,1,0,1
1,1,1,60.0,1,1,31.2,0,0,0,22.7,0,2,0,0
1,1,1,54.0,1,1,36.0,0,0,0,24.0,1,1,0,0
1,1,1,148.0,1,1,41.0,0,0,0,28.0,0,1,0,0
1,1,1,73.0,1,0,25.0,0,1,0,22.0,0,3,0,0
1,1,1,32.0,0,1,54.0,0,0,0,54.0,0,4,0,1
1,1,1,35.0,0,1,33.0,0,0,0,32.0,0,1,0,1
1,0,1,50.0,1,1,29.0,0,0,0,29.0,0,4,0,0
1,1,1,144.0,1,1,34.8,0,0,0,16.4,0,1,0,1
1,0,1,51.0,1,1,27.0,0,1,1,26.0,0,1,1,1
1,1,1,54.0,1,1,18.0,0,0,0,15.0,0,1,0,0
1,1,1,48.0,1,1,34.0,0,0,1,27.0,0,1,1,0
1,1,1,33.0,1,1,34.23,0,0,1,31.4,0,1,1,1
1,1,1,54.0,1,1,38.0,0,0,0,33.0,0,1,0,1
1,1,1,999999.4,0,1,36.0,0,0,0,29.0,0,5,0,0
1,1,0,55.0,0,1,33.0,0,0,1,31.0,0,2,1,0
1,1,1,104.0,1,1,29.6,0,0,0,23.4,0,1,0,0
2,1,1,118.0,1,1,14.0,0,0,0,14.0,0,1,0,1
1,1,0,67.0,1,1,37.4,0,0,1,31.72,0,1,1,1
1,1,1,135.0,1,1,37.0,0,0,0,26.0,0,2,0,0
3,1,0,50.0,0,1,19.0,0,0,0,15.0,0,1,0,0
1,1,1,36.0,0,1,73.0,0,0,0,37.0,0,1,0,0
1,1,1,51.0,1,1,38.0,0,0,0,27.0,0,1,0,1
1,1,1,73.0,0,1,33.0,0,0,0,30.0,1,6,0,1
1,1,0,36.0,0,1,30.0,0,1,0,29.0,0,1,0,0
1,1,0,39.0,0,1,27.0,0,0,0,21.0,0,1,0,1
1,1,1,98.0,1,1,40.0,0,0,0,12.0,0,1,0,0
1,1,1,324.0,1,1,13.0,0,0,0,12.0,0,2,0,0
1,1,1,42.0,0,0,35.13,0,0,0,25.69,0,5,0,1
1,0,1,35.0,0,0,38.38,0,0,0,28.94,0,6,0,1
2,1,1,213.0,1,1,38.0,0,0,0,24.0,0,2,0,1
1,1,1,329.0,1,1,26.6,0,0,0,13.1,0,1,0,0
1,1,0,55.0,0,1,30.0,0,0,0,22.0,0,1,0,1
1,1,1,240.0,0,1,26.3,0,0,0,26.1,0,1,0,1
1,0,1,999999.4,1,1,31.0,0,0,1,19.0,0,6,1,1
1,1,1,211.0,1,0,36.7,0,0,0,28.0,0,6,0,0
1,1,0,73.0,1,1,21.91,0,0,0,20.95,0,1,0,0
1,1,1,96.0,1,1,35.0,0,0,0,26.0,0,1,0,0
1,1,1,25.0,0,1,39.0,0,0,0,39.0,0,1,0,0
1,0,1,52.0,1,1,46.77,0,0,0,36.8,0,3,0,0
1,1,1,39.0,1,1,35.0,0,0,0,35.0,0,1,0,0
1,1,1,69.0,0,1,38.0,0,0,0,21.0,0,1,0,1
1,1,1,52.0,0,1,30.16,0,0,0,18.09,0,1,0,1
1,0,1,44.0,1,1,34.0,1,1,1,23.0,0,1,1,1
1,0,1,142.0,1,1,37.27,0,0,0,26.78,0,1,0,1
1,1,1,71.0,1,1,37.0,0,0,0,32.0,0,2,0,0
1,1,1,265.0,1,1,37.0,0,0,0,24.0,0,1,0,0
1,1,1,60.0,1,1,26.0,0,0,0,26.0,0,1,0,0
1,1,0,77.0,1,1,37.0,0,0,1,22.0,0,1,1,0
1,1,0,62.0,1,1,38.5,0,1,1,24.2,0,5,1,0
1,1,0,55.0,0,1,30.1,0,0,0,19.9,0,1,0,1
1,1,1,109.0,1,1,44.0,0,0,0,30.0,0,1,0,1
1,1,1,80.0,1,1,32.0,0,0,0,25.0,0,1,0,0
1,1,1,61.0,1,1,40.0,0,0,0,28.0,0,1,0,0
1,0,0,83.0,0,0,24.0,0,1,0,24.0,1,5,0,1
1,1,1,45.0,1,1,30.0,0,0,0,30.0,0,1,0,0
1,1,1,74.0,1,1,30.0,0,0,0,22.0,0,2,0,0
1,1,1,86.0,0,1,25.0,0,0,0,19.0,0,2,0,0
1,0,1,42.0,0,1,47.0,0,0,0,34.0,0,2,0,0
1,1,1,71.0,1,1,32.0,0,0,1,24.0,0,1,1,0
1,1,1,80.0,1,1,40.0,0,0,0,31.0,0,2,0,0
2,1,1,105.0,1,1,35.0,0,0,0,34.0,0,1,0,0
1,1,0,275.0,1,1,23.0,0,0,1,19.0,0,1,1,1
2,1,1,95.0,1,0,52.0,0,0,0,28.0,1,3,0,1
1,1,0,39.0,0,1,35.0,0,0,0,34.0,0,1,0,0
1,1,1,78.0,0,1,18.0,0,0,0,17.0,0,1,0,0
1,1,0,34.0,0,1,26.0,0,0,0,26.0,0,1,0,0
1,1,0,53.0,1,1,36.0,0,0,0,24.0,0,1,0,0
1,1,0,53.0,0,1,30.6,0,0,0,20.6,0,1,0,1
1,1,1,153.0,1,1,15.0,0,0,0,15.0,0,1,0,0
1,1,1,60.0,1,1,38.0,0,0,1,31.0,0,1,1,0
1,1,1,38.0,0,1,32.0,0,0,0,28.0,0,1,0,0
1,1,0,35.0,0,1,27.0,0,0,0,26.0,0,1,0,0
1,1,1,39.0,1,1,40.0,0,0,0,26.0,0,2,0,1
1,1,1,66.0,1,1,34.1,0,0,1,26.9,0,1,1,0
1,1,1,54.0,0,1,28.7,0,0,0,27.6,0,1,0,0
1,1,1,55.0,0,1,32.0,0,0,0,32.0,0,1,0,0
1,1,0,4.0,1,1,34.96,0,0,0,26.79,0,1,0,1
1,1,0,50.0,0,1,15.53,0,0,0,13.33,0,2,0,1
1,1,1,108.0,1,1,36.0,0,0,0,32.0,0,2,0,0
1,1,0,47.0,0,1,32.0,0,1,0,28.0,0,1,0,1
1,1,1,48.0,1,1,30.0,0,0,1,20.0,0,1,1,0
1,1,1,57.0,1,0,36.0,0,0,0,20.0,0,5,0,1
1,1,0,65.0,1,1,41.91,0,0,0,35.99,0,1,0,1
1,1,1,72.0,0,1,34.0,0,0,1,24.0,0,5,1,0
1,1,1,51.0,1,1,33.3,0,0,0,33.0,0,1,0,0
1,0,1,82.0,1,1,25.0,0,0,1,13.0,0,1,1,0
1,1,1,74.0,1,1,28.0,0,0,0,28.0,0,1,0,0
1,1,1,252.0,1,1,15.0,0,0,0,5.0,0,6,0,0
1,1,1,96.0,1,1,31.0,0,0,0,31.0,0,1,0,1
1,1,1,47.0,1,1,36.06,0,0,0,28.02,0,1,0,1
1,1,1,22.0,1,1,47.0,1,0,1,11.0,0,1,1,1
1,1,1,53.0,1,1,28.0,1,1,1,27.0,0,1,1,0
1,1,0,65.0,0,1,27.5,0,0,1,25.6,0,1,1,1
1,1,1,49.0,1,1,38.1,0,0,0,31.9,0,1,0,0
1,1,0,72.0,1,1,42.0,0,0,0,26.0,0,2,0,0
1,0,0,30.0,0,1,28.0,0,0,1,24.0,0,1,1,1
1,0,0,38.0,0,0,39.0,0,0,0,39.0,0,5,0,1
1,0,1,90.0,1,1,37.49,0,0,1,30.71,0,1,1,1
1,1,0,56.0,0,1,30.0,0,0,0,30.0,0,1,0,1
1,1,1,55.0,1,1,37.0,1,0,1,27.0,0,6,1,0
1,1,1,64.0,0,1,32.5,0,0,0,32.3,0,4,0,1
1,1,0,29.0,1,1,33.97,0,1,0,17.82,0,2,0,1
1,1,1,68.0,0,1,38.0,0,0,0,29.0,0,2,0,1
1,1,1,69.0,1,1,35.0,0,0,0,31.0,0,1,0,0
2,1,1,117.0,1,1,18.0,0,0,0,10.0,0,1,0,1
1,1,1,54.0,1,1,37.28,0,0,1,26.49,0,1,1,1
1,1,1,135.0,0,1,39.8,0,0,0,35.8,0,1,0,0
1,1,1,55.0,1,1,36.0,0,0,1,28.9,0,1,1,1
1,1,1,53.0,0,1,35.0,0,0,1,23.0,0,4,1,1
1,1,0,62.0,0,1,29.6,0,0,0,29.6,0,4,0,0
1,1,1,75.0,1,1,35.2,0,0,0,26.7,0,1,0,1
1,1,1,50.0,0,1,33.59,0,0,0,33.11,1,1,0,0
1,1,1,55.0,1,1,37.1,0,0,1,24.3,0,1,1,1
1,1,1,96.0,0,1,38.9,0,0,1,27.1,0,6,1,1
3,0,0,65.0,0,1,24.0,0,0,0,24.0,0,1,0,1
1,0,0,26.0,0,1,35.0,0,0,1,31.0,0,6,1,1
1,0,1,46.0,0,1,39.0,0,0,0,27.0,0,1,0,1
1,1,1,64.0,0,1,28.7,0,0,0,27.1,0,1,0,0
1,1,1,92.0,1,1,27.0,0,0,0,20.0,0,1,0,0
1,1,1,40.0,1,0,40.6,0,1,0,40.6,0,4,0,0
1,1,1,69.0,1,1,29.64,1,0,1,23.45,0,1,1,0
1,1,1,72.0,1,1,24.0,0,0,0,22.0,0,1,0,1
1,1,1,260.0,0,1,10.0,0,0,1,6.0,0,2,1,0
1,1,1,161.0,1,1,27.0,0,0,0,18.0,0,5,0,0
1,1,1,27.0,1,1,47.0,0,0,1,35.0,0,2,1,0
1,1,0,30.0,0,1,35.0,0,0,0,35.0,0,1,0,0
1,1,1,110.0,1,1,32.0,0,0,1,25.0,0,1,1,1
1,1,1,66.0,0,1,26.0,0,0,1,26.0,0,1,1,1
1,1,1,135.0,1,1,36.5,0,0,1,27.4,0,1,1,0
1,1,1,48.0,1,1,33.0,0,0,0,24.0,0,1,0,1
1,1,1,65.0,1,1,24.0,0,0,0,17.0,0,1,0,0
1,0,1,42.0,1,0,40.0,0,0,0,37.0,1,2,0,1
1,1,1,70.0,1,1,39.0,0,0,0,26.0,0,3,0,0
1,1,1,55.0,1,1,37.0,0,0,0,28.0,0,2,0,0
1,1,0,42.0,0,1,35.24,0,0,0,28.99,0,2,0,1
1,1,0,59.0,0,1,32.0,0,0,1,27.0,0,3,1,0
1,1,0,51.0,0,1,36.0,0,0,0,30.0,0,1,0,0
1,1,1,38.0,0,1,34.0,0,0,0,33.0,0,5,0,0
1,1,1,73.0,1,1,30.74,0,0,0,30.23,0,1,0,1
1,0,0,59.0,0,1,35.0,0,0,1,29.0,1,1,1,0
1,1,0,58.0,0,1,34.0,0,0,0,23.0,0,1,0,0
1,1,1,999999.4,1,1,31.0,0,0,0,27.0,0,1,0,0
1,1,1,335.0,1,1,33.0,0,0,0,30.0,0,2,0,1
1,1,1,57.0,1,1,31.0,0,0,0,28.0,0,1,0,0
1,1,1,47.0,1,1,26.0,0,0,0,26.0,0,5,0,0
1,0,1,78.0,0,1,38.0,0,0,0,24.0,0,1,0,0
1,1,1,43.0,0,1,40.0,0,0,0,32.0,0,1,0,1
1,1,1,83.0,1,1,33.0,0,0,1,24.0,0,1,1,1
1,1,1,47.0,1,1,35.0,0,0,0,32.0,0,1,0,1
1,1,0,48.0,1,1,37.26,0,0,0,27.956,0,1,0,1
1,1,1,48.0,1,1,33.18,0,0,0,31.18,0,2,0,0
1,1,1,49.0,1,1,35.17,0,0,0,25.61,0,1,0,1
1,1,1,65.0,1,1,35.0,0,0,0,20.0,0,3,0,1
1,1,1,51.0,1,1,36.0,0,0,0,28.0,0,6,0,1
1,1,1,115.0,1,1,30.0,0,0,0,30.0,0,3,0,1
1,1,1,110.0,1,1,20.0,0,0,0,9.0,0,1,0,0
1,1,1,45.0,1,1,43.0,0,0,0,33.0,0,2,0,1
1,1,1,72.0,0,1,35.0,0,0,0,18.0,0,2,0,1
1,0,1,26.0,0,0,35.5,0,0,0,34.5,1,5,0,1
1,1,1,86.0,1,1,34.0,0,0,0,23.0,0,1,0,1
1,1,1,77.0,1,1,27.0,0,0,1,24.0,0,1,1,0
1,1,1,796.0,1,1,27.8,0,0,0,16.2,0,5,0,0
1,0,0,70.0,0,1,25.0,0,0,0,20.0,0,1,0,1
1,1,1,71.0,1,1,38.0,0,0,0,33.0,0,1,0,0
1,1,1,62.0,1,1,27.63,0,0,0,25.44,0,2,0,0
1,0,1,82.0,1,1,29.0,0,0,1,21.0,0,2,1,0
1,1,1,70.0,1,1,37.0,0,0,1,29.0,0,1,1,1
1,0,1,972.0,1,0,18.0,0,0,0,6.0,1,6,0,0
1,1,1,81.0,1,1,22.0,0,0,0,15.0,0,1,0,1
1,1,1,69.0,1,1,36.5,0,0,1,24.0,0,2,1,1
1,0,1,84.0,1,1,36.0,0,0,0,21.0,0,4,0,1
1,1,1,58.0,0,1,33.0,0,0,0,31.0,0,1,0,0
1,1,1,188.0,1,1,29.0,0,0,0,21.0,0,1,0,0
1,1,0,61.0,0,1,26.6,0,0,0,25.7,0,1,0,0
2,1,1,91.0,1,1,26.0,0,0,0,4.0,0,2,0,1
1,0,1,31.0,0,0,25.0,0,0,0,19.0,0,1,0,1
1,1,1,77.0,1,1,21.0,0,0,0,17.0,0,1,0,0
1,1,1,57.0,1,1,34.0,0,0,0,26.0,0,2,0,0
1,1,1,67.0,1,1,25.0,0,0,0,22.0,0,1,0,1
1,1,1,93.0,1,1,38.0,0,0,0,28.0,0,2,0,1
1,1,1,91.0,1,0,38.0,0,0,0,26.0,1,6,0,0
2,1,1,61.0,1,1,22.0,0,0,0,13.0,0,1,0,1
1,1,1,49.0,0,1,38.0,0,0,0,31.0,0,1,0,0
1,1,0,42.0,1,1,18.4,0,0,0,16.6,0,6,0,0
1,1,1,59.0,1,1,35.54,0,0,1,27.57,0,1,1,0
1,1,0,49.0,0,1,28.75,0,0,0,22.28,0,1,0,0
1,0,0,45.0,0,1,36.0,0,0,0,31.0,1,1,0,0
1,1,0,24.0,0,1,28.0,0,0,1,27.0,0,4,1,0
2,1,1,158.0,1,1,9.0,0,0,0,4.0,0,1,0,0
1,1,1,43.0,0,0,31.8,0,1,0,31.2,0,3,0,0
1,1,1,57.0,1,1,37.0,0,0,0,22.0,0,3,0,1
1,1,1,91.0,1,1,34.0,0,0,0,22.0,0,1,0,1
1,0,0,84.0,0,0,21.0,0,0,0,13.0,1,6,0,1
1,1,0,70.0,0,1,27.0,0,1,0,23.0,0,1,0,0
1,1,0,68.0,0,1,21.0,0,0,0,17.0,0,2,0,0
1,1,0,89.0,0,1,37.0,0,0,0,24.0,1,1,0,0
2,1,1,75.0,1,1,34.0,1,0,1,29.0,0,5,1,1
1,1,1,999999.4,1,1,30.0,0,0,0,30.0,0,2,0,0
1,1,1,39.0,0,1,27.0,0,0,0,26.0,0,2,0,0
1,1,1,118.0,1,1,35.69,0,0,0,18.09,0,1,0,1
1,1,1,166.0,1,1,30.2,0,0,1,15.9,0,5,1,1
1,1,1,65.0,1,1,10.0,0,0,0,4.0,0,1,0,1
1,1,1,85.0,1,1,28.5,0,0,0,28.5,0,1,0,0
1,1,1,56.0,0,1,30.0,0,0,0,25.0,0,1,0,1
1,1,1,47.0,1,1,39.9,0,0,0,28.3,0,1,0,0
1,1,1,97.0,1,1,40.0,0,0,1,18.0,0,3,1,0
1,1,1,46.0,1,1,40.01,0,0,0,31.13,0,1,0,1
1,1,1,48.0,1,0,31.4,0,0,1,26.5,1,1,1,1
1,1,1,68.0,1,1,34.0,0,0,0,23.0,1,2,0,0
1,1,1,61.0,1,1,23.0,0,0,0,23.0,0,2,0,1
1,1,1,43.0,1,1,33.0,0,0,0,29.0,0,5,0,0
1,0,0,40.0,0,1,32.0,0,0,0,28.0,0,3,0,1
1,1,1,51.0,1,1,28.8,0,0,0,20.6,0,2,0,1
1,1,1,107.0,1,1,28.0,0,0,1,22.0,0,2,1,0
1,1,1,999999.4,1,0,69.2,0,1,0,37.8,0,5,0,0
1,1,1,68.0,0,0,66.0,0,1,0,31.0,0,2,0,1
1,1,1,80.0,1,1,28.0,0,0,0,26.0,0,2,0,1
1,1,1,36.0,1,1,36.0,0,0,0,28.0,0,1,0,0
1,0,0,56.0,0,1,37.0,0,0,1,27.0,0,1,1,1
1,1,0,43.0,0,1,34.72,0,0,0,30.72,0,2,0,0
1,1,0,64.0,1,1,34.0,0,0,1,24.0,0,3,1,0
1,1,1,55.0,1,1,0.0,0,0,0,29.0,0,1,0,0
1,1,1,60.0,1,1,27.6,0,0,0,20.9,0,1,0,0
1,1,1,120.0,1,1,26.0,0,0,0,20.0,0,5,0,0
1,1,0,27.0,0,1,33.09,0,0,1,30.05,0,1,1,0
1,1,1,42.0,0,1,17.0,0,0,0,13.7,0,1,0,0
1,1,1,148.0,0,1,26.0,0,0,0,15.0,0,1,0,1
1,1,1,48.0,0,1,35.0,0,0,1,30.0,1,2,1,0
1,0,1,38.0,1,1,39.0,0,0,0,26.0,0,2,0,1
1,1,1,54.0,0,1,32.0,0,0,1,21.0,0,1,1,1
1,1,0,40.0,0,1,35.48,0,0,0,31.2,0,6,0,0
1,1,1,57.0,1,1,36.0,0,0,0,31.0,0,1,0,1
1,1,1,46.0,1,1,36.87,0,0,0,26.8,0,2,0,0
1,1,1,103.0,1,1,24.0,0,0,0,23.0,0,1,0,0
1,0,1,54.0,1,0,41.0,1,0,1,28.0,1,6,1,1
1,1,1,125.0,1,1,28.26,0,0,0,27.52,0,1,0,1
1,1,0,60.0,1,0,46.0,0,0,0,30.0,1,6,0,1
1,1,1,64.0,1,1,37.1,0,0,0,22.0,0,3,0,1
1,1,1,72.0,0,0,32.0,0,0,0,24.0,1,6,0,0
1,1,1,45.0,1,1,29.0,0,0,0,28.0,0,1,0,0
1,1,1,52.0,1,1,38.85,0,0,0,26.53,0,1,0,1
1,1,1,63.0,1,1,34.0,0,0,0,27.0,0,1,0,0
1,1,0,52.0,0,1,33.0,0,0,0,31.0,0,1,0,0
1,1,1,40.0,0,1,28.0,0,0,0,28.0,0,1,0,0
1,1,1,36.0,1,1,38.0,0,0,0,34.0,0,1,0,0
1,1,1,32.0,1,1,39.6,0,0,0,14.8,0,1,0,0
1,1,1,94.0,1,1,22.0,0,0,0,21.0,0,2,0,0
1,1,1,58.0,1,1,34.2,0,0,0,32.2,0,1,0,0
1,1,1,116.0,0,1,20.0,0,0,0,18.0,0,1,0,0
1,1,1,47.0,1,1,34.0,0,0,1,25.0,0,1,1,1
1,1,1,77.0,1,1,24.0,0,0,0,22.0,0,2,0,0
1,0,1,76.0,1,1,27.0,0,0,1,21.0,1,6,1,1
1,1,1,60.0,1,1,36.38,0,0,1,28.94,0,2,1,1
1,1,1,47.0,1,1,35.0,0,0,0,30.0,0,2,0,0
1,1,1,999999.4,1,1,37.0,0,0,1,24.0,0,2,1,0
1,1,1,40.0,1,1,30.23,0,0,0,26.34,0,5,0,1
1,1,1,33.0,1,1,33.0,0,0,0,28.0,0,1,0,0
1,1,1,72.0,1,1,31.0,0,0,0,23.0,0,1,0,1
1,1,0,44.0,0,1,36.0,0,0,0,27.0,0,2,0,0
1,1,1,52.0,1,1,36.0,0,0,1,28.0,0,1,1,0
1,0,0,28.0,0,1,47.0,0,0,0,22.0,0,1,0,1
1,0,0,55.0,1,1,39.0,0,1,0,23.0,0,1,0,1
1,1,1,53.0,1,1,26.3,0,0,0,22.6,0,1,0,1
1,1,1,59.0,1,1,35.0,1,0,1,34.0,0,1,1,0
1,1,0,65.0,1,1,36.0,0,0,1,30.0,0,2,1,0
1,0,1,30.0,0,0,37.98,0,0,0,27.96,0,6,0,1
1,1,1,110.0,1,1,43.1,0,0,0,18.5,0,1,0,0
1,1,1,174.0,0,1,16.0,0,0,0,8.0,0,1,0,1
1,1,1,60.0,1,1,32.0,0,0,0,24.0,0,3,0,0
1,1,0,34.0,0,1,35.0,0,0,0,27.0,0,1,0,0
1,1,0,25.0,0,1,25.0,0,0,0,24.0,0,2,0,1
1,1,1,104.0,0,1,21.0,0,0,0,9.0,0,1,0,0
1,1,1,112.0,1,1,36.4,0,0,1,12.8,0,5,1,0
1,1,1,42.0,0,1,43.0,0,0,1,30.0,0,1,1,0
1,1,1,120.0,1,0,41.0,0,1,0,13.0,1,5,0,0
1,1,0,147.0,0,1,26.0,0,0,0,26.0,0,1,0,1
1,1,1,72.0,1,1,37.0,0,0,0,26.1,0,1,0,0
1,1,1,107.0,0,1,32.4,0,0,0,26.3,0,1,0,0
1,0,1,43.0,1,0,43.0,0,1,0,33.0,1,6,0,1
1,1,1,180.0,1,1,39.0,0,0,0,34.0,0,1,0,1
1,1,1,58.0,1,1,27.2,0,0,0,27.0,0,1,0,1
1,1,1,68.0,1,1,32.95,0,0,0,27.42,0,6,0,1
1,1,1,36.0,1,1,21.0,0,0,0,21.0,1,1,0,1
1,1,0,56.0,1,1,27.0,0,0,1,25.0,0,1,1,0
1,1,1,42.0,0,1,39.0,0,0,0,38.0,0,4,0,1
1,1,1,56.0,0,1,31.0,0,0,0,28.0,0,2,0,0
1,1,0,89.0,0,1,38.0,1,0,1,18.0,0,1,1,0
1,1,1,62.0,1,1,22.5,0,0,1,21.0,0,2,1,1
1,1,1,146.0,0,1,26.6,0,0,0,21.0,0,2,0,0
1,1,1,68.0,1,1,38.0,0,0,0,27.0,0,1,0,0
2,1,1,50.0,1,1,24.0,0,0,0,24.0,0,1,0,0
1,0,1,48.0,0,0,42.5,0,0,0,34.5,0,6,0,0
1,1,1,59.0,1,1,30.0,0,0,0,29.0,0,1,0,0
1,1,1,87.0,1,1,28.1,0,0,0,22.1,0,1,0,1
1,0,1,48.0,1,1,38.0,0,0,1,31.0,0,6,1,1
1,1,1,33.0,1,1,34.0,0,0,1,30.0,0,5,1,0
1,1,1,60.0,1,0,38.0,0,0,1,30.0,0,2,1,0
1,1,1,80.0,1,1,34.0,0,0,0,30.0,0,1,0,0
1,0,0,42.0,0,0,35.0,1,1,1,32.0,1,3,1,1
1,1,1,96.0,0,1,24.74,0,0,0,22.78,0,1,0,1
2,1,1,98.0,1,1,26.0,0,0,0,20.0,0,1,0,0
1,1,1,78.0,0,0,38.0,0,0,0,12.0,0,4,0,1
1,1,1,57.0,0,1,35.0,0,0,1,23.0,0,3,1,1
1,1,1,260.0,0,1,16.5,0,0,0,5.4,0,1,0,1
1,1,1,57.0,1,0,25.8,0,0,0,19.4,0,2,0,0
1,1,1,51.0,1,1,37.43,0,0,0,28.2,0,1,0,1
1,1,0,37.0,0,1,27.0,0,0,1,26.0,0,1,1,1
1,1,1,223.0,1,1,39.0,0,0,0,28.0,0,1,0,0
1,1,1,49.0,0,1,34.0,0,0,0,31.0,0,1,0,0
1,1,0,37.0,0,1,41.4,0,0,0,40.2,0,2,0,1
1,1,0,44.0,0,1,35.0,0,0,0,24.0,0,2,0,1
1,1,1,53.0,0,1,40.02,0,0,0,27.98,0,2,0,0
1,1,1,59.0,0,1,35.37,0,0,0,28.25,0,1,0,1
1,1,1,110.0,1,1,34.08,0,0,1,30.88,0,1,1,0
1,0,0,26.0,1,1,35.0,0,0,1,28.0,0,1,1,1
1,1,0,96.0,1,1,25.0,0,0,0,17.0,0,1,0,1
1,1,1,125.0,1,1,26.0,0,0,0,26.0,0,2,0,0
1,1,1,71.0,1,1,36.0,0,0,0,28.0,0,3,0,0
1,1,1,89.0,1,1,28.9,0,0,0,23.0,0,1,0,0
1,1,0,66.0,1,1,36.0,0,0,1,30.0,0,2,1,0
1,1,1,48.0,1,1,12.0,0,0,0,12.0,0,2,0,0
1,1,1,116.0,1,1,24.0,0,0,1,22.0,0,1,1,0
1,1,1,29.0,1,1,33.0,0,0,0,30.9,0,1,0,1
1,1,1,71.0,1,1,31.3,0,0,0,28.8,0,1,0,0
1,1,1,62.0,1,1,32.0,0,0,1,24.0,0,2,1,0
1,1,1,85.0,1,1,37.0,0,0,0,26.0,0,1,0,0
1,1,1,46.0,0,1,27.8,0,0,0,21.9,0,1,0,0
1,1,1,90.0,1,1,26.0,0,0,0,24.0,1,3,0,0
1,1,1,99.0,0,1,30.0,0,0,0,30.0,0,1,0,1
1,1,1,90.0,1,1,31.2,0,0,0,25.6,0,1,0,0
1,1,0,38.0,0,1,42.0,0,0,1,29.0,0,1,1,1
1,1,1,105.0,0,1,37.0,0,0,1,26.0,0,1,1,0
1,1,1,56.0,0,1,19.3,0,0,0,16.4,0,1,0,1
1,0,1,66.0,0,1,31.77,0,0,0,29.71,0,1,0,1
1,1,0,218.0,0,1,6.99,0,0,0,6.99,0,5,0,0
1,1,1,103.0,1,1,48.7,0,0,0,26.0,0,1,0,0
1,1,1,103.0,1,1,29.5,0,0,1,21.4,0,2,1,0
1,1,1,641.0,1,1,11.0,0,0,0,10.0,0,1,0,1
1,1,1,41.0,0,1,30.8,0,0,0,24.33,0,6,0,0
1,1,0,53.0,1,0,22.1,0,1,0,22.1,0,5,0,0
1,1,0,66.0,1,1,36.0,0,0,0,34.0,0,1,0,0
1,1,1,51.0,1,1,37.0,0,0,1,35.0,0,1,1,0
1,1,1,56.0,0,1,21.0,0,0,0,19.0,0,1,0,1
1,1,1,52.0,0,1,38.0,0,0,0,11.0,0,1,0,0
1,0,1,56.0,1,0,31.0,0,1,1,31.0,0,4,1,1
1,1,1,999999.4,1,1,25.0,0,0,0,25.0,0,1,0,0
1,1,1,52.0,1,1,37.02,0,0,0,36.09,0,1,0,0
1,1,1,56.0,1,1,39.0,0,0,1,30.0,0,1,1,0
1,1,1,164.0,1,0,20.0,0,0,0,15.0,0,6,0,0
1,1,1,77.0,0,1,9.9,0,0,0,5.8,0,2,0,0
1,1,1,81.0,1,0,32.0,0,0,0,23.0,0,5,0,0
1,1,0,61.0,0,1,30.0,0,0,0,30.0,0,1,0,0
1,0,0,26.0,0,1,35.0,0,0,1,26.0,0,2,1,1
1,1,1,29.0,0,1,28.0,0,0,0,20.0,0,6,0,1
1,1,1,999999.4,1,1,26.0,0,0,1,14.0,0,1,1,0
1,0,1,234.0,1,1,22.0,0,0,0,13.0,1,3,0,1
1,1,0,52.0,0,1,28.0,1,1,1,23.0,0,2,1,0
1,1,1,60.0,1,1,25.0,0,0,0,24.0,0,1,0,0
1,0,1,85.0,1,0,43.0,0,0,0,26.0,1,5,0,1
1,1,1,30.0,0,1,39.38,0,0,0,39.38,0,1,0,0
1,1,0,41.0,0,1,19.22,0,0,0,17.77,0,1,0,1
1,1,1,164.0,1,1,35.8,0,0,0,10.2,0,1,0,0
1,1,0,54.0,0,1,36.0,0,0,0,25.0,0,1,0,1
1,1,0,51.0,1,1,36.56,0,0,0,30.24,0,1,0,1
1,1,1,56.0,1,1,20.0,0,0,0,20.0,0,4,0,0
1,1,1,999999.4,0,1,34.0,0,0,0,28.0,0,1,0,1
1,1,1,56.0,1,1,31.0,0,0,1,26.0,0,1,1,1
1,1,1,55.0,1,1,34.0,0,0,1,28.0,0,1,1,0
1,1,1,59.0,1,1,32.1,0,0,1,25.1,0,1,1,0
1,1,1,66.0,1,1,41.0,0,0,0,21.0,0,2,0,1
1,1,1,62.0,0,1,40.0,0,0,0,22.0,0,6,0,0
1,1,1,70.0,1,1,34.0,0,0,0,25.0,0,1,0,0
1,1,1,60.0,1,1,37.0,0,0,0,27.0,0,1,0,0
1,1,0,86.0,1,1,34.8,0,0,0,18.89,0,2,0,0
1,1,1,120.0,1,1,26.8,0,0,1,24.2,0,1,1,0
1,1,1,48.0,1,1,36.0,0,0,0,31.0,0,1,0,1
1,1,1,29.0,1,1,35.0,0,0,0,29.0,0,1,0,0
1,1,1,69.0,1,1,29.0,0,1,0,25.0,0,1,0,1
1,1,1,46.0,1,1,37.1,0,0,0,26.1,0,6,0,0
1,1,1,179.0,0,1,35.0,0,0,0,15.0,0,3,0,1
1,1,1,43.0,1,1,34.5,0,0,1,25.8,0,1,1,0
1,1,1,36.0,0,1,18.0,0,0,0,18.0,0,4,0,1
2,1,1,60.0,1,1,25.0,0,0,0,23.0,0,1,0,0
1,1,1,47.0,0,1,32.37,0,0,1,30.02,0,1,1,0
1,1,1,157.0,1,1,13.0,0,0,0,10.0,0,2,0,1
1,1,0,72.0,0,1,18.0,0,0,0,17.0,0,2,0,0
1,1,1,30.0,1,1,34.1,0,0,1,34.1,0,4,1,0
1,1,1,70.0,1,1,31.9,0,0,0,28.0,0,1,0,0
1,1,1,90.0,0,1,37.0,0,0,0,11.0,0,6,0,1
1,1,0,30.0,0,1,44.0,0,0,0,32.0,0,1,0,0
1,1,1,81.0,0,1,25.0,0,0,0,23.0,0,5,0,0
1,1,0,60.0,0,0,36.7,0,0,0,23.0,1,6,0,1
1,1,1,54.0,1,1,33.6,0,0,0,33.4,0,1,0,0
1,1,1,110.0,0,1,17.0,0,0,0,16.0,0,1,0,1
1,1,1,68.0,0,1,23.0,0,0,1,16.0,0,2,1,0
1,1,1,145.0,0,1,17.4,0,0,0,17.0,0,2,0,0
1,1,1,51.0,1,1,40.37,0,0,0,31.55,0,1,0,0
1,1,1,126.0,1,1,28.0,0,0,0,24.0,0,1,0,0
1,1,1,35.0,0,1,34.0,0,0,0,29.0,0,1,0,0
1,0,1,50.0,1,0,57.6,0,0,0,32.9,0,6,0,1
1,1,1,91.0,1,1,33.0,0,0,0,27.0,0,5,0,1
1,1,1,62.0,1,1,26.0,0,0,1,25.0,0,1,1,1
1,1,1,60.0,0,0,20.0,0,1,0,20.0,0,6,0,0
1,1,1,40.0,0,1,32.0,0,0,1,31.0,0,1,1,0
1,1,1,70.0,1,1,20.0,0,0,1,12.0,0,3,1,0
1,1,0,36.0,0,1,36.0,0,0,0,20.0,0,1,0,0
1,1,1,43.0,1,1,37.0,0,0,1,28.0,0,1,1,0
1,0,1,65.0,1,1,25.5,0,0,0,17.1,1,5,0,0
1,1,1,39.0,1,1,25.8,0,0,0,25.2,0,1,0,0
1,1,1,60.0,1,1,27.0,0,0,0,20.0,0,1,0,0
1,1,1,65.0,1,1,33.0,0,0,1,28.0,0,1,1,0
1,1,1,30.0,0,1,48.0,0,0,0,48.0,0,3,0,0
1,1,1,72.0,1,1,22.0,0,0,0,13.0,0,1,0,0
1,1,0,120.0,0,1,31.0,0,0,0,26.0,0,1,0,1
1,0,1,60.0,1,1,36.0,0,0,0,25.0,0,3,0,0
2,1,1,34.0,1,0,43.0,0,0,0,9.0,0,5,0,0
1,1,0,36.0,0,1,28.0,0,0,0,16.0,0,1,0,1
1,1,1,69.0,1,1,26.18,0,0,1,12.33,0,6,1,1
1,1,1,71.0,1,1,33.0,0,0,0,23.0,0,1,0,1
1,1,1,76.0,1,1,35.0,0,1,0,27.0,0,1,0,1
1,1,1,51.0,1,1,36.0,0,0,0,27.0,0,1,0,0
1,1,1,115.0,1,1,35.0,0,0,0,19.0,0,2,0,0
1,1,0,38.0,0,1,29.56,0,0,0,27.54,0,4,0,0
1,1,1,85.0,1,1,30.44,0,1,0,19.8,0,2,0,0
1,1,1,71.0,1,1,20.0,0,0,0,20.0,0,1,0,0
1,0,1,65.0,1,1,29.0,0,0,0,22.0,0,3,0,1
1,1,1,60.0,1,1,30.0,0,0,0,12.5,0,2,0,0
1,1,1,24.0,1,1,38.0,0,0,0,28.0,0,1,0,0
1,1,1,384.0,1,1,47.0,0,0,0,15.0,0,2,0,0
1,1,1,57.0,1,1,35.0,0,0,1,25.0,0,1,1,0
1,0,0,25.0,0,1,24.8,0,0,0,23.8,0,4,0,0
1,1,1,38.0,1,1,37.0,0,0,1,32.0,0,1,1,0
1,1,1,56.0,1,0,29.2,0,0,0,20.74,0,5,0,1
1,0,1,45.0,1,1,35.83,0,0,0,29.56,0,1,0,1
1,1,0,40.0,0,1,38.0,0,0,0,28.0,0,1,0,0
1,1,1,54.0,0,1,37.0,0,0,1,29.0,0,1,1,0
1,0,0,33.0,0,1,30.0,0,0,1,28.0,0,1,1,1
1,1,1,43.0,1,1,36.0,0,0,1,26.6,0,1,1,1
1,1,1,80.0,1,1,29.0,0,0,0,24.0,0,1,0,1
1,1,1,67.0,0,1,44.0,0,0,0,11.0,0,1,0,0
1,1,1,67.0,0,1,34.0,0,0,0,27.0,0,1,0,1
1,1,1,42.0,1,1,38.8,0,0,0,27.4,0,1,0,0
1,1,1,36.0,0,1,33.0,0,0,0,27.0,0,1,0,0
1,1,1,38.0,1,0,37.0,0,1,0,31.0,0,6,0,1
1,1,1,128.0,0,1,26.0,0,0,0,21.0,0,2,0,0
1,1,0,69.0,0,0,63.0,0,0,0,59.0,0,5,0,0
2,1,1,84.0,1,1,29.0,0,0,0,26.0,0,2,0,0
1,1,1,90.0,1,1,32.0,0,0,0,25.0,0,1,0,0
2,1,1,396.0,1,1,7.0,0,0,0,7.0,0,1,0,0
1,0,1,45.0,0,1,37.0,0,0,0,31.0,0,1,0,1
1,1,1,52.0,1,0,36.7,0,0,0,32.8,1,3,0,0
1,1,0,90.0,0,1,32.0,0,0,1,20.0,0,2,1,0
1,1,0,103.0,0,1,34.0,0,0,0,18.0,1,2,0,0
1,1,1,47.0,0,1,36.0,0,0,0,24.0,0,1,0,1
1,1,1,295.0,1,1,29.0,0,0,0,9.0,0,1,0,0
1,0,0,106.0,0,0,26.0,0,1,0,26.0,0,4,0,1
1,1,0,50.0,0,1,31.0,0,0,0,30.0,0,1,0,0
1,1,1,39.0,0,1,33.0,0,0,0,18.0,0,3,0,1
1,0,1,41.0,1,1,29.3,0,0,0,28.8,0,1,0,1
1,1,1,84.0,0,1,26.0,0,0,0,19.0,0,2,0,0
1,1,1,44.0,0,1,33.2,0,0,1,28.1,0,2,1,0
1,1,1,252.0,1,1,39.0,0,0,0,15.0,0,5,0,0
1,1,1,95.0,1,1,33.2,0,0,1,29.4,0,6,1,0
1,1,0,43.0,1,1,30.0,0,0,1,28.9,0,1,1,0
1,1,1,54.0,1,1,37.5,0,0,0,27.6,0,1,0,0
1,1,1,139.0,0,1,34.0,0,0,0,28.0,0,1,0,0
1,1,1,145.0,1,1,23.1,0,0,0,8.3,0,1,0,0
1,0,1,72.0,1,1,41.0,0,0,0,23.0,0,6,0,0
1,1,1,60.0,1,1,39.0,0,0,0,36.0,1,2,0,0
1,0,1,41.0,1,1,33.0,0,0,0,27.0,0,5,0,1
1,0,1,83.0,1,1,17.0,0,0,1,7.0,0,2,1,0
1,1,1,150.0,1,1,24.0,0,0,0,19.0,0,2,0,0
1,1,1,67.0,1,1,14.0,0,0,0,12.0,0,1,0,0
1,1,1,34.0,1,0,49.0,0,0,0,28.0,0,5,0,1
1,0,0,36.0,0,1,38.0,0,0,0,33.0,0,2,0,1
1,1,1,57.0,0,1,45.0,0,0,0,21.0,0,1,0,1
1,1,1,99.0,0,1,35.7,0,0,1,29.9,0,1,1,1
2,1,1,44.0,1,0,41.0,0,0,0,40.0,0,1,0,0
1,1,1,135.0,1,1,23.0,0,0,0,23.0,0,1,0,0
1,1,0,34.0,0,1,38.4,0,0,1,37.5,0,1,1,1
1,1,1,47.0,1,1,34.0,0,0,0,30.0,0,1,0,1
1,1,1,75.0,0,1,30.1,0,0,1,22.3,0,6,1,0
1,1,1,56.0,0,1,34.0,0,0,1,29.2,0,3,1,1
1,1,1,232.0,1,0,48.4,0,0,0,47.2,1,5,0,1
1,1,1,75.0,1,1,26.3,0,0,0,24.8,0,1,0,1
1,1,1,47.0,1,1,22.0,0,0,0,21.0,0,1,0,0
1,0,1,39.0,0,1,35.0,0,1,0,31.0,0,1,0,1
1,1,1,32.0,1,1,36.0,0,0,0,33.0,0,1,0,0
1,1,1,55.0,1,1,43.0,0,0,0,11.0,0,1,0,0
1,1,1,93.0,1,1,38.0,0,0,1,28.0,0,1,1,0
1,1,1,52.0,0,1,35.0,0,0,0,24.0,0,1,0,1
1,1,0,140.0,0,1,23.3,0,0,0,20.0,0,1,0,0
1,0,1,49.0,1,0,38.8,0,0,1,32.0,0,3,1,1
1,0,1,59.0,1,1,31.5,0,0,1,28.7,0,1,1,1
2,1,1,999999.4,1,1,40.0,0,1,1,31.0,0,6,1,0
1,1,0,39.0,0,1,22.5,0,0,0,22.1,0,1,0,1
1,1,1,51.0,0,1,31.0,0,0,0,27.0,0,1,0,0
1,1,1,33.0,0,0,47.94,0,1,0,46.85,0,4,0,1
1,1,1,64.0,1,1,24.4,0,0,0,23.6,0,1,0,1
1,1,1,70.0,1,1,42.0,0,0,0,42.0,0,1,0,0
1,1,1,55.0,0,1,36.0,0,0,1,28.0,0,6,1,0
1,1,1,250.0,1,1,38.0,0,0,0,36.0,0,1,0,0
1,1,1,72.0,1,0,36.0,0,0,0,22.0,1,5,0,1
1,1,1,60.0,1,1,34.0,0,0,1,26.0,0,6,1,1
1,1,1,88.0,1,1,39.0,0,0,1,36.0,0,1,1,0
2,1,1,25.0,0,1,35.0,0,0,0,0.0,0,2,0,1
1,0,0,28.0,0,0,30.0,0,1,0,30.0,0,4,0,0
1,1,1,51.0,1,1,36.0,0,0,0,25.0,0,1,0,1
1,1,0,33.0,1,1,45.0,0,0,0,45.0,0,2,0,0
1,1,1,63.0,1,1,34.0,0,0,0,26.0,0,2,0,1
1,1,1,40.0,0,1,31.0,0,0,1,29.0,0,5,1,0
1,1,1,38.0,0,1,37.0,0,0,1,30.0,0,1,1,1
1,0,1,72.0,1,1,42.74,0,0,0,35.3,1,5,0,1
1,1,1,74.0,1,1,35.0,0,0,1,26.0,0,1,1,1
1,1,1,67.0,1,1,31.0,0,0,1,29.0,0,1,1,1
1,1,0,33.0,0,1,36.0,0,0,0,33.0,0,6,0,1
1,1,1,100.0,1,1,35.0,0,0,1,27.0,0,1,1,1
1,0,1,50.0,0,0,35.0,1,0,1,27.0,1,5,1,1
1,0,1,43.0,1,1,45.0,0,1,0,20.0,0,1,0,1
1,1,1,192.0,1,0,18.0,0,0,0,14.0,1,3,0,0
1,1,1,50.0,1,1,32.1,0,0,0,24.7,0,5,0,1
1,1,1,29.0,0,1,36.6,0,0,0,27.3,0,1,0,1
1,1,1,28.0,0,0,40.0,0,0,0,39.0,1,6,0,0
1,1,1,44.0,1,1,40.0,0,0,0,35.0,0,1,0,0
1,1,1,59.0,1,1,24.0,0,0,0,15.0,0,1,0,1
1,1,1,999999.4,1,1,33.0,0,0,1,16.0,0,6,1,1
1,1,1,105.0,1,1,36.0,0,0,0,33.0,0,1,0,0
1,1,1,47.0,1,1,26.0,0,0,0,26.0,0,1,0,1
1,1,1,184.0,1,1,16.4,0,0,0,14.5,0,1,0,0
1,1,0,40.0,0,1,31.0,0,0,1,31.0,0,2,1,0
1,1,0,46.0,0,1,28.0,0,1,0,25.0,0,1,0,0
1,1,1,63.0,1,0,30.0,0,0,0,20.0,1,6,0,1
1,1,1,122.0,1,1,47.0,0,0,0,30.0,0,1,0,0
1,0,1,48.0,1,1,21.6,0,0,0,12.4,0,3,0,0
1,1,1,25.0,1,1,33.0,0,0,0,33.0,0,3,0,0
1,1,1,94.0,0,1,25.0,0,0,0,21.0,0,1,0,0
1,1,1,48.0,1,1,30.0,0,0,0,25.0,0,5,0,0
1,1,1,51.0,1,1,26.6,0,0,0,26.1,0,1,0,0
1,1,0,65.0,1,1,33.0,0,0,0,24.0,0,3,0,1
1,1,1,56.0,0,1,31.0,0,0,0,28.0,0,2,0,0
1,1,1,76.0,1,1,26.0,0,0,1,25.0,1,6,1,1
1,1,1,51.0,0,1,34.5,0,0,1,23.8,0,2,1,0
1,1,0,56.0,0,1,31.15,0,0,0,22.31,0,1,0,0
1,1,1,57.0,1,1,39.5,0,0,0,24.14,0,2,0,1
1,1,1,342.0,1,1,20.9,0,0,0,13.3,0,1,0,0
1,1,1,55.0,1,1,32.0,0,0,1,23.0,0,6,1,0
1,1,1,94.0,0,1,19.0,0,0,0,18.0,0,1,0,0
1,1,0,46.0,0,1,33.0,0,0,0,33.0,0,1,0,1
1,1,1,63.0,1,1,29.0,0,0,0,21.0,0,3,0,1
1,1,0,260.0,1,1,29.0,0,0,1,23.0,0,1,1,0
1,1,0,39.0,0,1,36.45,0,0,1,32.88,0,2,1,0
1,1,0,67.0,0,1,31.0,0,0,1,21.0,0,1,1,0
1,1,0,125.0,0,1,40.0,0,0,1,26.0,0,1,1,0
1,1,1,120.0,1,1,24.0,0,0,0,20.0,0,1,0,0
1,1,1,31.0,0,1,35.0,0,0,0,30.0,0,1,0,0
1,1,1,999999.4,1,1,32.0,0,0,0,29.0,0,1,0,0
1,1,1,35.0,1,1,40.75,0,0,0,29.9,0,1,0,1
1,1,0,999999.4,0,1,28.0,0,0,0,27.0,0,4,0,0
1,0,0,46.0,0,1,37.0,0,0,0,30.0,0,2,0,1
1,1,1,74.0,1,1,32.0,0,0,0,27.0,0,1,0,0
1,1,1,72.0,1,1,44.0,0,0,0,37.0,0,1,0,0
1,1,1,97.0,1,1,31.3,0,0,0,24.9,0,3,0,0
1,1,1,74.0,1,1,30.4,0,0,1,24.5,0,1,1,0
1,1,1,168.0,0,1,36.5,0,0,0,31.8,0,1,0,1
1,1,1,125.0,1,1,30.0,0,0,0,28.0,0,1,0,0
1,1,1,60.0,1,1,27.75,0,0,0,27.75,0,4,0,1
1,1,1,60.0,1,1,34.0,0,0,1,26.0,0,6,1,0
1,1,1,21.0,0,1,69.0,0,0,0,26.0,0,1,0,1
1,1,1,51.0,0,1,29.3,0,1,0,29.3,0,1,0,0
1,1,1,285.0,1,1,15.5,0,0,0,13.3,0,5,0,0
1,1,1,71.0,1,1,39.3,0,0,0,18.8,0,1,0,0
1,1,0,72.0,0,1,34.53,0,0,0,17.63,0,1,0,1
1,1,1,14.0,0,1,27.5,0,0,0,23.8,0,1,0,1
1,1,1,59.0,0,1,34.0,0,0,1,31.0,0,6,1,0
1,1,1,200.0,1,1,21.8,0,0,0,8.2,0,2,0,0
2,1,1,113.0,1,1,13.0,0,0,0,10.0,0,2,0,0
1,1,1,90.0,1,1,38.1,0,0,0,22.8,0,1,0,0
1,1,1,136.0,1,1,35.0,0,0,0,32.0,0,2,0,0
1,1,1,100.0,1,1,31.7,0,0,0,22.2,0,3,0,0
1,0,1,49.0,0,0,39.0,0,0,0,26.0,0,6,0,1
1,1,0,63.0,0,1,35.0,0,0,0,29.0,0,1,0,1
1,1,1,45.0,1,1,43.15,0,1,0,34.39,0,2,0,1
1,0,1,35.0,0,1,40.09,0,0,0,36.67,0,4,0,1
1,1,1,84.0,1,1,36.0,0,0,0,29.0,0,1,0,1
1,1,1,83.0,1,1,34.0,0,0,0,19.0,0,2,0,1
1,1,0,55.0,0,1,31.0,0,0,0,29.0,0,1,0,0
1,1,0,72.0,0,1,37.6,0,0,0,27.8,0,2,0,0
1,1,1,199.0,1,1,38.0,0,0,0,14.0,0,2,0,0
1,1,1,56.0,1,1,48.0,0,0,0,34.0,0,1,0,1
1,1,1,43.0,1,1,38.0,0,0,0,30.0,0,1,0,1
1,1,0,40.0,0,1,28.4,0,0,0,25.4,0,1,0,0
1,0,1,36.0,0,0,30.27,0,0,1,25.77,0,5,1,1
1,1,1,48.0,0,1,41.0,1,0,1,35.0,0,1,1,0
1,1,0,68.0,0,1,32.0,0,0,0,19.0,0,1,0,0
1,0,0,38.0,0,1,45.0,0,0,1,28.0,0,1,1,1
1,1,0,40.0,0,1,32.0,0,0,0,29.0,0,3,0,1
1,1,1,101.0,1,1,31.0,0,0,0,24.0,0,2,0,0
1,1,1,23.0,1,1,44.0,0,0,0,31.0,0,1,0,0
1,1,0,98.0,1,1,26.0,0,0,1,21.0,0,1,1,0
1,1,0,230.0,1,1,33.0,0,0,1,29.0,0,1,1,1
1,1,1,99.0,1,1,25.0,0,0,0,23.0,0,5,0,1
2,1,1,55.0,1,1,36.0,0,0,0,14.0,0,1,0,1
1,0,1,51.0,0,1,38.0,0,0,1,28.0,0,1,1,1
1,1,1,80.0,1,1,26.1,0,0,0,23.4,0,2,0,0
1,1,0,60.0,0,1,31.0,0,0,0,30.0,0,1,0,0
1,1,1,43.0,0,1,36.0,0,0,1,28.0,0,2,1,0
1,1,1,114.0,1,1,23.0,0,0,0,23.0,0,5,0,0
1,1,0,58.0,0,1,26.0,0,0,0,26.0,0,6,0,1
2,0,1,147.0,1,1,39.5,0,0,0,0.0,0,5,0,1
1,0,1,33.0,1,0,40.0,1,0,1,26.0,1,6,1,1
1,1,1,100.0,1,1,26.6,0,0,1,18.9,0,2,1,1
1,1,1,43.0,0,1,46.8,0,0,0,36.2,0,5,0,0
1,1,1,62.0,1,1,27.0,0,0,0,25.0,0,1,0,0
1,1,0,37.0,0,1,27.0,0,0,0,15.0,0,6,0,0
1,1,1,56.0,1,1,28.0,0,0,1,28.0,0,1,1,0
1,0,1,29.0,0,1,19.0,0,0,1,19.0,0,1,1,1
1,1,1,104.0,1,1,35.56,0,1,0,29.62,0,4,0,0
1,1,1,62.0,0,1,29.21,0,0,0,27.49,0,1,0,0
1,1,1,151.0,1,1,21.2,0,0,1,17.7,0,1,1,0
1,1,1,84.0,1,1,35.14,0,0,0,35.14,1,2,0,0
2,1,1,50.0,0,1,26.0,0,0,0,17.0,0,1,0,0
1,1,1,178.0,1,1,25.0,0,0,0,20.0,0,1,0,1
1,1,1,86.0,1,1,29.0,0,0,1,24.0,0,1,1,0
1,1,1,59.0,1,1,36.0,0,0,0,28.0,1,3,0,0
1,1,1,81.0,1,1,39.0,0,0,0,33.0,0,1,0,0
1,1,1,39.0,1,1,28.0,0,0,0,28.0,0,1,0,0
1,1,1,57.0,1,1,23.0,0,1,0,18.0,0,2,0,0
1,1,1,41.0,1,1,32.29,0,0,1,31.1,0,1,1,0
1,1,1,35.0,1,1,27.0,0,0,0,25.0,0,6,0,1
1,1,1,75.0,1,1,30.5,0,0,0,21.8,0,1,0,1
3,1,1,40.0,0,1,36.0,0,0,0,24.0,0,1,0,0
1,0,1,64.0,1,1,32.0,0,0,1,25.0,0,2,1,1
1,1,0,85.0,0,1,26.0,0,0,0,24.0,0,2,0,1
1,1,1,51.0,1,1,33.0,0,0,0,25.0,0,5,0,0
1,0,1,73.0,1,1,32.0,0,0,0,12.0,0,1,0,0
1,0,1,53.0,1,1,38.0,0,0,1,27.0,0,1,1,1
1,1,1,25.0,0,1,28.0,0,0,0,28.0,0,1,0,1
1,1,1,106.0,1,1,21.0,0,0,0,18.0,0,1,0,0
1,1,1,80.0,1,1,27.0,0,0,1,23.2,0,1,1,1
1,1,1,39.0,1,1,34.0,0,0,0,29.0,0,1,0,1
1,1,1,184.0,0,1,45.0,0,0,0,18.0,1,1,0,1
1,1,0,30.0,0,1,16.0,0,0,0,16.0,0,2,0,1
1,1,1,72.0,1,1,19.0,0,0,0,19.0,0,4,0,1
1,1,1,49.0,1,0,25.0,0,1,0,22.0,0,4,0,1
1,0,1,37.0,1,1,32.0,0,0,0,26.0,0,1,0,1
2,1,0,201.0,1,1,19.0,0,0,0,10.0,0,2,0,1
1,1,1,62.0,0,1,31.0,0,0,0,30.0,0,1,0,0
1,1,1,51.0,1,1,32.0,0,0,0,25.0,0,1,0,0
1,1,1,86.0,1,1,36.0,0,0,0,1.0,0,1,0,1
1,1,1,276.0,1,1,43.0,0,0,0,11.0,0,2,0,0
1,1,1,67.0,1,1,37.0,0,0,1,32.0,0,1,1,0
1,1,1,57.0,1,1,28.0,0,0,0,28.0,0,2,0,0
1,1,1,65.0,1,1,35.0,0,0,0,16.0,0,1,0,0
1,1,1,38.0,1,1,42.0,0,0,0,34.0,0,2,0,1
2,0,1,86.0,1,1,30.0,0,0,0,6.0,0,1,0,1
1,1,1,82.0,1,1,25.0,0,0,0,22.0,0,1,0,0
1,1,0,44.0,0,1,31.96,0,0,0,30.99,0,1,0,1
1,0,1,62.0,0,1,32.07,0,1,0,25.22,0,1,0,0
1,1,0,71.0,1,1,38.0,0,0,0,28.0,0,1,0,0
1,1,1,76.0,1,1,32.0,0,0,0,27.0,0,1,0,0
1,0,0,65.0,0,0,29.39,0,1,0,24.59,0,5,0,1
1,1,1,57.0,1,1,30.0,0,0,0,29.0,0,5,0,0
1,1,1,53.0,1,1,31.0,0,0,0,30.0,0,1,0,0
1,1,1,89.0,0,1,34.0,0,0,0,30.0,1,3,0,0
1,1,1,49.0,1,1,45.0,0,0,0,34.0,0,5,0,0
1,1,1,93.0,0,1,37.77,0,0,0,26.49,0,6,0,0
1,1,0,27.0,0,1,37.0,0,0,1,27.0,0,1,1,0
1,1,1,82.0,1,1,29.0,0,0,0,24.0,0,1,0,0
1,1,1,61.0,1,1,26.0,0,0,1,22.0,0,6,1,1
1,0,1,38.0,0,0,39.23,0,1,0,33.38,1,6,0,1
1,1,1,67.0,0,1,36.2,0,0,1,21.7,0,1,1,0
1,1,1,91.0,1,1,38.17,0,0,0,23.85,1,1,0,0
1,1,0,54.0,1,1,37.0,0,0,0,30.0,0,1,0,0
1,1,1,49.0,0,1,23.0,0,0,0,23.0,0,1,0,1
1,1,1,48.0,1,1,36.0,0,0,1,23.0,0,1,1,0
1,1,0,25.0,0,1,34.0,0,0,0,33.0,0,1,0,0
1,1,1,61.0,1,1,36.0,0,0,1,26.0,0,4,1,0
1,1,0,48.0,0,1,33.0,0,0,0,31.0,0,1,0,0
1,1,1,72.0,1,1,35.0,0,0,0,25.0,0,2,0,1
1,1,1,55.0,1,1,33.0,0,0,0,25.0,0,2,0,0
1,0,1,43.0,1,1,42.0,0,0,1,32.0,0,2,1,1
1,1,0,38.0,0,1,34.66,0,0,0,26.58,0,1,0,1
1,1,1,48.0,1,1,34.7,0,0,0,28.9,0,1,0,0
1,1,1,45.0,0,1,34.17,0,0,0,25.33,0,1,0,1
1,0,0,27.0,0,1,36.0,0,0,0,36.0,0,2,0,1
1,1,1,35.0,1,1,42.0,0,0,0,35.0,0,2,0,1
1,1,1,97.0,0,1,37.0,0,0,0,26.0,0,2,0,0
1,1,1,58.0,0,1,39.0,0,0,0,18.0,0,6,0,1
1,1,1,85.0,1,1,35.2,0,0,0,23.7,0,1,0,0
1,1,0,86.0,0,1,20.0,0,0,0,18.0,0,2,0,1
1,1,1,73.0,0,1,36.0,0,0,1,27.0,0,1,1,0
1,1,0,999999.4,0,1,35.0,0,0,0,18.0,1,1,0,1
1,1,0,36.0,0,1,35.0,0,0,0,30.0,0,1,0,0
1,1,1,78.0,1,1,28.0,0,0,0,28.0,0,1,0,0
1,1,1,48.0,0,1,32.0,0,0,0,32.0,0,1,0,1
1,1,1,104.0,0,1,28.0,0,0,0,21.0,0,2,0,1
1,1,1,105.0,1,1,21.85,0,0,0,19.7,0,1,0,0
1,0,0,36.0,0,1,40.0,0,0,0,30.0,0,5,0,1
1,1,1,147.0,1,1,35.0,0,0,1,29.0,0,1,1,0
1,1,1,41.0,0,1,33.0,0,0,1,25.0,0,1,1,1
1,1,1,61.0,1,1,45.7,0,0,0,28.2,0,1,0,0
1,1,1,24.0,1,1,43.0,0,0,0,35.0,1,5,0,0
1,1,1,66.0,1,1,33.1,0,0,0,26.2,0,1,0,0
1,1,1,72.0,0,1,30.4,0,0,0,27.7,0,1,0,1
1,1,1,58.0,1,1,31.91,0,0,0,26.52,0,1,0,0
1,0,0,51.0,1,1,38.2,0,0,1,28.2,0,1,1,1
1,0,1,71.0,0,1,55.0,0,1,0,32.0,0,2,0,1
1,1,1,77.0,1,1,33.65,0,0,1,25.38,0,3,1,1
2,1,0,68.0,0,1,38.0,0,0,0,17.0,0,1,0,0
1,1,1,55.0,0,1,33.0,0,0,0,30.0,0,1,0,0
1,1,1,115.0,1,1,39.0,0,0,0,30.0,0,1,0,0
1,1,1,79.0,0,1,32.0,0,0,0,22.0,0,2,0,1
1,1,0,41.0,0,1,43.0,1,0,1,42.0,0,1,1,1
1,1,0,66.0,0,1,34.9,0,0,1,20.2,0,5,1,1
1,1,1,118.0,1,1,29.0,0,0,1,24.0,0,6,1,1
1,1,1,61.0,1,1,32.38,0,0,1,28.73,0,1,1,0
1,1,0,111.0,1,1,21.7,0,0,0,9.0,0,1,0,0
1,1,1,95.0,0,1,40.0,0,0,0,14.6,0,1,0,1
1,1,1,48.0,1,1,38.0,0,0,0,24.0,0,1,0,0
1,1,1,57.0,0,1,29.0,0,0,0,28.0,0,2,0,0
1,1,1,86.0,1,1,32.0,0,0,0,26.0,0,5,0,1
1,1,1,105.0,1,1,17.0,0,0,0,14.0,0,1,0,0
1,1,1,46.0,1,1,31.0,0,0,0,30.0,0,1,0,0
1,1,1,174.0,1,1,18.0,0,0,0,16.0,0,1,0,0
1,1,1,69.0,1,1,28.0,0,0,1,17.0,0,2,1,0
1,1,1,84.0,0,1,26.79,0,0,0,10.38,0,1,0,1
1,1,1,35.0,0,1,40.0,0,0,0,27.0,0,1,0,1
1,1,1,48.0,0,1,35.0,0,0,0,26.0,0,2,0,1
1,0,0,28.0,1,1,33.0,0,0,1,27.0,0,2,1,1
1,1,0,37.0,1,1,32.28,0,0,1,32.28,0,1,1,0
1,1,1,110.0,1,1,39.9,0,0,0,22.0,1,1,0,1
1,1,1,89.0,1,1,24.65,0,0,0,24.47,0,1,0,1
2,1,1,253.0,1,1,17.0,0,0,0,9.0,0,1,0,1
1,0,1,58.0,1,0,35.0,0,0,0,29.2,1,6,0,1
1,1,0,44.0,0,1,30.6,0,0,0,27.8,0,5,0,0
1,1,1,53.0,0,0,24.0,0,0,0,24.0,1,5,0,0
1,1,1,81.0,1,1,29.0,0,0,0,17.0,0,1,0,0
1,1,1,125.0,0,0,30.37,0,0,0,9.04,1,6,0,0
2,1,0,36.0,0,1,36.0,0,0,0,15.0,0,1,0,1
1,1,0,23.0,0,1,66.1,0,0,0,66.1,0,1,0,1
1,1,1,51.0,0,1,30.0,0,0,1,23.2,0,2,1,1
1,1,0,49.0,0,1,30.94,0,0,0,28.31,0,1,0,1
1,1,0,80.0,1,1,16.0,0,0,0,16.0,0,1,0,0
1,0,1,19.0,1,0,22.0,1,0,1,19.0,0,2,1,1
1,1,1,51.0,0,1,35.0,0,0,0,25.0,0,2,0,0
1,1,1,31.0,0,1,40.0,0,0,0,34.0,0,2,0,1
1,0,1,54.0,1,1,31.6,0,0,1,21.5,0,1,1,1
1,1,1,43.0,0,1,38.7,0,0,0,21.4,0,3,0,1
1,1,1,99.0,1,1,31.0,0,0,1,19.0,0,1,1,0
1,1,1,91.0,1,1,37.0,0,0,0,31.0,0,1,0,0
1,1,1,70.0,1,1,37.0,0,0,0,26.0,0,2,0,0
1,1,0,47.0,0,1,30.0,0,0,0,29.0,0,2,0,1
1,1,0,51.0,1,1,27.0,0,0,0,22.0,0,3,0,0
1,0,1,255.0,0,1,16.0,0,0,0,12.0,0,2,0,0
2,1,0,52.0,0,1,38.4,0,0,0,23.35,0,4,0,1
1,1,1,95.0,1,1,26.4,0,0,0,21.5,0,1,0,0
1,1,1,999999.4,1,1,40.99,0,0,0,20.39,0,1,0,0
1,1,1,69.0,1,1,43.0,0,0,0,43.0,0,1,0,0
1,1,1,56.0,1,1,36.87,0,0,0,29.89,0,1,0,1
1,1,0,70.0,0,1,35.0,0,0,0,21.0,0,2,0,1
1,1,1,135.0,0,1,38.0,0,0,1,33.0,0,1,1,1
1,1,1,36.0,1,1,40.0,0,0,0,26.0,0,1,0,1
1,1,1,102.0,0,1,33.0,0,0,0,20.0,0,1,0,1
1,1,1,65.0,1,0,44.0,0,0,0,40.0,0,2,0,0
1,1,1,86.0,1,1,19.0,0,0,0,18.0,0,1,0,0
1,1,1,115.0,1,1,28.0,0,0,0,28.0,0,2,0,1
1,0,1,57.0,1,1,35.4,0,0,0,25.57,0,1,0,1
1,1,1,49.0,1,1,33.389,0,0,0,25.482,0,1,0,1
1,1,1,53.0,1,1,36.0,0,0,1,29.0,1,1,1,0
1,1,1,41.0,1,1,35.8,0,0,0,31.6,0,1,0,0
1,1,1,22.0,0,1,38.86,0,0,0,38.86,0,2,0,1
1,1,1,63.0,1,1,41.0,0,0,0,30.0,0,1,0,0
1,1,1,64.0,1,0,27.0,0,0,0,26.0,1,6,0,0
1,1,1,60.0,1,1,39.0,0,0,0,28.0,0,1,0,0
1,1,1,36.0,0,1,22.36,0,0,0,21.69,0,1,0,1
1,0,0,32.0,0,1,28.09,0,0,0,23.97,0,1,0,1
1,1,1,155.0,1,1,29.0,0,0,0,29.0,0,1,0,0
1,1,1,57.0,1,1,22.0,0,0,0,22.0,0,1,0,0
1,1,1,129.0,1,1,36.0,0,0,0,35.0,0,1,0,0
1,1,0,36.0,0,1,42.0,0,0,0,36.0,0,1,0,0
1,1,1,70.0,1,0,31.0,0,0,0,19.6,0,6,0,0
1,1,0,76.0,1,1,36.0,0,0,0,32.0,0,1,0,1
1,0,1,59.0,1,1,39.0,0,0,1,25.0,0,6,1,0
1,1,1,101.0,0,1,30.0,0,0,0,15.0,0,5,0,0
1,1,1,59.0,1,1,36.0,0,0,0,36.0,0,6,0,0
1,0,1,72.0,1,1,35.35,0,0,1,25.2,0,1,1,1
1,1,0,42.0,0,1,34.0,0,0,0,32.0,0,5,0,1
1,1,1,130.0,1,1,30.0,0,0,1,23.0,0,1,1,1
1,1,0,75.0,1,1,34.0,0,0,0,24.0,1,2,0,0
1,0,1,27.0,1,0,37.0,0,0,0,34.0,0,5,0,1
1,1,1,64.0,1,1,38.0,0,0,0,28.0,0,3,0,0
1,1,1,88.0,1,0,37.0,1,0,1,20.0,1,6,1,1
1,1,0,86.0,0,1,20.0,0,0,0,20.0,0,1,0,1
1,0,1,22.0,0,0,74.0,0,1,0,66.0,1,6,0,1
1,1,1,69.0,0,1,36.0,0,0,1,25.0,0,2,1,0
1,1,1,54.0,1,1,36.0,0,0,0,27.0,0,1,0,0
1,1,1,48.0,0,1,37.0,0,0,0,28.0,0,2,0,0
1,1,1,109.0,1,1,34.0,0,0,0,26.0,1,6,0,0
1,1,1,42.0,1,1,38.0,0,0,0,28.0,0,1,0,0
1,1,1,70.0,1,1,38.3,0,0,0,28.44,0,3,0,0
1,1,1,67.0,1,1,32.0,0,0,1,28.0,0,1,1,0
1,1,1,66.0,0,1,25.94,0,0,0,24.86,0,4,0,1
1,1,1,100.0,0,1,34.0,0,0,1,21.0,0,1,1,1
1,0,0,92.0,0,0,34.0,0,1,0,19.0,1,5,0,1
1,1,1,157.0,1,1,28.0,0,0,0,21.0,0,2,0,0
1,0,0,30.0,0,1,35.0,0,0,1,26.0,0,1,1,1
1,1,1,113.0,1,1,20.0,0,0,0,9.0,0,2,0,1
1,1,0,35.0,0,1,35.0,0,0,0,31.0,0,1,0,1
1,0,0,22.0,0,1,27.12,0,0,1,27.12,0,4,1,1
1,1,1,52.0,1,1,20.1,0,0,0,13.1,0,2,0,0
1,1,1,39.0,1,1,34.0,0,0,0,27.0,0,6,0,0
1,0,1,32.0,1,1,22.0,0,0,1,20.0,0,2,1,1
1,1,1,22.0,1,1,48.3,0,0,0,34.1,0,2,0,0
1,1,1,62.0,1,1,30.0,0,0,0,23.0,0,2,0,1
1,1,1,60.0,0,1,36.0,0,0,0,35.0,0,1,0,1
1,1,1,55.0,1,1,42.66,0,0,1,29.67,0,1,1,1
1,1,0,18.0,0,1,32.0,0,0,0,32.0,0,4,0,1
1,1,0,28.0,0,1,42.0,1,0,1,28.0,0,2,1,0
1,1,1,73.0,1,1,32.0,0,0,1,24.6,0,4,1,0
1,1,1,90.0,1,1,33.0,0,0,0,33.0,0,1,0,0
1,1,1,285.0,1,1,27.0,0,0,0,21.0,0,2,0,1
1,1,1,68.0,1,1,36.2,0,0,1,25.7,0,2,1,0
1,1,1,49.0,1,1,39.0,0,1,0,23.0,0,1,0,0
1,1,1,384.0,1,1,43.0,0,0,0,21.0,0,2,0,1
1,1,0,37.0,0,1,37.0,0,0,0,32.2,0,1,0,1
1,1,1,36.0,1,1,38.0,0,1,0,30.0,0,2,0,0
1,1,1,192.0,1,1,13.0,0,0,0,12.0,0,1,0,0
1,1,1,60.0,1,1,32.0,0,0,0,11.0,0,2,0,0
1,1,1,125.0,1,1,35.0,0,1,0,34.0,0,1,0,1
1,1,1,106.0,1,1,27.04,0,0,0,16.75,0,3,0,0
1,1,0,66.0,1,1,26.0,0,0,0,21.0,0,2,0,1
1,1,1,46.0,1,1,30.31,0,0,1,29.04,0,1,1,0
1,1,1,26.0,1,1,33.0,0,0,1,28.0,0,1,1,0
1,1,0,46.0,0,1,31.0,0,0,0,28.0,0,2,0,0
1,1,1,100.0,1,1,23.0,0,0,0,22.0,0,1,0,0
1,0,1,66.0,1,1,36.0,0,0,0,28.0,0,2,0,0
1,1,1,97.0,1,1,23.0,0,0,0,4.0,0,1,0,1
1,1,1,36.0,1,1,26.0,0,0,0,23.0,0,1,0,0
1,1,1,34.0,1,1,44.0,0,0,0,36.0,1,1,0,1
1,1,1,127.0,1,1,19.44,0,0,0,19.26,0,1,0,0
1,1,1,144.0,1,1,28.0,0,0,0,24.0,0,5,0,1
1,1,1,69.0,0,1,22.0,0,0,0,20.0,0,1,0,0
1,0,0,24.0,0,0,31.0,1,0,1,27.0,0,6,1,1
1,1,1,43.0,1,1,31.98,0,0,0,26.27,0,5,0,0
1,1,1,32.0,1,1,36.8,0,0,1,26.6,0,1,1,1
1,1,1,108.0,0,1,31.0,0,0,0,27.0,0,1,0,0
1,1,1,130.0,1,1,41.0,0,0,0,33.0,0,2,0,0
1,1,1,97.0,1,1,32.06,0,0,1,27.97,0,1,1,0
1,0,0,32.0,0,1,28.0,0,0,1,24.0,0,1,1,1
1,1,1,31.0,1,1,14.0,0,0,0,14.0,0,1,0,1
1,1,1,144.0,1,1,25.2,0,0,0,8.8,0,1,0,1
1,1,1,62.0,1,1,38.0,0,1,0,27.0,0,1,0,0
1,1,1,120.0,0,1,32.0,0,0,0,29.0,0,3,0,1
1,1,1,51.0,1,1,36.0,0,0,0,30.0,0,1,0,1
1,0,1,46.0,1,1,39.53,0,0,0,31.27,0,1,0,1
1,1,1,58.0,1,1,33.0,0,0,0,31.0,0,1,0,1
1,1,0,70.0,1,1,32.0,0,0,1,30.0,0,1,1,1
1,1,1,143.0,1,1,28.44,0,0,0,21.43,0,1,0,0
1,1,1,410.0,0,1,35.9,0,0,0,17.27,0,6,0,1
1,1,1,109.0,0,1,22.0,0,0,0,17.0,0,3,0,0
1,1,1,70.0,1,1,35.0,0,0,1,17.0,0,1,1,1
1,1,1,75.0,0,1,36.0,0,0,0,18.3,0,2,0,0
1,1,0,27.0,0,1,30.1,0,0,0,27.83,0,1,0,1
1,1,0,35.0,0,1,32.0,0,0,1,31.0,0,1,1,0
1,1,1,113.0,1,1,36.3,0,0,0,20.9,0,1,0,0
1,1,1,60.0,0,1,31.0,0,0,0,20.0,0,1,0,0
1,1,1,53.0,1,1,35.0,0,0,1,28.0,0,3,1,0
2,1,1,152.0,1,1,38.6,0,0,0,14.2,0,1,0,0
1,1,1,65.0,0,1,22.3,0,0,0,22.3,0,1,0,0
1,1,1,183.0,0,1,28.0,0,0,0,8.0,1,1,0,1
1,1,1,312.0,0,1,21.0,0,0,0,6.0,0,2,0,0
1,1,1,61.0,1,1,32.0,0,0,0,20.0,0,1,0,0
1,1,1,59.0,1,1,29.17,0,0,0,25.06,0,1,0,0
1,1,1,67.0,1,1,33.0,0,0,1,26.0,0,1,1,0
1,1,0,34.0,0,1,32.0,0,0,0,27.0,0,2,0,1
1,1,0,65.0,0,1,22.0,0,1,0,21.0,0,1,0,1
1,1,1,39.0,0,1,38.0,0,1,0,37.0,0,2,0,0
1,1,0,49.0,0,1,34.0,0,0,0,27.0,0,1,0,0
1,1,1,28.0,1,0,46.68,0,1,0,46.32,0,4,0,1
1,1,1,39.0,0,1,29.7,0,0,0,22.2,0,1,0,0
1,1,1,35.0,1,1,36.0,0,0,1,23.0,0,1,1,1
1,1,1,55.0,1,1,36.6,0,0,0,27.5,0,6,0,0
1,1,0,33.0,0,1,29.0,0,0,0,28.0,0,1,0,1
1,1,1,47.0,1,1,35.0,0,0,1,30.0,0,1,1,0
1,1,1,60.0,1,1,32.0,0,0,0,26.0,0,1,0,0
1,1,1,73.0,0,1,37.1,0,0,1,19.2,0,2,1,0
1,1,0,36.0,1,1,27.58,0,0,0,21.1,0,1,0,0
1,0,1,75.0,1,1,39.6,0,0,0,27.3,0,1,0,0
1,1,0,37.0,0,1,25.0,0,0,0,17.0,0,1,0,1
1,0,1,55.0,0,1,51.8,1,0,1,37.7,0,1,1,1
1,1,1,64.0,1,1,32.62,0,0,0,19.89,0,1,0,1
1,1,1,46.0,0,1,34.7,0,0,0,27.9,0,1,0,0
1,1,1,62.0,1,1,32.0,0,0,0,23.0,0,2,0,0
1,1,1,35.0,1,1,31.0,0,0,1,26.0,0,6,1,1
1,1,1,75.0,1,1,30.0,0,0,0,29.0,0,2,0,0
2,1,1,88.0,1,1,27.0,0,0,0,20.0,0,1,0,1
1,1,1,80.0,1,1,35.0,0,0,1,25.0,0,1,1,0
1,0,1,34.0,0,1,31.0,0,0,0,26.0,1,1,0,1
1,1,0,78.0,0,1,31.0,0,0,0,15.0,0,1,0,1
1,1,1,69.0,1,0,27.0,0,0,0,22.0,1,6,0,0
1,0,1,69.0,1,0,25.42,0,0,0,20.3,0,6,0,0
1,1,1,57.0,1,1,41.0,0,0,0,24.0,0,1,0,1
2,1,1,264.0,1,1,41.0,0,0,0,19.0,0,1,0,0
1,1,1,139.0,1,1,19.0,0,1,0,19.0,0,1,0,0
1,1,1,73.0,1,1,36.0,0,0,1,22.0,1,2,1,0
1,1,1,64.0,1,1,26.9,0,0,0,22.6,0,1,0,1
1,1,1,66.0,1,1,42.0,0,0,1,34.0,0,1,1,0
1,1,1,280.0,1,1,25.0,0,0,0,18.0,0,1,0,0
1,1,1,48.0,1,1,39.0,0,0,0,36.0,0,5,0,1
1,1,1,17.0,1,1,47.0,0,0,0,6.0,0,1,0,1
1,1,1,83.0,1,1,27.0,0,0,1,22.0,0,1,1,0
1,1,1,192.0,0,0,32.0,0,0,0,17.0,1,3,0,0
1,1,1,60.0,0,1,35.7,0,0,0,20.0,0,5,0,1
1,1,1,38.0,1,1,34.8,0,0,1,32.7,0,4,1,1
1,0,1,120.0,1,1,58.0,0,0,0,52.0,0,1,0,1
1,0,1,99.0,1,0,35.82,0,0,0,28.06,1,5,0,1
1,1,1,53.0,1,0,41.0,0,0,0,31.0,1,1,0,0
1,0,0,22.0,0,1,38.3,0,0,1,36.09,0,1,1,1
1,1,1,55.0,1,1,36.0,0,0,0,33.0,0,1,0,1
1,1,0,32.0,0,1,31.0,0,0,0,30.0,0,1,0,0
1,1,1,115.0,1,1,25.0,0,0,0,25.0,0,1,0,1
1,1,0,63.0,0,1,33.0,0,0,0,26.0,0,1,0,0
1,0,0,34.0,0,0,29.4,0,0,0,25.9,0,6,0,1
1,1,1,39.0,1,1,34.0,0,0,0,31.0,0,1,0,1
1,1,0,48.0,0,1,33.0,0,0,0,32.0,0,1,0,1
1,1,1,175.0,1,1,33.0,0,0,0,32.0,0,1,0,1
1,1,1,29.0,0,1,33.0,0,0,0,31.0,0,6,0,1
1,1,1,90.0,1,1,29.0,0,0,0,29.0,0,1,0,0
1,1,1,61.0,0,1,42.0,0,0,0,33.0,0,1,0,1
1,0,0,43.0,0,1,31.0,0,0,1,29.0,0,2,1,1
1,1,1,79.0,0,1,30.0,0,0,1,14.0,0,5,1,0
1,1,1,34.0,0,1,33.0,0,0,1,26.0,0,4,1,1
1,1,1,16.0,0,1,26.0,0,0,0,26.0,0,1,0,0
1,1,1,43.0,1,1,25.0,0,0,0,24.0,0,1,0,0
1,0,1,71.0,1,0,45.0,0,0,0,29.0,1,6,0,1
1,1,1,51.0,0,1,26.5,0,0,1,26.5,0,2,1,1
1,1,1,41.0,1,1,39.0,0,0,0,33.0,0,2,0,0
1,1,1,48.0,1,1,22.0,0,0,0,21.0,0,1,0,1
1,0,1,32.0,0,1,32.0,0,0,0,32.0,0,4,0,1
1,1,1,62.0,0,1,32.0,0,0,1,28.0,0,1,1,1
1,1,1,82.0,1,1,30.8,0,0,0,30.8,0,1,0,1
1,1,1,147.0,1,1,34.0,0,0,0,25.0,0,1,0,0
1,1,0,52.0,0,1,26.0,0,0,0,26.0,0,1,0,1
1,1,1,67.0,1,1,26.0,0,0,0,26.0,0,1,0,0
1,1,1,82.0,1,1,29.86,0,0,0,29.13,0,1,0,1
1,1,0,50.0,0,1,39.0,0,0,0,32.0,0,4,0,1
1,1,1,84.0,1,1,12.6,0,0,0,12.4,0,1,0,0
1,1,1,160.0,1,1,38.0,0,0,0,32.0,0,2,0,0
1,1,1,99.0,1,1,19.0,0,0,0,17.0,0,1,0,0
1,1,1,59.0,0,0,34.0,0,0,0,23.0,1,2,0,0
1,1,1,63.0,1,1,26.42,1,0,1,25.85,0,1,1,1
1,1,1,29.0,1,1,46.0,0,0,0,31.0,0,2,0,1
1,1,0,159.0,1,1,11.4,0,0,0,7.4,0,1,0,0
1,1,0,999999.4,1,1,38.0,0,0,0,30.0,0,5,0,0
1,1,1,84.0,1,1,35.7,0,0,0,27.9,0,1,0,0
1,1,1,60.0,0,1,41.2,0,0,0,30.8,0,1,0,0
1,1,1,86.0,0,1,27.0,0,0,0,25.0,0,1,0,0
1,1,0,67.0,0,1,32.0,0,0,0,28.0,0,1,0,0
1,1,1,156.0,1,1,19.0,0,0,0,12.0,0,1,0,0
1,1,1,105.0,1,1,20.0,0,0,0,20.0,0,3,0,0
1,1,0,33.0,0,1,33.7,0,0,0,33.1,0,2,0,0
1,1,1,145.0,1,1,37.33,0,0,0,27.32,0,5,0,0
1,1,1,999999.4,1,1,36.69,0,0,0,25.83,0,2,0,0
1,1,0,77.0,1,1,31.49,0,0,0,21.93,0,6,0,0
1,1,1,74.0,1,1,34.0,0,0,1,23.0,0,1,1,0
1,0,1,65.0,1,1,31.0,0,0,0,27.0,0,2,0,0
1,1,1,240.0,1,1,18.0,0,0,0,1.0,0,2,0,1
1,1,1,73.0,0,1,39.0,0,0,1,27.0,0,1,1,1
2,1,1,86.0,1,1,30.0,0,1,0,9.0,0,2,0,1
1,1,1,35.0,0,1,37.0,0,0,0,27.0,0,1,0,1
1,0,1,52.0,1,0,27.0,0,0,1,25.0,0,5,1,1
1,0,1,34.0,0,1,51.0,0,1,0,41.0,0,1,0,1
1,1,1,20.0,1,1,44.0,0,0,0,44.0,0,1,0,0
1,0,1,48.0,1,0,47.0,0,0,0,33.0,1,5,0,0
1,1,0,67.0,0,1,24.0,0,0,0,19.0,0,5,0,0
1,1,1,63.0,1,1,32.0,0,0,0,17.0,0,1,0,1
1,1,1,85.0,1,1,32.0,0,0,0,31.0,0,1,0,1
1,1,0,75.0,0,1,28.0,0,0,0,22.0,0,2,0,0
1,1,1,45.0,1,1,31.0,0,0,1,25.0,0,1,1,0
1,0,0,27.0,0,1,31.0,0,0,0,29.0,0,5,0,0
1,1,1,118.0,1,1,33.0,0,0,0,14.0,0,5,0,1
1,1,1,24.0,0,1,33.0,0,0,1,31.0,0,1,1,0
1,0,1,43.0,0,1,27.0,0,0,0,23.0,0,4,0,1
1,1,1,56.0,0,1,38.39,1,0,1,25.56,0,1,1,0
1,1,1,72.0,1,1,17.6,0,0,0,17.3,0,1,0,0
1,1,1,55.0,1,1,36.0,0,0,0,24.0,0,5,0,0
1,1,1,146.0,1,0,39.0,0,0,0,16.0,0,4,0,1
1,1,1,51.0,1,1,39.0,0,0,0,28.0,0,2,0,0
1,0,0,34.0,0,0,39.03,0,0,0,27.72,0,6,0,1
1,1,1,35.0,0,1,33.0,0,0,0,28.0,0,1,0,1
1,1,1,83.0,1,1,32.6,0,0,1,26.9,0,1,1,0
1,1,1,66.0,1,1,38.0,0,0,0,23.0,0,1,0,1
1,1,1,102.0,1,1,36.0,0,0,0,35.0,0,1,0,0
1,0,1,95.0,1,0,23.0,0,0,0,18.0,1,2,0,1
1,1,0,100.0,1,1,32.0,0,0,1,22.0,0,5,1,0
1,1,1,75.0,0,1,30.0,0,0,0,23.0,0,5,0,0
1,1,1,102.0,1,1,28.0,0,0,0,28.0,0,1,0,0
1,1,1,67.0,0,1,37.0,0,0,0,26.0,0,2,0,1
1,1,1,202.0,1,0,37.0,0,0,0,28.42,0,2,0,0
1,0,1,42.0,1,0,59.0,1,1,1,24.0,0,3,1,1
1,1,0,87.0,0,1,56.0,0,0,0,30.0,0,1,0,0
1,1,1,85.0,0,1,8.0,0,0,0,6.0,0,1,0,1
1,0,0,23.0,0,1,32.0,0,0,1,31.0,0,1,1,1
1,1,1,78.0,1,1,37.0,0,0,0,21.0,0,3,0,1
1,1,1,50.0,0,1,24.03,0,0,0,23.5,0,1,0,0
1,0,1,161.0,1,0,31.89,0,0,0,18.41,1,5,0,0
1,1,1,72.0,1,1,31.9,0,0,0,29.3,0,6,0,1
1,1,1,170.0,1,1,17.0,0,0,0,13.0,0,3,0,1
1,1,1,120.0,1,1,34.0,0,0,0,25.0,0,2,0,1
1,0,0,39.0,0,0,44.0,0,0,0,32.0,1,6,0,1
1,1,1,81.0,0,1,32.0,0,0,0,21.0,0,1,0,1
1,0,0,24.0,0,1,37.0,0,0,1,27.0,0,4,1,1
1,1,1,288.0,0,1,37.0,0,0,0,30.0,0,1,0,0
2,1,1,792.0,1,1,10.0,0,0,0,6.0,0,1,0,1
1,1,1,999999.4,1,1,35.0,0,0,1,26.0,0,1,1,0
1,1,1,96.0,1,1,32.04,0,0,0,26.99,1,5,0,1
1,1,1,27.0,0,1,31.51,0,0,0,31.51,0,1,0,0
1,1,1,86.0,1,1,27.0,0,0,0,23.0,1,5,0,1
1,1,1,60.0,0,1,30.0,0,0,1,29.0,0,1,1,0
1,1,1,65.0,1,1,31.7,0,0,1,24.6,0,2,1,1
1,1,1,74.0,1,1,36.6,0,0,0,26.1,0,5,0,0
1,1,1,32.0,0,1,24.0,0,0,0,11.0,0,1,0,1
1,1,1,38.0,1,1,53.0,0,0,0,34.0,0,1,0,0
1,0,0,43.0,1,0,40.0,0,0,0,29.0,1,6,0,1
1,0,0,38.0,0,1,44.0,0,0,0,36.0,0,1,0,1
1,0,1,61.0,0,1,37.0,0,0,1,28.0,0,5,1,1
1,1,1,80.0,1,1,32.3,0,1,0,26.62,0,1,0,0
1,0,0,30.0,0,1,38.0,0,0,0,31.0,0,3,0,1
1,1,1,49.0,1,1,36.9,0,0,0,33.6,0,2,0,0
1,1,0,35.0,0,1,16.9,0,0,0,11.0,0,2,0,1
1,1,1,43.0,1,1,40.0,0,0,0,30.0,0,1,0,1
1,0,0,58.0,0,1,41.0,0,0,0,29.0,0,3,0,0
1,0,1,21.0,0,1,48.0,0,0,0,34.0,0,2,0,1
1,1,0,37.0,0,1,31.05,0,0,0,23.82,0,5,0,0
1,0,1,25.0,0,0,36.0,0,0,0,25.0,0,5,0,0
1,0,1,54.0,1,1,34.0,0,0,1,34.0,0,1,1,0
1,1,1,120.0,1,1,20.0,0,0,0,19.0,0,6,0,1
1,1,1,33.0,1,1,33.0,0,0,0,30.0,0,1,0,1
1,1,1,144.0,0,1,19.4,0,0,0,11.5,0,2,0,1
1,1,1,46.0,1,1,24.58,0,0,0,23.08,0,1,0,0
1,1,1,86.0,1,1,27.0,0,0,0,27.0,0,1,0,0
1,1,1,81.0,0,1,36.0,0,0,0,30.0,0,1,0,1
2,0,0,13.0,0,1,10.62,0,0,0,2.8,0,2,0,1
1,1,1,49.0,1,1,40.0,0,0,0,31.0,0,2,0,0
1,0,0,38.0,0,0,63.0,0,0,0,24.0,1,5,0,1
1,1,0,45.0,0,1,35.0,0,0,1,29.0,1,1,1,0
1,1,1,96.0,1,1,38.0,0,0,0,30.0,0,6,0,1
1,0,0,60.0,0,1,38.01,0,0,0,21.31,0,1,0,0
1,1,1,56.0,1,1,34.0,0,0,1,28.0,0,1,1,0
1,0,0,46.0,1,1,16.0,0,0,1,10.0,0,2,1,1
1,1,0,999999.4,0,1,38.0,0,0,0,33.0,0,3,0,1
1,1,1,89.0,0,1,27.0,0,0,0,18.0,0,1,0,0
1,1,1,201.0,1,1,19.27,0,0,0,18.824,0,2,0,1
1,1,1,48.0,1,1,36.0,0,0,0,26.0,0,2,0,0
1,1,1,69.0,1,1,32.4,0,0,0,26.5,0,5,0,0
1,0,0,100.0,0,1,42.0,0,0,0,33.0,1,3,0,0
1,1,1,64.0,1,1,29.8,0,0,1,19.9,0,5,1,0
1,1,1,65.0,1,1,36.0,0,0,0,35.0,0,1,0,0
1,1,0,74.0,0,1,24.0,0,0,1,19.7,0,1,1,1
1,1,1,101.0,1,1,33.72,0,0,0,28.91,0,4,0,0
1,1,1,61.0,1,1,38.9,0,0,1,27.1,0,5,1,0
1,1,1,52.0,0,1,35.0,0,0,0,31.0,0,6,0,1
1,1,1,93.0,0,1,36.0,0,0,1,22.0,0,1,1,0
1,1,1,17.0,0,1,75.0,0,0,0,29.0,0,1,0,0
1,1,1,49.0,1,1,33.0,0,0,0,32.0,0,1,0,1
1,1,1,42.0,1,1,31.4,1,0,1,22.85,0,1,1,1
1,1,1,50.0,1,1,31.0,0,1,1,30.0,0,1,1,0
1,1,1,61.0,0,1,42.0,0,0,0,30.0,1,2,0,1
1,1,1,52.0,1,1,28.0,0,0,0,27.0,0,2,0,0
1,1,1,21.0,0,1,22.0,0,0,0,9.01,0,1,0,0
1,1,1,120.0,1,1,37.0,0,0,0,16.0,0,1,0,0
1,0,1,870.0,1,1,5.6,0,0,0,5.3,0,6,0,0
1,1,1,52.0,1,1,28.0,0,0,0,24.0,0,1,0,0
1,0,0,50.0,1,1,36.5,0,0,0,22.5,0,6,0,1
1,1,1,51.0,1,1,39.0,0,0,1,31.0,0,3,1,0
1,1,1,65.0,1,1,69.2,0,0,0,53.6,0,1,0,1
1,1,1,62.0,1,1,37.0,0,0,1,28.0,0,1,1,0
1,1,1,55.0,1,1,34.0,0,0,1,26.0,0,2,1,0
1,1,1,53.0,1,0,34.0,0,1,0,31.0,0,6,0,0
1,1,0,71.0,0,1,27.0,0,0,0,26.0,0,1,0,0
2,1,1,33.0,0,1,33.0,0,0,0,25.0,0,1,0,1
1,0,1,52.0,0,1,38.0,0,0,1,28.0,0,5,1,1
1,1,1,28.0,1,1,33.0,0,0,0,21.0,1,6,0,1
1,1,1,104.0,1,1,33.0,0,0,1,28.0,0,1,1,0
1,1,1,117.0,1,1,39.8,0,0,0,31.2,0,2,0,0
1,0,0,999999.4,0,1,27.0,0,0,0,27.0,0,1,0,0
1,1,0,48.0,0,1,31.0,0,0,0,21.0,0,2,0,0
1,1,0,74.0,0,1,24.0,0,0,0,23.0,0,1,0,0
1,1,0,67.0,0,1,17.3,0,0,0,9.7,0,1,0,1
1,0,1,62.0,1,1,40.98,0,0,0,31.47,0,1,0,1
1,1,0,55.0,1,1,36.0,0,0,0,28.0,0,1,0,1
1,1,1,47.0,0,1,33.0,0,0,0,29.0,0,1,0,0
1,1,1,56.0,1,1,29.0,0,0,0,25.0,0,2,0,1
1,1,1,96.0,1,1,32.4,0,0,0,30.0,0,1,0,0
1,1,1,58.0,1,1,36.2,0,0,1,27.6,0,1,1,0
